responder_id,latitude,longitude,local_timestamp,timezone_status,source_row
342,34.7047517,32.5211433,2022-05-22T07:03:50.000000,NOT_SPECIFIED_IN_WORKBOOK,2
342,34.7047524,32.5211425,2022-05-22T07:03:54.000000,NOT_SPECIFIED_IN_WORKBOOK,3
342,34.7047783,32.5211517,2022-05-22T07:05:00.957000,NOT_SPECIFIED_IN_WORKBOOK,4
342,34.7047804,32.5211497,2022-05-22T07:05:09.905000,NOT_SPECIFIED_IN_WORKBOOK,5
342,34.7048476,32.5209472,2022-05-22T07:05:14.083000,NOT_SPECIFIED_IN_WORKBOOK,6
342,34.7048782,32.520891,2022-05-22T07:05:19.522000,NOT_SPECIFIED_IN_WORKBOOK,7
342,34.7049391,32.5206885,2022-05-22T07:05:26.205000,NOT_SPECIFIED_IN_WORKBOOK,8
342,34.7049601,32.520613,2022-05-22T07:05:28.592000,NOT_SPECIFIED_IN_WORKBOOK,9
342,34.7049682,32.5205889,2022-05-22T07:05:32.586000,NOT_SPECIFIED_IN_WORKBOOK,10
342,34.7049879,32.520581,2022-05-22T07:05:37.206000,NOT_SPECIFIED_IN_WORKBOOK,11
342,34.7050268,32.5205215,2022-05-22T07:05:41.886000,NOT_SPECIFIED_IN_WORKBOOK,12
342,34.7050464,32.5204551,2022-05-22T07:05:46.553000,NOT_SPECIFIED_IN_WORKBOOK,13
342,34.7050884,32.5203937,2022-05-22T07:05:51.092000,NOT_SPECIFIED_IN_WORKBOOK,14
342,34.7051356,32.5203775,2022-05-22T07:05:55.092000,NOT_SPECIFIED_IN_WORKBOOK,15
342,34.7051812,32.5203591,2022-05-22T07:05:59.706000,NOT_SPECIFIED_IN_WORKBOOK,16
342,34.7051958,32.5202936,2022-05-22T07:06:04.505000,NOT_SPECIFIED_IN_WORKBOOK,17
342,34.7052267,32.520258,2022-05-22T07:06:08.607000,NOT_SPECIFIED_IN_WORKBOOK,18
342,34.705237,32.520194,2022-05-22T07:06:14.241000,NOT_SPECIFIED_IN_WORKBOOK,19
342,34.7052542,32.5201834,2022-05-22T07:06:19.003000,NOT_SPECIFIED_IN_WORKBOOK,20
342,34.7052515,32.5201561,2022-05-22T07:06:24.866000,NOT_SPECIFIED_IN_WORKBOOK,21
342,34.7052421,32.5201746,2022-05-22T07:06:29.071000,NOT_SPECIFIED_IN_WORKBOOK,22
342,34.7052315,32.520175,2022-05-22T07:06:34.286000,NOT_SPECIFIED_IN_WORKBOOK,23
342,34.7052315,32.520175,2022-05-22T07:06:34.590000,NOT_SPECIFIED_IN_WORKBOOK,24
342,34.7052272,32.5201529,2022-05-22T07:06:38.569000,NOT_SPECIFIED_IN_WORKBOOK,25
342,34.7052275,32.5201626,2022-05-22T07:06:42.848000,NOT_SPECIFIED_IN_WORKBOOK,26
342,34.7052369,32.520171,2022-05-22T07:06:50.481000,NOT_SPECIFIED_IN_WORKBOOK,27
342,34.7052436,32.5201877,2022-05-22T07:06:55.057000,NOT_SPECIFIED_IN_WORKBOOK,28
342,34.7052466,32.5201672,2022-05-22T07:06:59.691000,NOT_SPECIFIED_IN_WORKBOOK,29
342,34.7052501,32.5201798,2022-05-22T07:07:04.148000,NOT_SPECIFIED_IN_WORKBOOK,30
342,34.7052511,32.5201846,2022-05-22T07:07:06.102000,NOT_SPECIFIED_IN_WORKBOOK,31
342,34.7052533,32.5201702,2022-05-22T07:07:10.252000,NOT_SPECIFIED_IN_WORKBOOK,32
342,34.7052577,32.520167,2022-05-22T07:07:14.786000,NOT_SPECIFIED_IN_WORKBOOK,33
342,34.7053425,32.520026,2022-05-22T07:07:20.053000,NOT_SPECIFIED_IN_WORKBOOK,34
342,34.7053993,32.5199261,2022-05-22T07:07:24.815000,NOT_SPECIFIED_IN_WORKBOOK,35
342,34.7054462,32.5198876,2022-05-22T07:07:28.993000,NOT_SPECIFIED_IN_WORKBOOK,36
342,34.7054823,32.5198611,2022-05-22T07:07:32.992000,NOT_SPECIFIED_IN_WORKBOOK,37
342,34.7055224,32.5198376,2022-05-22T07:07:37.161000,NOT_SPECIFIED_IN_WORKBOOK,38
342,34.7055653,32.5198329,2022-05-22T07:07:41.554000,NOT_SPECIFIED_IN_WORKBOOK,39
342,34.7056034,32.5198327,2022-05-22T07:07:45.576000,NOT_SPECIFIED_IN_WORKBOOK,40
342,34.7056156,32.519812,2022-05-22T07:07:50.031000,NOT_SPECIFIED_IN_WORKBOOK,41
342,34.7056482,32.5197836,2022-05-22T07:07:54.633000,NOT_SPECIFIED_IN_WORKBOOK,42
342,34.7056843,32.5197528,2022-05-22T07:08:00.147000,NOT_SPECIFIED_IN_WORKBOOK,43
342,34.7057191,32.5197034,2022-05-22T07:08:05.411000,NOT_SPECIFIED_IN_WORKBOOK,44
342,34.7057805,32.5196595,2022-05-22T07:08:17.114000,NOT_SPECIFIED_IN_WORKBOOK,45
342,34.7057671,32.5196869,2022-05-22T07:08:25.889000,NOT_SPECIFIED_IN_WORKBOOK,46
342,34.7057516,32.5196847,2022-05-22T07:08:30.147000,NOT_SPECIFIED_IN_WORKBOOK,47
342,34.7057532,32.5196849,2022-05-22T07:08:35.184000,NOT_SPECIFIED_IN_WORKBOOK,48
342,34.7057542,32.5196842,2022-05-22T07:08:39.863000,NOT_SPECIFIED_IN_WORKBOOK,49
342,34.7057678,32.5196637,2022-05-22T07:08:45.161000,NOT_SPECIFIED_IN_WORKBOOK,50
342,34.7057752,32.5196416,2022-05-22T07:08:50.139000,NOT_SPECIFIED_IN_WORKBOOK,51
342,34.7058135,32.5195905,2022-05-22T07:08:54.605000,NOT_SPECIFIED_IN_WORKBOOK,52
342,34.7058403,32.5195598,2022-05-22T07:08:59.585000,NOT_SPECIFIED_IN_WORKBOOK,53
342,34.7058781,32.5195497,2022-05-22T07:09:05.010000,NOT_SPECIFIED_IN_WORKBOOK,54
342,34.7059092,32.5195326,2022-05-22T07:09:09.401000,NOT_SPECIFIED_IN_WORKBOOK,55
342,34.7059431,32.5195113,2022-05-22T07:09:13.000000,NOT_SPECIFIED_IN_WORKBOOK,56
345,34.7329997,32.501028,2022-05-22T06:28:34.000000,NOT_SPECIFIED_IN_WORKBOOK,57
345,34.698928,32.5296342,2022-05-22T06:28:34.432000,NOT_SPECIFIED_IN_WORKBOOK,58
345,34.6987897,32.5294734,2022-05-22T06:28:38.473000,NOT_SPECIFIED_IN_WORKBOOK,59
345,34.6987832,32.5294548,2022-05-22T06:28:43.374000,NOT_SPECIFIED_IN_WORKBOOK,60
345,34.6987809,32.5294564,2022-05-22T06:28:47.379000,NOT_SPECIFIED_IN_WORKBOOK,61
345,34.6987812,32.5294566,2022-05-22T06:28:51.432000,NOT_SPECIFIED_IN_WORKBOOK,62
345,34.6987812,32.5294566,2022-05-22T06:28:56.347000,NOT_SPECIFIED_IN_WORKBOOK,63
345,34.6987812,32.5294566,2022-05-22T06:29:00.409000,NOT_SPECIFIED_IN_WORKBOOK,64
345,34.6987812,32.5294566,2022-05-22T06:29:05.379000,NOT_SPECIFIED_IN_WORKBOOK,65
345,34.6987812,32.5294566,2022-05-22T06:29:10.377000,NOT_SPECIFIED_IN_WORKBOOK,66
345,34.6987812,32.5294566,2022-05-22T06:29:14.417000,NOT_SPECIFIED_IN_WORKBOOK,67
345,34.6987812,32.5294566,2022-05-22T06:29:19.349000,NOT_SPECIFIED_IN_WORKBOOK,68
345,34.6987812,32.5294566,2022-05-22T06:29:23.365000,NOT_SPECIFIED_IN_WORKBOOK,69
345,34.6987812,32.5294566,2022-05-22T06:29:28.357000,NOT_SPECIFIED_IN_WORKBOOK,70
345,34.6987812,32.5294566,2022-05-22T06:29:32.366000,NOT_SPECIFIED_IN_WORKBOOK,71
345,34.6987812,32.5294566,2022-05-22T06:29:37.364000,NOT_SPECIFIED_IN_WORKBOOK,72
345,34.6987812,32.5294566,2022-05-22T06:29:41.352000,NOT_SPECIFIED_IN_WORKBOOK,73
345,34.6987812,32.5294566,2022-05-22T06:29:45.386000,NOT_SPECIFIED_IN_WORKBOOK,74
345,34.6987812,32.5294566,2022-05-22T06:29:50.392000,NOT_SPECIFIED_IN_WORKBOOK,75
345,34.6987812,32.5294566,2022-05-22T06:29:55.370000,NOT_SPECIFIED_IN_WORKBOOK,76
345,34.6987812,32.5294566,2022-05-22T06:29:59.400000,NOT_SPECIFIED_IN_WORKBOOK,77
345,34.6987812,32.5294566,2022-05-22T06:30:04.369000,NOT_SPECIFIED_IN_WORKBOOK,78
345,34.6988192,32.5294899,2022-05-22T06:30:11.356000,NOT_SPECIFIED_IN_WORKBOOK,79
345,34.6987778,32.5295186,2022-05-22T06:30:16.371000,NOT_SPECIFIED_IN_WORKBOOK,80
345,34.6987785,32.529519,2022-05-22T06:30:20.367000,NOT_SPECIFIED_IN_WORKBOOK,81
345,34.6987944,32.529503,2022-05-22T06:30:24.382000,NOT_SPECIFIED_IN_WORKBOOK,82
345,34.6987994,32.5295058,2022-05-22T06:30:29.364000,NOT_SPECIFIED_IN_WORKBOOK,83
345,34.6987995,32.5295038,2022-05-22T06:30:33.354000,NOT_SPECIFIED_IN_WORKBOOK,84
345,34.6987995,32.5295038,2022-05-22T06:30:37.390000,NOT_SPECIFIED_IN_WORKBOOK,85
345,34.6987995,32.5295038,2022-05-22T06:30:42.389000,NOT_SPECIFIED_IN_WORKBOOK,86
345,34.6987995,32.5295038,2022-05-22T06:30:46.387000,NOT_SPECIFIED_IN_WORKBOOK,87
345,34.6987995,32.5295038,2022-05-22T06:30:51.378000,NOT_SPECIFIED_IN_WORKBOOK,88
345,34.6988083,32.5294957,2022-05-22T06:30:56.404000,NOT_SPECIFIED_IN_WORKBOOK,89
345,34.6988081,32.5294958,2022-05-22T06:31:01.389000,NOT_SPECIFIED_IN_WORKBOOK,90
345,34.6988081,32.5294958,2022-05-22T06:31:06.374000,NOT_SPECIFIED_IN_WORKBOOK,91
345,34.6988429,32.5295085,2022-05-22T06:31:11.386000,NOT_SPECIFIED_IN_WORKBOOK,92
345,34.6988293,32.5295223,2022-05-22T06:31:16.405000,NOT_SPECIFIED_IN_WORKBOOK,93
345,34.698894,32.5294794,2022-05-22T06:31:20.442000,NOT_SPECIFIED_IN_WORKBOOK,94
345,34.6988218,32.5294905,2022-05-22T06:31:24.460000,NOT_SPECIFIED_IN_WORKBOOK,95
345,34.6988369,32.5294859,2022-05-22T06:31:28.444000,NOT_SPECIFIED_IN_WORKBOOK,96
345,34.6988368,32.5294847,2022-05-22T06:31:32.439000,NOT_SPECIFIED_IN_WORKBOOK,97
345,34.6988362,32.5294845,2022-05-22T06:31:36.483000,NOT_SPECIFIED_IN_WORKBOOK,98
345,34.6988193,32.5295117,2022-05-22T06:31:41.410000,NOT_SPECIFIED_IN_WORKBOOK,99
345,34.6988204,32.5295128,2022-05-22T06:31:45.467000,NOT_SPECIFIED_IN_WORKBOOK,100
345,34.6988207,32.5295129,2022-05-22T06:31:50.406000,NOT_SPECIFIED_IN_WORKBOOK,101
345,34.698815,32.529512,2022-05-22T06:31:55.401000,NOT_SPECIFIED_IN_WORKBOOK,102
345,34.6988143,32.5295098,2022-05-22T06:32:00.361000,NOT_SPECIFIED_IN_WORKBOOK,103
345,34.6988118,32.5295134,2022-05-22T06:32:04.380000,NOT_SPECIFIED_IN_WORKBOOK,104
345,34.698807,32.5295132,2022-05-22T06:32:08.615000,NOT_SPECIFIED_IN_WORKBOOK,105
345,34.6988081,32.5295081,2022-05-22T06:32:13.373000,NOT_SPECIFIED_IN_WORKBOOK,106
345,34.6988081,32.5295081,2022-05-22T06:32:17.383000,NOT_SPECIFIED_IN_WORKBOOK,107
345,34.6988081,32.5295081,2022-05-22T06:32:22.404000,NOT_SPECIFIED_IN_WORKBOOK,108
345,34.6988081,32.5295081,2022-05-22T06:32:26.370000,NOT_SPECIFIED_IN_WORKBOOK,109
345,34.6988081,32.5295081,2022-05-22T06:32:30.377000,NOT_SPECIFIED_IN_WORKBOOK,110
345,34.6988081,32.5295081,2022-05-22T06:32:34.362000,NOT_SPECIFIED_IN_WORKBOOK,111
345,34.6988175,32.5294989,2022-05-22T06:32:39.356000,NOT_SPECIFIED_IN_WORKBOOK,112
345,34.6988376,32.5294955,2022-05-22T06:32:43.373000,NOT_SPECIFIED_IN_WORKBOOK,113
345,34.6988405,32.5294972,2022-05-22T06:32:48.399000,NOT_SPECIFIED_IN_WORKBOOK,114
345,34.6988405,32.5294972,2022-05-22T06:32:53.398000,NOT_SPECIFIED_IN_WORKBOOK,115
345,34.6988405,32.5294972,2022-05-22T06:32:58.387000,NOT_SPECIFIED_IN_WORKBOOK,116
345,34.6988388,32.5295006,2022-05-22T06:33:02.388000,NOT_SPECIFIED_IN_WORKBOOK,117
345,34.6988516,32.5295246,2022-05-22T06:33:07.359000,NOT_SPECIFIED_IN_WORKBOOK,118
345,34.6988378,32.529511,2022-05-22T06:33:11.385000,NOT_SPECIFIED_IN_WORKBOOK,119
345,34.6988187,32.5294895,2022-05-22T06:33:15.944000,NOT_SPECIFIED_IN_WORKBOOK,120
345,34.6988157,32.5294916,2022-05-22T06:33:20.390000,NOT_SPECIFIED_IN_WORKBOOK,121
345,34.6988116,32.5294897,2022-05-22T06:33:24.388000,NOT_SPECIFIED_IN_WORKBOOK,122
345,34.6988103,32.5294895,2022-05-22T06:33:29.389000,NOT_SPECIFIED_IN_WORKBOOK,123
345,34.6988096,32.5294891,2022-05-22T06:33:34.379000,NOT_SPECIFIED_IN_WORKBOOK,124
345,34.698808,32.5294905,2022-05-22T06:33:38.371000,NOT_SPECIFIED_IN_WORKBOOK,125
345,34.698812,32.529491,2022-05-22T06:33:42.392000,NOT_SPECIFIED_IN_WORKBOOK,126
345,34.698812,32.529491,2022-05-22T06:33:47.378000,NOT_SPECIFIED_IN_WORKBOOK,127
345,34.6988061,32.5294913,2022-05-22T06:33:51.555000,NOT_SPECIFIED_IN_WORKBOOK,128
345,34.6988062,32.5294911,2022-05-22T06:33:56.381000,NOT_SPECIFIED_IN_WORKBOOK,129
345,34.6988073,32.5294908,2022-05-22T06:34:01.362000,NOT_SPECIFIED_IN_WORKBOOK,130
345,34.6988081,32.5294912,2022-05-22T06:34:06.382000,NOT_SPECIFIED_IN_WORKBOOK,131
345,34.6988069,32.52949,2022-05-22T06:34:10.731000,NOT_SPECIFIED_IN_WORKBOOK,132
345,34.6988075,32.5294938,2022-05-22T06:34:15.384000,NOT_SPECIFIED_IN_WORKBOOK,133
345,34.6988106,32.5294962,2022-05-22T06:34:19.396000,NOT_SPECIFIED_IN_WORKBOOK,134
345,34.6988119,32.5294963,2022-05-22T06:34:24.381000,NOT_SPECIFIED_IN_WORKBOOK,135
345,34.6988123,32.5294957,2022-05-22T06:34:28.386000,NOT_SPECIFIED_IN_WORKBOOK,136
345,34.698812,32.529491,2022-05-22T06:34:33.376000,NOT_SPECIFIED_IN_WORKBOOK,137
345,34.698812,32.529491,2022-05-22T06:34:38.378000,NOT_SPECIFIED_IN_WORKBOOK,138
345,34.6988256,32.5294977,2022-05-22T06:34:43.486000,NOT_SPECIFIED_IN_WORKBOOK,139
345,34.6988315,32.5294321,2022-05-22T06:34:48.472000,NOT_SPECIFIED_IN_WORKBOOK,140
345,34.6988315,32.5294323,2022-05-22T06:34:52.470000,NOT_SPECIFIED_IN_WORKBOOK,141
345,34.6988315,32.5294323,2022-05-22T06:34:57.419000,NOT_SPECIFIED_IN_WORKBOOK,142
345,34.6988315,32.5294323,2022-05-22T06:35:01.482000,NOT_SPECIFIED_IN_WORKBOOK,143
345,34.6988211,32.5294404,2022-05-22T06:35:05.497000,NOT_SPECIFIED_IN_WORKBOOK,144
345,34.6988277,32.529445,2022-05-22T06:35:10.453000,NOT_SPECIFIED_IN_WORKBOOK,145
345,34.698822,32.5294509,2022-05-22T06:35:14.472000,NOT_SPECIFIED_IN_WORKBOOK,146
345,34.6988207,32.5294536,2022-05-22T06:35:19.430000,NOT_SPECIFIED_IN_WORKBOOK,147
345,34.698821,32.5294537,2022-05-22T06:35:24.420000,NOT_SPECIFIED_IN_WORKBOOK,148
345,34.698821,32.5294537,2022-05-22T06:35:28.408000,NOT_SPECIFIED_IN_WORKBOOK,149
345,34.698819,32.5294498,2022-05-22T06:35:32.476000,NOT_SPECIFIED_IN_WORKBOOK,150
345,34.6988264,32.5294603,2022-05-22T06:35:36.486000,NOT_SPECIFIED_IN_WORKBOOK,151
345,34.6988341,32.5294569,2022-05-22T06:35:41.474000,NOT_SPECIFIED_IN_WORKBOOK,152
345,34.6988336,32.5294571,2022-05-22T06:35:46.475000,NOT_SPECIFIED_IN_WORKBOOK,153
345,34.6988226,32.5294409,2022-05-22T06:35:51.460000,NOT_SPECIFIED_IN_WORKBOOK,154
345,34.6988157,32.5294532,2022-05-22T06:35:55.485000,NOT_SPECIFIED_IN_WORKBOOK,155
345,34.6988157,32.5294532,2022-05-22T06:36:00.490000,NOT_SPECIFIED_IN_WORKBOOK,156
345,34.698809,32.5294536,2022-05-22T06:36:05.465000,NOT_SPECIFIED_IN_WORKBOOK,157
345,34.6988094,32.5294536,2022-05-22T06:36:09.467000,NOT_SPECIFIED_IN_WORKBOOK,158
345,34.6988096,32.5294536,2022-05-22T06:36:14.454000,NOT_SPECIFIED_IN_WORKBOOK,159
345,34.6988096,32.5294536,2022-05-22T06:36:18.481000,NOT_SPECIFIED_IN_WORKBOOK,160
345,34.6988096,32.5294536,2022-05-22T06:36:23.467000,NOT_SPECIFIED_IN_WORKBOOK,161
345,34.6987994,32.5294683,2022-05-22T06:36:27.506000,NOT_SPECIFIED_IN_WORKBOOK,162
345,34.6987987,32.5294718,2022-05-22T06:36:32.466000,NOT_SPECIFIED_IN_WORKBOOK,163
345,34.6987987,32.5294718,2022-05-22T06:36:37.450000,NOT_SPECIFIED_IN_WORKBOOK,164
345,34.6987987,32.5294718,2022-05-22T06:36:41.521000,NOT_SPECIFIED_IN_WORKBOOK,165
345,34.6988124,32.5294628,2022-05-22T06:36:46.451000,NOT_SPECIFIED_IN_WORKBOOK,166
345,34.6988124,32.5294628,2022-05-22T06:36:50.453000,NOT_SPECIFIED_IN_WORKBOOK,167
345,34.6988291,32.5294875,2022-05-22T06:36:54.476000,NOT_SPECIFIED_IN_WORKBOOK,168
345,34.6988675,32.5295257,2022-05-22T06:36:59.501000,NOT_SPECIFIED_IN_WORKBOOK,169
345,34.6989229,32.5295661,2022-05-22T06:37:04.475000,NOT_SPECIFIED_IN_WORKBOOK,170
345,34.6989678,32.5295772,2022-05-22T06:37:09.426000,NOT_SPECIFIED_IN_WORKBOOK,171
345,34.6990337,32.529573,2022-05-22T06:37:14.393000,NOT_SPECIFIED_IN_WORKBOOK,172
345,34.6990956,32.5295618,2022-05-22T06:37:19.368000,NOT_SPECIFIED_IN_WORKBOOK,173
345,34.6991331,32.5295512,2022-05-22T06:37:23.351000,NOT_SPECIFIED_IN_WORKBOOK,174
345,34.6991192,32.5295486,2022-05-22T06:37:27.413000,NOT_SPECIFIED_IN_WORKBOOK,175
345,34.6991079,32.5295534,2022-05-22T06:37:31.426000,NOT_SPECIFIED_IN_WORKBOOK,176
345,34.6990883,32.5295332,2022-05-22T06:37:36.377000,NOT_SPECIFIED_IN_WORKBOOK,177
345,34.6990199,32.5295211,2022-05-22T06:37:40.439000,NOT_SPECIFIED_IN_WORKBOOK,178
345,34.6989491,32.5295331,2022-05-22T06:37:45.409000,NOT_SPECIFIED_IN_WORKBOOK,179
345,34.6989034,32.529533,2022-05-22T06:37:49.483000,NOT_SPECIFIED_IN_WORKBOOK,180
345,34.6988391,32.5295156,2022-05-22T06:37:54.454000,NOT_SPECIFIED_IN_WORKBOOK,181
345,34.6988254,32.5295044,2022-05-22T06:37:59.462000,NOT_SPECIFIED_IN_WORKBOOK,182
345,34.6988286,32.5295061,2022-05-22T06:38:04.408000,NOT_SPECIFIED_IN_WORKBOOK,183
345,34.698829,32.5295061,2022-05-22T06:38:08.489000,NOT_SPECIFIED_IN_WORKBOOK,184
345,34.6988227,32.5295041,2022-05-22T06:38:12.501000,NOT_SPECIFIED_IN_WORKBOOK,185
345,34.6988227,32.529504,2022-05-22T06:38:17.472000,NOT_SPECIFIED_IN_WORKBOOK,186
345,34.6988228,32.529504,2022-05-22T06:38:22.382000,NOT_SPECIFIED_IN_WORKBOOK,187
345,34.6988228,32.529504,2022-05-22T06:38:26.445000,NOT_SPECIFIED_IN_WORKBOOK,188
345,34.6988228,32.529504,2022-05-22T06:38:31.477000,NOT_SPECIFIED_IN_WORKBOOK,189
345,34.6988228,32.529504,2022-05-22T06:38:36.407000,NOT_SPECIFIED_IN_WORKBOOK,190
345,34.6988228,32.529504,2022-05-22T06:38:40.473000,NOT_SPECIFIED_IN_WORKBOOK,191
345,34.6988228,32.529504,2022-05-22T06:38:45.468000,NOT_SPECIFIED_IN_WORKBOOK,192
345,34.6988228,32.529504,2022-05-22T06:38:49.462000,NOT_SPECIFIED_IN_WORKBOOK,193
345,34.6988228,32.529504,2022-05-22T06:38:54.433000,NOT_SPECIFIED_IN_WORKBOOK,194
345,34.6988228,32.529504,2022-05-22T06:38:58.416000,NOT_SPECIFIED_IN_WORKBOOK,195
345,34.6988228,32.529504,2022-05-22T06:39:02.489000,NOT_SPECIFIED_IN_WORKBOOK,196
345,34.6988228,32.529504,2022-05-22T06:39:07.503000,NOT_SPECIFIED_IN_WORKBOOK,197
345,34.6988228,32.529504,2022-05-22T06:39:12.490000,NOT_SPECIFIED_IN_WORKBOOK,198
345,34.6988228,32.529504,2022-05-22T06:39:16.530000,NOT_SPECIFIED_IN_WORKBOOK,199
345,34.6988228,32.529504,2022-05-22T06:39:21.423000,NOT_SPECIFIED_IN_WORKBOOK,200
345,34.6988228,32.529504,2022-05-22T06:39:25.372000,NOT_SPECIFIED_IN_WORKBOOK,201
345,34.6988228,32.529504,2022-05-22T06:39:30.355000,NOT_SPECIFIED_IN_WORKBOOK,202
345,34.6988172,32.5294901,2022-05-22T06:39:34.403000,NOT_SPECIFIED_IN_WORKBOOK,203
345,34.6988205,32.5294854,2022-05-22T06:39:38.388000,NOT_SPECIFIED_IN_WORKBOOK,204
345,34.6988091,32.5294956,2022-05-22T06:39:42.410000,NOT_SPECIFIED_IN_WORKBOOK,205
345,34.6988084,32.5294989,2022-05-22T06:39:47.387000,NOT_SPECIFIED_IN_WORKBOOK,206
345,34.6988084,32.5294989,2022-05-22T06:39:52.383000,NOT_SPECIFIED_IN_WORKBOOK,207
345,34.6988084,32.5294989,2022-05-22T06:39:56.401000,NOT_SPECIFIED_IN_WORKBOOK,208
345,34.6988084,32.5294989,2022-05-22T06:40:00.417000,NOT_SPECIFIED_IN_WORKBOOK,209
345,34.6988084,32.5294989,2022-05-22T06:40:05.377000,NOT_SPECIFIED_IN_WORKBOOK,210
345,34.6988084,32.5294989,2022-05-22T06:40:10.379000,NOT_SPECIFIED_IN_WORKBOOK,211
345,34.6988084,32.5294989,2022-05-22T06:40:14.374000,NOT_SPECIFIED_IN_WORKBOOK,212
345,34.6988084,32.5294989,2022-05-22T06:40:18.412000,NOT_SPECIFIED_IN_WORKBOOK,213
345,34.6988084,32.5294989,2022-05-22T06:40:23.399000,NOT_SPECIFIED_IN_WORKBOOK,214
345,34.6988138,32.5294903,2022-05-22T06:40:28.378000,NOT_SPECIFIED_IN_WORKBOOK,215
345,34.6988207,32.5294746,2022-05-22T06:40:33.396000,NOT_SPECIFIED_IN_WORKBOOK,216
345,34.6988282,32.5294658,2022-05-22T06:40:38.395000,NOT_SPECIFIED_IN_WORKBOOK,217
345,34.6988176,32.5294666,2022-05-22T06:40:42.390000,NOT_SPECIFIED_IN_WORKBOOK,218
345,34.6988016,32.5294344,2022-05-22T06:40:46.397000,NOT_SPECIFIED_IN_WORKBOOK,219
345,34.6987781,32.5294201,2022-05-22T06:40:50.413000,NOT_SPECIFIED_IN_WORKBOOK,220
345,34.698735,32.529384,2022-05-22T06:40:55.384000,NOT_SPECIFIED_IN_WORKBOOK,221
345,34.6986755,32.5293672,2022-05-22T06:40:59.412000,NOT_SPECIFIED_IN_WORKBOOK,222
345,34.6986296,32.5293673,2022-05-22T06:41:04.409000,NOT_SPECIFIED_IN_WORKBOOK,223
345,34.698572,32.5293377,2022-05-22T06:41:08.385000,NOT_SPECIFIED_IN_WORKBOOK,224
345,34.6985329,32.5293202,2022-05-22T06:41:13.797000,NOT_SPECIFIED_IN_WORKBOOK,225
345,34.6985163,32.5293241,2022-05-22T06:41:18.449000,NOT_SPECIFIED_IN_WORKBOOK,226
345,34.6985277,32.5293174,2022-05-22T06:41:23.491000,NOT_SPECIFIED_IN_WORKBOOK,227
345,34.698544,32.5293171,2022-05-22T06:41:28.456000,NOT_SPECIFIED_IN_WORKBOOK,228
345,34.6985463,32.529319,2022-05-22T06:41:33.492000,NOT_SPECIFIED_IN_WORKBOOK,229
345,34.6985481,32.5293223,2022-05-22T06:41:38.455000,NOT_SPECIFIED_IN_WORKBOOK,230
345,34.6985477,32.5293229,2022-05-22T06:41:42.484000,NOT_SPECIFIED_IN_WORKBOOK,231
345,34.6985408,32.5293287,2022-05-22T06:41:46.488000,NOT_SPECIFIED_IN_WORKBOOK,232
345,34.6985376,32.5293672,2022-05-22T06:41:50.490000,NOT_SPECIFIED_IN_WORKBOOK,233
345,34.6985259,32.5293811,2022-05-22T06:41:55.437000,NOT_SPECIFIED_IN_WORKBOOK,234
345,34.6985173,32.5293798,2022-05-22T06:41:59.463000,NOT_SPECIFIED_IN_WORKBOOK,235
345,34.6984898,32.5294295,2022-05-22T06:42:04.456000,NOT_SPECIFIED_IN_WORKBOOK,236
345,34.6984598,32.5294836,2022-05-22T06:42:09.409000,NOT_SPECIFIED_IN_WORKBOOK,237
345,34.6984276,32.5295172,2022-05-22T06:42:13.395000,NOT_SPECIFIED_IN_WORKBOOK,238
345,34.6983888,32.5295569,2022-05-22T06:42:17.454000,NOT_SPECIFIED_IN_WORKBOOK,239
345,34.6983701,32.5296052,2022-05-22T06:42:21.490000,NOT_SPECIFIED_IN_WORKBOOK,240
345,34.6983421,32.5296759,2022-05-22T06:42:26.509000,NOT_SPECIFIED_IN_WORKBOOK,241
345,34.6983153,32.529713,2022-05-22T06:42:30.482000,NOT_SPECIFIED_IN_WORKBOOK,242
345,34.6982741,32.5297641,2022-05-22T06:42:35.444000,NOT_SPECIFIED_IN_WORKBOOK,243
345,34.6982493,32.5297982,2022-05-22T06:42:39.462000,NOT_SPECIFIED_IN_WORKBOOK,244
345,34.6982199,32.5298464,2022-05-22T06:42:43.452000,NOT_SPECIFIED_IN_WORKBOOK,245
345,34.6981841,32.5298973,2022-05-22T06:42:47.498000,NOT_SPECIFIED_IN_WORKBOOK,246
345,34.698173,32.5299596,2022-05-22T06:42:52.483000,NOT_SPECIFIED_IN_WORKBOOK,247
345,34.6981532,32.5300305,2022-05-22T06:42:56.455000,NOT_SPECIFIED_IN_WORKBOOK,248
345,34.6981219,32.5300788,2022-05-22T06:43:01.466000,NOT_SPECIFIED_IN_WORKBOOK,249
345,34.6980966,32.530118,2022-05-22T06:43:05.457000,NOT_SPECIFIED_IN_WORKBOOK,250
345,34.6980666,32.5301768,2022-05-22T06:43:10.502000,NOT_SPECIFIED_IN_WORKBOOK,251
345,34.6980527,32.5302166,2022-05-22T06:43:14.497000,NOT_SPECIFIED_IN_WORKBOOK,252
345,34.6980257,32.5302672,2022-05-22T06:43:19.479000,NOT_SPECIFIED_IN_WORKBOOK,253
345,34.6980146,32.5303104,2022-05-22T06:43:23.473000,NOT_SPECIFIED_IN_WORKBOOK,254
345,34.698001,32.5303582,2022-05-22T06:43:27.481000,NOT_SPECIFIED_IN_WORKBOOK,255
345,34.6979948,32.5304294,2022-05-22T06:43:32.486000,NOT_SPECIFIED_IN_WORKBOOK,256
345,34.6979967,32.5304978,2022-05-22T06:43:37.461000,NOT_SPECIFIED_IN_WORKBOOK,257
345,34.6979941,32.5305504,2022-05-22T06:43:42.450000,NOT_SPECIFIED_IN_WORKBOOK,258
345,34.697956,32.5306032,2022-05-22T06:43:46.476000,NOT_SPECIFIED_IN_WORKBOOK,259
345,34.6979177,32.5306396,2022-05-22T06:43:51.474000,NOT_SPECIFIED_IN_WORKBOOK,260
345,34.6978931,32.5306969,2022-05-22T06:43:56.418000,NOT_SPECIFIED_IN_WORKBOOK,261
345,34.6978914,32.5307134,2022-05-22T06:44:00.502000,NOT_SPECIFIED_IN_WORKBOOK,262
345,34.6978913,32.5307134,2022-05-22T06:44:05.402000,NOT_SPECIFIED_IN_WORKBOOK,263
345,34.6978895,32.5307405,2022-05-22T06:44:09.474000,NOT_SPECIFIED_IN_WORKBOOK,264
345,34.6978913,32.5307665,2022-05-22T06:44:13.475000,NOT_SPECIFIED_IN_WORKBOOK,265
345,34.6979032,32.530804,2022-05-22T06:44:17.492000,NOT_SPECIFIED_IN_WORKBOOK,266
345,34.6979262,32.5308314,2022-05-22T06:44:22.458000,NOT_SPECIFIED_IN_WORKBOOK,267
345,34.6979255,32.5308444,2022-05-22T06:44:26.491000,NOT_SPECIFIED_IN_WORKBOOK,268
345,34.6979299,32.5308567,2022-05-22T06:44:31.386000,NOT_SPECIFIED_IN_WORKBOOK,269
345,34.6979407,32.5308493,2022-05-22T06:44:35.406000,NOT_SPECIFIED_IN_WORKBOOK,270
345,34.6979582,32.5308401,2022-05-22T06:44:40.405000,NOT_SPECIFIED_IN_WORKBOOK,271
345,34.6979537,32.5308527,2022-05-22T06:44:44.439000,NOT_SPECIFIED_IN_WORKBOOK,272
345,34.6979506,32.5308633,2022-05-22T06:44:49.403000,NOT_SPECIFIED_IN_WORKBOOK,273
345,34.6979867,32.5309307,2022-05-22T06:44:54.453000,NOT_SPECIFIED_IN_WORKBOOK,274
345,34.6979829,32.5309397,2022-05-22T06:44:59.392000,NOT_SPECIFIED_IN_WORKBOOK,275
345,34.6980051,32.5309965,2022-05-22T06:45:03.436000,NOT_SPECIFIED_IN_WORKBOOK,276
345,34.6980061,32.5310849,2022-05-22T06:45:08.369000,NOT_SPECIFIED_IN_WORKBOOK,277
345,34.6980099,32.5311576,2022-05-22T06:45:13.423000,NOT_SPECIFIED_IN_WORKBOOK,278
345,34.698006,32.5312232,2022-05-22T06:45:17.470000,NOT_SPECIFIED_IN_WORKBOOK,279
345,34.6979976,32.5312954,2022-05-22T06:45:22.414000,NOT_SPECIFIED_IN_WORKBOOK,280
345,34.6979987,32.5313608,2022-05-22T06:45:26.432000,NOT_SPECIFIED_IN_WORKBOOK,281
345,34.6979886,32.5314376,2022-05-22T06:45:31.423000,NOT_SPECIFIED_IN_WORKBOOK,282
345,34.6979757,32.5314925,2022-05-22T06:45:35.443000,NOT_SPECIFIED_IN_WORKBOOK,283
345,34.697975,32.531581,2022-05-22T06:45:40.409000,NOT_SPECIFIED_IN_WORKBOOK,284
345,34.697958,32.5316414,2022-05-22T06:45:45.394000,NOT_SPECIFIED_IN_WORKBOOK,285
345,34.6979621,32.5316805,2022-05-22T06:45:49.437000,NOT_SPECIFIED_IN_WORKBOOK,286
345,34.6979891,32.5317393,2022-05-22T06:45:54.433000,NOT_SPECIFIED_IN_WORKBOOK,287
345,34.6980235,32.5317922,2022-05-22T06:45:59.461000,NOT_SPECIFIED_IN_WORKBOOK,288
345,34.6980622,32.5318429,2022-05-22T06:46:04.393000,NOT_SPECIFIED_IN_WORKBOOK,289
345,34.6980927,32.5318751,2022-05-22T06:46:08.426000,NOT_SPECIFIED_IN_WORKBOOK,290
345,34.6981241,32.5319074,2022-05-22T06:46:12.481000,NOT_SPECIFIED_IN_WORKBOOK,291
345,34.6981462,32.5319325,2022-05-22T06:46:17.421000,NOT_SPECIFIED_IN_WORKBOOK,292
345,34.698159,32.5319349,2022-05-22T06:46:22.421000,NOT_SPECIFIED_IN_WORKBOOK,293
345,34.698158,32.5319342,2022-05-22T06:46:27.439000,NOT_SPECIFIED_IN_WORKBOOK,294
345,34.698182,32.5319386,2022-05-22T06:46:31.458000,NOT_SPECIFIED_IN_WORKBOOK,295
345,34.6981909,32.5319273,2022-05-22T06:46:36.408000,NOT_SPECIFIED_IN_WORKBOOK,296
345,34.6982247,32.5319535,2022-05-22T06:46:40.471000,NOT_SPECIFIED_IN_WORKBOOK,297
345,34.6982697,32.5320248,2022-05-22T06:46:45.000000,NOT_SPECIFIED_IN_WORKBOOK,298
345,34.6982682,32.5320447,2022-05-22T06:46:50.000000,NOT_SPECIFIED_IN_WORKBOOK,299
345,34.6982867,32.5320387,2022-05-22T06:46:55.438000,NOT_SPECIFIED_IN_WORKBOOK,300
345,34.6983337,32.5320976,2022-05-22T06:47:00.413000,NOT_SPECIFIED_IN_WORKBOOK,301
345,34.6983517,32.5321359,2022-05-22T06:47:04.000000,NOT_SPECIFIED_IN_WORKBOOK,302
345,34.6983474,32.5321784,2022-05-22T06:47:09.427000,NOT_SPECIFIED_IN_WORKBOOK,303
345,34.6983498,32.5321838,2022-05-22T06:47:13.391000,NOT_SPECIFIED_IN_WORKBOOK,304
345,34.6983733,32.5322207,2022-05-22T06:47:17.458000,NOT_SPECIFIED_IN_WORKBOOK,305
345,34.6983858,32.5322688,2022-05-22T06:47:22.443000,NOT_SPECIFIED_IN_WORKBOOK,306
345,34.698418,32.5323109,2022-05-22T06:47:27.354000,NOT_SPECIFIED_IN_WORKBOOK,307
345,34.6984391,32.5323249,2022-05-22T06:47:31.395000,NOT_SPECIFIED_IN_WORKBOOK,308
345,34.6984845,32.5323582,2022-05-22T06:47:35.000000,NOT_SPECIFIED_IN_WORKBOOK,309
345,34.6984955,32.5323295,2022-05-22T06:47:39.439000,NOT_SPECIFIED_IN_WORKBOOK,310
345,34.6984833,32.5322891,2022-05-22T06:47:43.409000,NOT_SPECIFIED_IN_WORKBOOK,311
345,34.6984714,32.5322912,2022-05-22T06:47:47.472000,NOT_SPECIFIED_IN_WORKBOOK,312
345,34.6984703,32.5322923,2022-05-22T06:47:52.407000,NOT_SPECIFIED_IN_WORKBOOK,313
345,34.6984711,32.5322897,2022-05-22T06:47:56.450000,NOT_SPECIFIED_IN_WORKBOOK,314
345,34.6984678,32.5322919,2022-05-22T06:48:01.415000,NOT_SPECIFIED_IN_WORKBOOK,315
345,34.6984734,32.532283,2022-05-22T06:48:06.410000,NOT_SPECIFIED_IN_WORKBOOK,316
345,34.6984734,32.532283,2022-05-22T06:48:10.425000,NOT_SPECIFIED_IN_WORKBOOK,317
345,34.6984734,32.532283,2022-05-22T06:48:15.401000,NOT_SPECIFIED_IN_WORKBOOK,318
345,34.6984734,32.532283,2022-05-22T06:48:19.422000,NOT_SPECIFIED_IN_WORKBOOK,319
345,34.6984734,32.532283,2022-05-22T06:48:23.425000,NOT_SPECIFIED_IN_WORKBOOK,320
345,34.6984686,32.5322848,2022-05-22T06:48:27.426000,NOT_SPECIFIED_IN_WORKBOOK,321
345,34.6984628,32.5323063,2022-05-22T06:48:32.445000,NOT_SPECIFIED_IN_WORKBOOK,322
345,34.6984883,32.5323414,2022-05-22T06:48:37.441000,NOT_SPECIFIED_IN_WORKBOOK,323
345,34.698478,32.5323445,2022-05-22T06:48:41.423000,NOT_SPECIFIED_IN_WORKBOOK,324
345,34.6984701,32.5322931,2022-05-22T06:48:46.383000,NOT_SPECIFIED_IN_WORKBOOK,325
345,34.6984604,32.5322599,2022-05-22T06:48:50.400000,NOT_SPECIFIED_IN_WORKBOOK,326
345,34.6984699,32.5322154,2022-05-22T06:48:55.462000,NOT_SPECIFIED_IN_WORKBOOK,327
345,34.6984797,32.5321795,2022-05-22T06:49:00.423000,NOT_SPECIFIED_IN_WORKBOOK,328
345,34.6985072,32.5321789,2022-05-22T06:49:05.405000,NOT_SPECIFIED_IN_WORKBOOK,329
345,34.6985043,32.5321915,2022-05-22T06:49:10.471000,NOT_SPECIFIED_IN_WORKBOOK,330
345,34.698504,32.5321914,2022-05-22T06:49:15.415000,NOT_SPECIFIED_IN_WORKBOOK,331
345,34.6985059,32.5321897,2022-05-22T06:49:19.465000,NOT_SPECIFIED_IN_WORKBOOK,332
345,34.6985239,32.532182,2022-05-22T06:49:24.454000,NOT_SPECIFIED_IN_WORKBOOK,333
345,34.6985205,32.5321972,2022-05-22T06:49:29.408000,NOT_SPECIFIED_IN_WORKBOOK,334
345,34.6985176,32.5321979,2022-05-22T06:49:33.432000,NOT_SPECIFIED_IN_WORKBOOK,335
345,34.6985017,32.5322169,2022-05-22T06:49:38.403000,NOT_SPECIFIED_IN_WORKBOOK,336
345,34.6984912,32.5322227,2022-05-22T06:49:42.420000,NOT_SPECIFIED_IN_WORKBOOK,337
345,34.6984931,32.5322212,2022-05-22T06:49:46.453000,NOT_SPECIFIED_IN_WORKBOOK,338
345,34.698486,32.5322097,2022-05-22T06:49:51.403000,NOT_SPECIFIED_IN_WORKBOOK,339
345,34.6984869,32.5322096,2022-05-22T06:49:55.433000,NOT_SPECIFIED_IN_WORKBOOK,340
345,34.6984853,32.5322103,2022-05-22T06:50:00.408000,NOT_SPECIFIED_IN_WORKBOOK,341
345,34.6984854,32.5322101,2022-05-22T06:50:04.448000,NOT_SPECIFIED_IN_WORKBOOK,342
345,34.6984945,32.5322113,2022-05-22T06:50:09.433000,NOT_SPECIFIED_IN_WORKBOOK,343
345,34.6984929,32.5322129,2022-05-22T06:50:13.410000,NOT_SPECIFIED_IN_WORKBOOK,344
345,34.6984752,32.5322212,2022-05-22T06:50:17.434000,NOT_SPECIFIED_IN_WORKBOOK,345
345,34.6984579,32.5322405,2022-05-22T06:50:22.460000,NOT_SPECIFIED_IN_WORKBOOK,346
345,34.6984414,32.5322795,2022-05-22T06:50:27.427000,NOT_SPECIFIED_IN_WORKBOOK,347
345,34.6984491,32.5323094,2022-05-22T06:50:32.462000,NOT_SPECIFIED_IN_WORKBOOK,348
345,34.698459,32.5323095,2022-05-22T06:50:36.458000,NOT_SPECIFIED_IN_WORKBOOK,349
345,34.6984555,32.5323293,2022-05-22T06:50:41.427000,NOT_SPECIFIED_IN_WORKBOOK,350
345,34.6984718,32.5323824,2022-05-22T06:50:46.431000,NOT_SPECIFIED_IN_WORKBOOK,351
345,34.6984925,32.5324456,2022-05-22T06:50:51.437000,NOT_SPECIFIED_IN_WORKBOOK,352
345,34.6985082,32.5324771,2022-05-22T06:50:56.415000,NOT_SPECIFIED_IN_WORKBOOK,353
345,34.6985285,32.5325049,2022-05-22T06:51:00.457000,NOT_SPECIFIED_IN_WORKBOOK,354
345,34.6985484,32.5325419,2022-05-22T06:51:05.429000,NOT_SPECIFIED_IN_WORKBOOK,355
345,34.6985659,32.5325945,2022-05-22T06:51:09.448000,NOT_SPECIFIED_IN_WORKBOOK,356
345,34.6985806,32.5326557,2022-05-22T06:51:14.408000,NOT_SPECIFIED_IN_WORKBOOK,357
345,34.6985738,32.5326942,2022-05-22T06:51:18.415000,NOT_SPECIFIED_IN_WORKBOOK,358
345,34.6985601,32.5326776,2022-05-22T06:51:23.467000,NOT_SPECIFIED_IN_WORKBOOK,359
345,34.6985405,32.532658,2022-05-22T06:51:28.442000,NOT_SPECIFIED_IN_WORKBOOK,360
345,34.6985379,32.5326569,2022-05-22T06:51:32.444000,NOT_SPECIFIED_IN_WORKBOOK,361
345,34.6985611,32.5326693,2022-05-22T06:51:37.413000,NOT_SPECIFIED_IN_WORKBOOK,362
345,34.6985636,32.5326716,2022-05-22T06:51:41.444000,NOT_SPECIFIED_IN_WORKBOOK,363
345,34.698557,32.5327005,2022-05-22T06:51:46.363000,NOT_SPECIFIED_IN_WORKBOOK,364
345,34.6985576,32.5327244,2022-05-22T06:51:50.402000,NOT_SPECIFIED_IN_WORKBOOK,365
345,34.6985501,32.5327303,2022-05-22T06:51:54.413000,NOT_SPECIFIED_IN_WORKBOOK,366
345,34.6985502,32.5327294,2022-05-22T06:51:58.442000,NOT_SPECIFIED_IN_WORKBOOK,367
345,34.6985664,32.5327485,2022-05-22T06:52:02.429000,NOT_SPECIFIED_IN_WORKBOOK,368
345,34.6985622,32.5327547,2022-05-22T06:52:06.473000,NOT_SPECIFIED_IN_WORKBOOK,369
345,34.6985753,32.5327955,2022-05-22T06:52:11.454000,NOT_SPECIFIED_IN_WORKBOOK,370
345,34.6986042,32.5327953,2022-05-22T06:52:16.427000,NOT_SPECIFIED_IN_WORKBOOK,371
345,34.6986706,32.5328281,2022-05-22T06:52:21.451000,NOT_SPECIFIED_IN_WORKBOOK,372
345,34.6986963,32.5329103,2022-05-22T06:52:26.438000,NOT_SPECIFIED_IN_WORKBOOK,373
345,34.6987023,32.5330023,2022-05-22T06:52:31.407000,NOT_SPECIFIED_IN_WORKBOOK,374
345,34.6986999,32.5330088,2022-05-22T06:52:35.427000,NOT_SPECIFIED_IN_WORKBOOK,375
345,34.6987038,32.533003,2022-05-22T06:52:39.437000,NOT_SPECIFIED_IN_WORKBOOK,376
345,34.698724,32.5330413,2022-05-22T06:52:43.467000,NOT_SPECIFIED_IN_WORKBOOK,377
345,34.6987419,32.5331123,2022-05-22T06:52:48.521000,NOT_SPECIFIED_IN_WORKBOOK,378
345,34.698766,32.5331737,2022-05-22T06:52:53.426000,NOT_SPECIFIED_IN_WORKBOOK,379
345,34.6987847,32.5332364,2022-05-22T06:52:57.450000,NOT_SPECIFIED_IN_WORKBOOK,380
345,34.6988042,32.5333175,2022-05-22T06:53:02.405000,NOT_SPECIFIED_IN_WORKBOOK,381
345,34.698804,32.5333635,2022-05-22T06:53:06.394000,NOT_SPECIFIED_IN_WORKBOOK,382
345,34.6988043,32.5334288,2022-05-22T06:53:10.465000,NOT_SPECIFIED_IN_WORKBOOK,383
345,34.6987976,32.5334817,2022-05-22T06:53:15.393000,NOT_SPECIFIED_IN_WORKBOOK,384
345,34.6988026,32.5335032,2022-05-22T06:53:19.452000,NOT_SPECIFIED_IN_WORKBOOK,385
345,34.6988096,32.5335398,2022-05-22T06:53:23.443000,NOT_SPECIFIED_IN_WORKBOOK,386
345,34.6988324,32.5335354,2022-05-22T06:53:28.423000,NOT_SPECIFIED_IN_WORKBOOK,387
345,34.6988339,32.5335585,2022-05-22T06:53:33.390000,NOT_SPECIFIED_IN_WORKBOOK,388
345,34.6988486,32.5336033,2022-05-22T06:53:37.420000,NOT_SPECIFIED_IN_WORKBOOK,389
345,34.6988555,32.5336331,2022-05-22T06:53:41.457000,NOT_SPECIFIED_IN_WORKBOOK,390
345,34.6988646,32.5336837,2022-05-22T06:53:45.463000,NOT_SPECIFIED_IN_WORKBOOK,391
345,34.6988719,32.533771,2022-05-22T06:53:50.477000,NOT_SPECIFIED_IN_WORKBOOK,392
345,34.6988832,32.5338318,2022-05-22T06:53:55.431000,NOT_SPECIFIED_IN_WORKBOOK,393
345,34.6988973,32.5338545,2022-05-22T06:53:59.481000,NOT_SPECIFIED_IN_WORKBOOK,394
345,34.6988742,32.533885,2022-05-22T06:54:04.456000,NOT_SPECIFIED_IN_WORKBOOK,395
345,34.6988778,32.5339133,2022-05-22T06:54:09.432000,NOT_SPECIFIED_IN_WORKBOOK,396
345,34.6989118,32.5339568,2022-05-22T06:54:14.432000,NOT_SPECIFIED_IN_WORKBOOK,397
345,34.6989222,32.5339957,2022-05-22T06:54:18.472000,NOT_SPECIFIED_IN_WORKBOOK,398
345,34.6989505,32.5340233,2022-05-22T06:54:23.445000,NOT_SPECIFIED_IN_WORKBOOK,399
345,34.6989657,32.5340185,2022-05-22T06:54:27.424000,NOT_SPECIFIED_IN_WORKBOOK,400
345,34.698969,32.5340213,2022-05-22T06:54:32.441000,NOT_SPECIFIED_IN_WORKBOOK,401
345,34.6990032,32.5340227,2022-05-22T06:54:37.470000,NOT_SPECIFIED_IN_WORKBOOK,402
345,34.6990151,32.5340119,2022-05-22T06:54:41.433000,NOT_SPECIFIED_IN_WORKBOOK,403
345,34.6990409,32.5339928,2022-05-22T06:54:46.445000,NOT_SPECIFIED_IN_WORKBOOK,404
345,34.6990914,32.5339673,2022-05-22T06:54:51.389000,NOT_SPECIFIED_IN_WORKBOOK,405
345,34.6991315,32.5340012,2022-05-22T06:54:55.445000,NOT_SPECIFIED_IN_WORKBOOK,406
345,34.6991692,32.5340334,2022-05-22T06:55:00.412000,NOT_SPECIFIED_IN_WORKBOOK,407
345,34.6992134,32.5340434,2022-05-22T06:55:04.440000,NOT_SPECIFIED_IN_WORKBOOK,408
345,34.6992502,32.5340563,2022-05-22T06:55:09.399000,NOT_SPECIFIED_IN_WORKBOOK,409
345,34.6992732,32.534081,2022-05-22T06:55:13.460000,NOT_SPECIFIED_IN_WORKBOOK,410
345,34.6992935,32.5341043,2022-05-22T06:55:17.453000,NOT_SPECIFIED_IN_WORKBOOK,411
345,34.699317,32.5341249,2022-05-22T06:55:22.447000,NOT_SPECIFIED_IN_WORKBOOK,412
345,34.699322,32.5341396,2022-05-22T06:55:27.000000,NOT_SPECIFIED_IN_WORKBOOK,413
345,34.6993444,32.53417,2022-05-22T06:55:32.407000,NOT_SPECIFIED_IN_WORKBOOK,414
345,34.6993869,32.534215,2022-05-22T06:55:37.396000,NOT_SPECIFIED_IN_WORKBOOK,415
345,34.6994087,32.5342458,2022-05-22T06:55:41.414000,NOT_SPECIFIED_IN_WORKBOOK,416
345,34.6994407,32.5342791,2022-05-22T06:55:46.450000,NOT_SPECIFIED_IN_WORKBOOK,417
345,34.6994789,32.5343027,2022-05-22T06:55:51.378000,NOT_SPECIFIED_IN_WORKBOOK,418
345,34.6995019,32.534316,2022-05-22T06:55:55.424000,NOT_SPECIFIED_IN_WORKBOOK,419
345,34.6995341,32.5343493,2022-05-22T06:55:59.436000,NOT_SPECIFIED_IN_WORKBOOK,420
345,34.6995544,32.5343988,2022-05-22T06:56:04.446000,NOT_SPECIFIED_IN_WORKBOOK,421
345,34.6995651,32.5344644,2022-05-22T06:56:09.461000,NOT_SPECIFIED_IN_WORKBOOK,422
345,34.6995866,32.534536,2022-05-22T06:56:14.393000,NOT_SPECIFIED_IN_WORKBOOK,423
345,34.6996019,32.5345945,2022-05-22T06:56:19.455000,NOT_SPECIFIED_IN_WORKBOOK,424
345,34.6996137,32.5346337,2022-05-22T06:56:24.386000,NOT_SPECIFIED_IN_WORKBOOK,425
345,34.6996274,32.5346839,2022-05-22T06:56:28.448000,NOT_SPECIFIED_IN_WORKBOOK,426
345,34.6996513,32.5347295,2022-05-22T06:56:32.448000,NOT_SPECIFIED_IN_WORKBOOK,427
345,34.6996554,32.534767,2022-05-22T06:56:36.485000,NOT_SPECIFIED_IN_WORKBOOK,428
345,34.6996546,32.5348392,2022-05-22T06:56:41.495000,NOT_SPECIFIED_IN_WORKBOOK,429
345,34.6996681,32.5349199,2022-05-22T06:56:46.479000,NOT_SPECIFIED_IN_WORKBOOK,430
345,34.6996788,32.5349617,2022-05-22T06:56:51.463000,NOT_SPECIFIED_IN_WORKBOOK,431
345,34.6996872,32.5350021,2022-05-22T06:56:56.494000,NOT_SPECIFIED_IN_WORKBOOK,432
345,34.6996899,32.5350304,2022-05-22T06:57:01.482000,NOT_SPECIFIED_IN_WORKBOOK,433
345,34.6997005,32.5350492,2022-05-22T06:57:05.482000,NOT_SPECIFIED_IN_WORKBOOK,434
345,34.6996955,32.5351071,2022-05-22T06:57:10.478000,NOT_SPECIFIED_IN_WORKBOOK,435
345,34.6996837,32.5351455,2022-05-22T06:57:14.501000,NOT_SPECIFIED_IN_WORKBOOK,436
345,34.6997033,32.5351912,2022-05-22T06:57:19.485000,NOT_SPECIFIED_IN_WORKBOOK,437
345,34.6997323,32.5351874,2022-05-22T06:57:24.438000,NOT_SPECIFIED_IN_WORKBOOK,438
345,34.6997409,32.5351617,2022-05-22T06:57:28.433000,NOT_SPECIFIED_IN_WORKBOOK,439
345,34.6997499,32.5351658,2022-05-22T06:57:33.444000,NOT_SPECIFIED_IN_WORKBOOK,440
345,34.6997573,32.5351675,2022-05-22T06:57:37.427000,NOT_SPECIFIED_IN_WORKBOOK,441
345,34.6997535,32.5351761,2022-05-22T06:57:41.458000,NOT_SPECIFIED_IN_WORKBOOK,442
345,34.6997356,32.5352113,2022-05-22T06:57:45.451000,NOT_SPECIFIED_IN_WORKBOOK,443
345,34.69974,32.5352615,2022-05-22T06:57:49.474000,NOT_SPECIFIED_IN_WORKBOOK,444
345,34.6997448,32.5353309,2022-05-22T06:57:54.494000,NOT_SPECIFIED_IN_WORKBOOK,445
345,34.6997455,32.5353897,2022-05-22T06:57:58.470000,NOT_SPECIFIED_IN_WORKBOOK,446
345,34.6997463,32.535447,2022-05-22T06:58:02.472000,NOT_SPECIFIED_IN_WORKBOOK,447
345,34.6997683,32.5355056,2022-05-22T06:58:07.501000,NOT_SPECIFIED_IN_WORKBOOK,448
345,34.699795,32.5355242,2022-05-22T06:58:11.482000,NOT_SPECIFIED_IN_WORKBOOK,449
345,34.6998282,32.5355292,2022-05-22T06:58:16.410000,NOT_SPECIFIED_IN_WORKBOOK,450
345,34.6998223,32.5355371,2022-05-22T06:58:20.451000,NOT_SPECIFIED_IN_WORKBOOK,451
345,34.6998171,32.535564,2022-05-22T06:58:24.494000,NOT_SPECIFIED_IN_WORKBOOK,452
345,34.6997937,32.5355804,2022-05-22T06:58:29.459000,NOT_SPECIFIED_IN_WORKBOOK,453
345,34.6997615,32.5355534,2022-05-22T06:58:34.410000,NOT_SPECIFIED_IN_WORKBOOK,454
345,34.6997415,32.5355102,2022-05-22T06:58:38.470000,NOT_SPECIFIED_IN_WORKBOOK,455
345,34.6997282,32.5354177,2022-05-22T06:58:43.360000,NOT_SPECIFIED_IN_WORKBOOK,456
345,34.6997026,32.5353473,2022-05-22T06:58:48.377000,NOT_SPECIFIED_IN_WORKBOOK,457
345,34.6997075,32.5352813,2022-05-22T06:58:52.397000,NOT_SPECIFIED_IN_WORKBOOK,458
345,34.699702,32.5352165,2022-05-22T06:58:57.377000,NOT_SPECIFIED_IN_WORKBOOK,459
345,34.6996778,32.5351865,2022-05-22T06:59:02.424000,NOT_SPECIFIED_IN_WORKBOOK,460
345,34.6996634,32.5352576,2022-05-22T06:59:07.377000,NOT_SPECIFIED_IN_WORKBOOK,461
345,34.6996389,32.5353215,2022-05-22T06:59:12.396000,NOT_SPECIFIED_IN_WORKBOOK,462
345,34.6996107,32.5353331,2022-05-22T06:59:17.388000,NOT_SPECIFIED_IN_WORKBOOK,463
345,34.6995789,32.5353656,2022-05-22T06:59:22.404000,NOT_SPECIFIED_IN_WORKBOOK,464
345,34.6995678,32.5354355,2022-05-22T06:59:27.393000,NOT_SPECIFIED_IN_WORKBOOK,465
345,34.699555,32.5355103,2022-05-22T06:59:32.367000,NOT_SPECIFIED_IN_WORKBOOK,466
345,34.6995644,32.5355507,2022-05-22T06:59:36.381000,NOT_SPECIFIED_IN_WORKBOOK,467
345,34.6996018,32.5355821,2022-05-22T06:59:41.364000,NOT_SPECIFIED_IN_WORKBOOK,468
345,34.6996279,32.5356015,2022-05-22T06:59:45.362000,NOT_SPECIFIED_IN_WORKBOOK,469
345,34.6996292,32.5355985,2022-05-22T06:59:49.374000,NOT_SPECIFIED_IN_WORKBOOK,470
345,34.6996363,32.535599,2022-05-22T06:59:54.378000,NOT_SPECIFIED_IN_WORKBOOK,471
345,34.6996355,32.5355984,2022-05-22T06:59:58.366000,NOT_SPECIFIED_IN_WORKBOOK,472
345,34.6996352,32.5355984,2022-05-22T07:00:03.380000,NOT_SPECIFIED_IN_WORKBOOK,473
345,34.6996421,32.5356019,2022-05-22T07:00:08.387000,NOT_SPECIFIED_IN_WORKBOOK,474
345,34.6996464,32.5356035,2022-05-22T07:00:13.382000,NOT_SPECIFIED_IN_WORKBOOK,475
345,34.6996461,32.5355785,2022-05-22T07:00:17.385000,NOT_SPECIFIED_IN_WORKBOOK,476
345,34.6996304,32.5355629,2022-05-22T07:00:22.360000,NOT_SPECIFIED_IN_WORKBOOK,477
345,34.6995918,32.5355729,2022-05-22T07:00:26.384000,NOT_SPECIFIED_IN_WORKBOOK,478
345,34.6995633,32.5355798,2022-05-22T07:00:30.376000,NOT_SPECIFIED_IN_WORKBOOK,479
345,34.6995699,32.5355838,2022-05-22T07:00:35.399000,NOT_SPECIFIED_IN_WORKBOOK,480
345,34.6996115,32.5355904,2022-05-22T07:00:40.403000,NOT_SPECIFIED_IN_WORKBOOK,481
345,34.6996229,32.5355988,2022-05-22T07:00:45.384000,NOT_SPECIFIED_IN_WORKBOOK,482
345,34.6996144,32.5356019,2022-05-22T07:00:49.364000,NOT_SPECIFIED_IN_WORKBOOK,483
345,34.6996106,32.535598,2022-05-22T07:00:53.364000,NOT_SPECIFIED_IN_WORKBOOK,484
345,34.6996075,32.5356009,2022-05-22T07:00:57.389000,NOT_SPECIFIED_IN_WORKBOOK,485
345,34.6996109,32.5356117,2022-05-22T07:01:01.754000,NOT_SPECIFIED_IN_WORKBOOK,486
345,34.6996143,32.5356214,2022-05-22T07:01:05.888000,NOT_SPECIFIED_IN_WORKBOOK,487
345,34.6996182,32.5356253,2022-05-22T07:01:10.440000,NOT_SPECIFIED_IN_WORKBOOK,488
345,34.69962,32.5356229,2022-05-22T07:01:15.100000,NOT_SPECIFIED_IN_WORKBOOK,489
345,34.6996235,32.5356188,2022-05-22T07:01:19.273000,NOT_SPECIFIED_IN_WORKBOOK,490
345,34.6996263,32.5356163,2022-05-22T07:01:23.374000,NOT_SPECIFIED_IN_WORKBOOK,491
345,34.6996268,32.5356149,2022-05-22T07:01:28.367000,NOT_SPECIFIED_IN_WORKBOOK,492
345,34.6996363,32.5356141,2022-05-22T07:01:33.362000,NOT_SPECIFIED_IN_WORKBOOK,493
345,34.6996488,32.5356185,2022-05-22T07:01:38.161000,NOT_SPECIFIED_IN_WORKBOOK,494
345,34.6996555,32.5356185,2022-05-22T07:01:42.363000,NOT_SPECIFIED_IN_WORKBOOK,495
345,34.6996657,32.5356196,2022-05-22T07:01:46.377000,NOT_SPECIFIED_IN_WORKBOOK,496
345,34.6996777,32.5356157,2022-05-22T07:01:50.348000,NOT_SPECIFIED_IN_WORKBOOK,497
345,34.6996884,32.5356064,2022-05-22T07:01:54.352000,NOT_SPECIFIED_IN_WORKBOOK,498
345,34.6997002,32.5355956,2022-05-22T07:01:58.349000,NOT_SPECIFIED_IN_WORKBOOK,499
345,34.6997001,32.5355953,2022-05-22T07:02:03.364000,NOT_SPECIFIED_IN_WORKBOOK,500
345,34.6997001,32.5355953,2022-05-22T07:02:08.369000,NOT_SPECIFIED_IN_WORKBOOK,501
345,34.6996792,32.5355997,2022-05-22T07:02:13.365000,NOT_SPECIFIED_IN_WORKBOOK,502
345,34.6996795,32.5355996,2022-05-22T07:02:18.370000,NOT_SPECIFIED_IN_WORKBOOK,503
345,34.6996795,32.5355996,2022-05-22T07:02:23.371000,NOT_SPECIFIED_IN_WORKBOOK,504
345,34.6996795,32.5355996,2022-05-22T07:02:28.385000,NOT_SPECIFIED_IN_WORKBOOK,505
345,34.6996795,32.5355996,2022-05-22T07:02:32.396000,NOT_SPECIFIED_IN_WORKBOOK,506
345,34.6996795,32.5355996,2022-05-22T07:02:37.371000,NOT_SPECIFIED_IN_WORKBOOK,507
345,34.6996795,32.5355996,2022-05-22T07:02:41.345000,NOT_SPECIFIED_IN_WORKBOOK,508
345,34.6996795,32.5355996,2022-05-22T07:02:45.355000,NOT_SPECIFIED_IN_WORKBOOK,509
345,34.6996795,32.5355996,2022-05-22T07:02:50.356000,NOT_SPECIFIED_IN_WORKBOOK,510
345,34.6996795,32.5355996,2022-05-22T07:02:55.374000,NOT_SPECIFIED_IN_WORKBOOK,511
345,34.6996443,32.535621,2022-05-22T07:03:00.358000,NOT_SPECIFIED_IN_WORKBOOK,512
345,34.6996442,32.5356204,2022-05-22T07:03:04.366000,NOT_SPECIFIED_IN_WORKBOOK,513
345,34.6996442,32.5356204,2022-05-22T07:03:09.359000,NOT_SPECIFIED_IN_WORKBOOK,514
345,34.6996293,32.5356279,2022-05-22T07:03:13.372000,NOT_SPECIFIED_IN_WORKBOOK,515
345,34.6996248,32.535635,2022-05-22T07:03:18.398000,NOT_SPECIFIED_IN_WORKBOOK,516
345,34.6996254,32.5356351,2022-05-22T07:03:23.359000,NOT_SPECIFIED_IN_WORKBOOK,517
345,34.6996242,32.5356389,2022-05-22T07:03:27.354000,NOT_SPECIFIED_IN_WORKBOOK,518
345,34.6996237,32.5356404,2022-05-22T07:03:31.374000,NOT_SPECIFIED_IN_WORKBOOK,519
345,34.699623,32.5356404,2022-05-22T07:03:36.363000,NOT_SPECIFIED_IN_WORKBOOK,520
345,34.6996254,32.5356355,2022-05-22T07:03:40.355000,NOT_SPECIFIED_IN_WORKBOOK,521
345,34.699625,32.5356392,2022-05-22T07:03:45.360000,NOT_SPECIFIED_IN_WORKBOOK,522
345,34.699624,32.5356376,2022-05-22T07:03:50.351000,NOT_SPECIFIED_IN_WORKBOOK,523
345,34.6996232,32.5356379,2022-05-22T07:03:54.385000,NOT_SPECIFIED_IN_WORKBOOK,524
345,34.6996179,32.5356468,2022-05-22T07:03:59.361000,NOT_SPECIFIED_IN_WORKBOOK,525
345,34.6996129,32.5356526,2022-05-22T07:04:04.359000,NOT_SPECIFIED_IN_WORKBOOK,526
345,34.6996121,32.5356542,2022-05-22T07:04:09.355000,NOT_SPECIFIED_IN_WORKBOOK,527
345,34.6996126,32.5356559,2022-05-22T07:04:14.352000,NOT_SPECIFIED_IN_WORKBOOK,528
345,34.6996123,32.5356567,2022-05-22T07:04:17.487000,NOT_SPECIFIED_IN_WORKBOOK,529
345,34.699636,32.5356127,2022-05-22T07:04:21.341000,NOT_SPECIFIED_IN_WORKBOOK,530
345,34.6996455,32.5356093,2022-05-22T07:04:25.353000,NOT_SPECIFIED_IN_WORKBOOK,531
345,34.6996439,32.5356128,2022-05-22T07:04:30.342000,NOT_SPECIFIED_IN_WORKBOOK,532
345,34.699633,32.5356149,2022-05-22T07:04:34.350000,NOT_SPECIFIED_IN_WORKBOOK,533
345,34.6996151,32.535602,2022-05-22T07:04:39.357000,NOT_SPECIFIED_IN_WORKBOOK,534
345,34.699618,32.5356001,2022-05-22T07:04:43.492000,NOT_SPECIFIED_IN_WORKBOOK,535
345,34.6996182,32.5356,2022-05-22T07:04:48.358000,NOT_SPECIFIED_IN_WORKBOOK,536
345,34.6996203,32.5355904,2022-05-22T07:04:52.371000,NOT_SPECIFIED_IN_WORKBOOK,537
345,34.69962,32.5355886,2022-05-22T07:04:56.692000,NOT_SPECIFIED_IN_WORKBOOK,538
345,34.6996187,32.5355866,2022-05-22T07:05:01.382000,NOT_SPECIFIED_IN_WORKBOOK,539
345,34.6996198,32.5355874,2022-05-22T07:05:05.378000,NOT_SPECIFIED_IN_WORKBOOK,540
345,34.6996187,32.5355846,2022-05-22T07:05:09.497000,NOT_SPECIFIED_IN_WORKBOOK,541
345,34.6996134,32.5355869,2022-05-22T07:05:14.362000,NOT_SPECIFIED_IN_WORKBOOK,542
345,34.6996063,32.5355922,2022-05-22T07:05:18.661000,NOT_SPECIFIED_IN_WORKBOOK,543
345,34.6996058,32.5355995,2022-05-22T07:05:23.383000,NOT_SPECIFIED_IN_WORKBOOK,544
345,34.6995979,32.5356028,2022-05-22T07:05:27.433000,NOT_SPECIFIED_IN_WORKBOOK,545
345,34.6995849,32.5356099,2022-05-22T07:05:32.085000,NOT_SPECIFIED_IN_WORKBOOK,546
345,34.6995789,32.5356168,2022-05-22T07:05:36.371000,NOT_SPECIFIED_IN_WORKBOOK,547
345,34.6995662,32.5356304,2022-05-22T07:05:42.146000,NOT_SPECIFIED_IN_WORKBOOK,548
345,34.6995433,32.5356326,2022-05-22T07:05:45.385000,NOT_SPECIFIED_IN_WORKBOOK,549
345,34.6995406,32.5356433,2022-05-22T07:05:50.377000,NOT_SPECIFIED_IN_WORKBOOK,550
345,34.6995316,32.535654,2022-05-22T07:05:55.394000,NOT_SPECIFIED_IN_WORKBOOK,551
345,34.6995241,32.5356553,2022-05-22T07:06:00.375000,NOT_SPECIFIED_IN_WORKBOOK,552
345,34.6995411,32.5356535,2022-05-22T07:06:04.498000,NOT_SPECIFIED_IN_WORKBOOK,553
345,34.6995479,32.5356544,2022-05-22T07:06:09.376000,NOT_SPECIFIED_IN_WORKBOOK,554
345,34.6995473,32.5356366,2022-05-22T07:06:14.345000,NOT_SPECIFIED_IN_WORKBOOK,555
345,34.6995514,32.5355711,2022-05-22T07:06:18.643000,NOT_SPECIFIED_IN_WORKBOOK,556
345,34.6995481,32.5355761,2022-05-22T07:06:23.382000,NOT_SPECIFIED_IN_WORKBOOK,557
345,34.6995458,32.5355721,2022-05-22T07:06:28.391000,NOT_SPECIFIED_IN_WORKBOOK,558
345,34.6995418,32.5355606,2022-05-22T07:06:32.385000,NOT_SPECIFIED_IN_WORKBOOK,559
345,34.6995428,32.5355711,2022-05-22T07:06:37.363000,NOT_SPECIFIED_IN_WORKBOOK,560
345,34.699546,32.5355733,2022-05-22T07:06:41.390000,NOT_SPECIFIED_IN_WORKBOOK,561
345,34.6995525,32.5355709,2022-05-22T07:06:46.385000,NOT_SPECIFIED_IN_WORKBOOK,562
345,34.6995585,32.5355764,2022-05-22T07:06:51.785000,NOT_SPECIFIED_IN_WORKBOOK,563
345,34.6995644,32.5355694,2022-05-22T07:06:55.371000,NOT_SPECIFIED_IN_WORKBOOK,564
345,34.6995648,32.5355685,2022-05-22T07:06:59.397000,NOT_SPECIFIED_IN_WORKBOOK,565
345,34.6995648,32.5355685,2022-05-22T07:07:04.377000,NOT_SPECIFIED_IN_WORKBOOK,566
345,34.6995648,32.5355685,2022-05-22T07:07:08.611000,NOT_SPECIFIED_IN_WORKBOOK,567
345,34.6995648,32.5355685,2022-05-22T07:07:12.380000,NOT_SPECIFIED_IN_WORKBOOK,568
345,34.6995648,32.5355685,2022-05-22T07:07:16.376000,NOT_SPECIFIED_IN_WORKBOOK,569
345,34.6995611,32.5355594,2022-05-22T07:07:20.514000,NOT_SPECIFIED_IN_WORKBOOK,570
345,34.6995643,32.5355542,2022-05-22T07:07:24.393000,NOT_SPECIFIED_IN_WORKBOOK,571
345,34.6995646,32.5355528,2022-05-22T07:07:28.513000,NOT_SPECIFIED_IN_WORKBOOK,572
345,34.6995646,32.5355528,2022-05-22T07:07:33.465000,NOT_SPECIFIED_IN_WORKBOOK,573
345,34.6995646,32.5355528,2022-05-22T07:07:37.427000,NOT_SPECIFIED_IN_WORKBOOK,574
345,34.6995643,32.5355538,2022-05-22T07:07:45.346000,NOT_SPECIFIED_IN_WORKBOOK,575
345,34.6995664,32.5355512,2022-05-22T07:07:47.404000,NOT_SPECIFIED_IN_WORKBOOK,576
345,34.6995609,32.5355593,2022-05-22T07:07:51.421000,NOT_SPECIFIED_IN_WORKBOOK,577
345,34.6995611,32.5355596,2022-05-22T07:07:55.428000,NOT_SPECIFIED_IN_WORKBOOK,578
345,34.6995611,32.5355596,2022-05-22T07:08:00.594000,NOT_SPECIFIED_IN_WORKBOOK,579
345,34.6995611,32.5355596,2022-05-22T07:08:05.375000,NOT_SPECIFIED_IN_WORKBOOK,580
345,34.6995625,32.5355612,2022-05-22T07:08:09.397000,NOT_SPECIFIED_IN_WORKBOOK,581
345,34.6995624,32.5355617,2022-05-22T07:08:14.412000,NOT_SPECIFIED_IN_WORKBOOK,582
345,34.6995624,32.5355617,2022-05-22T07:08:18.434000,NOT_SPECIFIED_IN_WORKBOOK,583
345,34.699551,32.5355487,2022-05-22T07:08:23.408000,NOT_SPECIFIED_IN_WORKBOOK,584
345,34.6995505,32.5355064,2022-05-22T07:08:27.673000,NOT_SPECIFIED_IN_WORKBOOK,585
345,34.6995607,32.5355046,2022-05-22T07:08:32.407000,NOT_SPECIFIED_IN_WORKBOOK,586
345,34.6995527,32.5355043,2022-05-22T07:08:36.417000,NOT_SPECIFIED_IN_WORKBOOK,587
345,34.6995531,32.5355045,2022-05-22T07:08:40.438000,NOT_SPECIFIED_IN_WORKBOOK,588
345,34.6995672,32.5355306,2022-05-22T07:08:44.773000,NOT_SPECIFIED_IN_WORKBOOK,589
345,34.6995727,32.5355598,2022-05-22T07:08:48.777000,NOT_SPECIFIED_IN_WORKBOOK,590
345,34.6995746,32.5355523,2022-05-22T07:08:53.138000,NOT_SPECIFIED_IN_WORKBOOK,591
345,34.6995803,32.535575,2022-05-22T07:08:57.652000,NOT_SPECIFIED_IN_WORKBOOK,592
345,34.6995799,32.5355819,2022-05-22T07:09:01.823000,NOT_SPECIFIED_IN_WORKBOOK,593
345,34.6995388,32.5355647,2022-05-22T07:09:05.978000,NOT_SPECIFIED_IN_WORKBOOK,594
345,34.6995204,32.5355496,2022-05-22T07:09:10.377000,NOT_SPECIFIED_IN_WORKBOOK,595
345,34.6995263,32.5355511,2022-05-22T07:09:14.426000,NOT_SPECIFIED_IN_WORKBOOK,596
345,34.6995279,32.5355525,2022-05-22T07:09:19.380000,NOT_SPECIFIED_IN_WORKBOOK,597
345,34.6995273,32.5355552,2022-05-22T07:09:23.388000,NOT_SPECIFIED_IN_WORKBOOK,598
345,34.6995248,32.5355581,2022-05-22T07:09:28.385000,NOT_SPECIFIED_IN_WORKBOOK,599
345,34.6995247,32.5355585,2022-05-22T07:09:33.408000,NOT_SPECIFIED_IN_WORKBOOK,600
345,34.6995247,32.5355585,2022-05-22T07:09:38.379000,NOT_SPECIFIED_IN_WORKBOOK,601
345,34.6995296,32.5355713,2022-05-22T07:09:43.392000,NOT_SPECIFIED_IN_WORKBOOK,602
345,34.6995269,32.5355851,2022-05-22T07:09:48.378000,NOT_SPECIFIED_IN_WORKBOOK,603
345,34.6995256,32.5356047,2022-05-22T07:09:53.379000,NOT_SPECIFIED_IN_WORKBOOK,604
345,34.6995318,32.5356183,2022-05-22T07:09:57.386000,NOT_SPECIFIED_IN_WORKBOOK,605
345,34.6995392,32.5356097,2022-05-22T07:10:01.378000,NOT_SPECIFIED_IN_WORKBOOK,606
345,34.6995421,32.5356092,2022-05-22T07:10:05.394000,NOT_SPECIFIED_IN_WORKBOOK,607
345,34.6995443,32.5356076,2022-05-22T07:10:10.370000,NOT_SPECIFIED_IN_WORKBOOK,608
345,34.699544,32.5356073,2022-05-22T07:10:14.368000,NOT_SPECIFIED_IN_WORKBOOK,609
345,34.6995444,32.5356081,2022-05-22T07:10:18.399000,NOT_SPECIFIED_IN_WORKBOOK,610
345,34.6995451,32.5356088,2022-05-22T07:10:23.388000,NOT_SPECIFIED_IN_WORKBOOK,611
345,34.699553,32.5355754,2022-05-22T07:10:28.052000,NOT_SPECIFIED_IN_WORKBOOK,612
345,34.6995561,32.5355215,2022-05-22T07:10:32.360000,NOT_SPECIFIED_IN_WORKBOOK,613
345,34.6995688,32.5354663,2022-05-22T07:10:36.721000,NOT_SPECIFIED_IN_WORKBOOK,614
345,34.6995844,32.5354399,2022-05-22T07:10:41.008000,NOT_SPECIFIED_IN_WORKBOOK,615
345,34.6995876,32.5354361,2022-05-22T07:10:45.357000,NOT_SPECIFIED_IN_WORKBOOK,616
345,34.6995881,32.5354388,2022-05-22T07:10:49.356000,NOT_SPECIFIED_IN_WORKBOOK,617
345,34.6995878,32.5354401,2022-05-22T07:10:54.363000,NOT_SPECIFIED_IN_WORKBOOK,618
345,34.6995869,32.5354412,2022-05-22T07:10:58.388000,NOT_SPECIFIED_IN_WORKBOOK,619
345,34.6995944,32.5354316,2022-05-22T07:11:03.386000,NOT_SPECIFIED_IN_WORKBOOK,620
345,34.6995904,32.5354277,2022-05-22T07:11:07.357000,NOT_SPECIFIED_IN_WORKBOOK,621
345,34.6995877,32.5354308,2022-05-22T07:11:11.383000,NOT_SPECIFIED_IN_WORKBOOK,622
345,34.6995865,32.5354328,2022-05-22T07:11:16.267000,NOT_SPECIFIED_IN_WORKBOOK,623
345,34.6995863,32.5354327,2022-05-22T07:11:20.366000,NOT_SPECIFIED_IN_WORKBOOK,624
345,34.6995849,32.5354268,2022-05-22T07:11:24.368000,NOT_SPECIFIED_IN_WORKBOOK,625
345,34.6995838,32.5354202,2022-05-22T07:11:29.233000,NOT_SPECIFIED_IN_WORKBOOK,626
345,34.6995924,32.5353873,2022-05-22T07:11:33.381000,NOT_SPECIFIED_IN_WORKBOOK,627
345,34.699643,32.5353499,2022-05-22T07:11:38.256000,NOT_SPECIFIED_IN_WORKBOOK,628
345,34.6996628,32.535328,2022-05-22T07:11:42.355000,NOT_SPECIFIED_IN_WORKBOOK,629
345,34.6996682,32.5352742,2022-05-22T07:11:46.601000,NOT_SPECIFIED_IN_WORKBOOK,630
345,34.6996872,32.5352106,2022-05-22T07:11:51.380000,NOT_SPECIFIED_IN_WORKBOOK,631
345,34.699712,32.5351699,2022-05-22T07:11:55.383000,NOT_SPECIFIED_IN_WORKBOOK,632
345,34.6997332,32.5351421,2022-05-22T07:12:00.363000,NOT_SPECIFIED_IN_WORKBOOK,633
345,34.6997414,32.5351278,2022-05-22T07:12:04.368000,NOT_SPECIFIED_IN_WORKBOOK,634
345,34.6997422,32.5351379,2022-05-22T07:12:09.110000,NOT_SPECIFIED_IN_WORKBOOK,635
345,34.6997292,32.5351515,2022-05-22T07:12:13.367000,NOT_SPECIFIED_IN_WORKBOOK,636
345,34.6997182,32.535183,2022-05-22T07:12:17.383000,NOT_SPECIFIED_IN_WORKBOOK,637
345,34.699722,32.5351928,2022-05-22T07:12:22.172000,NOT_SPECIFIED_IN_WORKBOOK,638
345,34.6997231,32.5352132,2022-05-22T07:12:26.355000,NOT_SPECIFIED_IN_WORKBOOK,639
345,34.6997141,32.5352379,2022-05-22T07:12:31.012000,NOT_SPECIFIED_IN_WORKBOOK,640
345,34.6997106,32.5352581,2022-05-22T07:12:35.379000,NOT_SPECIFIED_IN_WORKBOOK,641
345,34.6997023,32.5352879,2022-05-22T07:12:39.461000,NOT_SPECIFIED_IN_WORKBOOK,642
345,34.699691,32.5352998,2022-05-22T07:12:44.477000,NOT_SPECIFIED_IN_WORKBOOK,643
345,34.6996911,32.5353001,2022-05-22T07:12:48.497000,NOT_SPECIFIED_IN_WORKBOOK,644
345,34.6996902,32.5352993,2022-05-22T07:12:52.481000,NOT_SPECIFIED_IN_WORKBOOK,645
345,34.6996775,32.5353206,2022-05-22T07:12:56.490000,NOT_SPECIFIED_IN_WORKBOOK,646
345,34.6996627,32.5353458,2022-05-22T07:13:00.475000,NOT_SPECIFIED_IN_WORKBOOK,647
345,34.6996509,32.5353436,2022-05-22T07:13:05.173000,NOT_SPECIFIED_IN_WORKBOOK,648
345,34.6996493,32.5352989,2022-05-22T07:13:09.466000,NOT_SPECIFIED_IN_WORKBOOK,649
345,34.6996508,32.5352638,2022-05-22T07:13:13.487000,NOT_SPECIFIED_IN_WORKBOOK,650
345,34.6996567,32.5352513,2022-05-22T07:13:18.474000,NOT_SPECIFIED_IN_WORKBOOK,651
345,34.6996592,32.5352468,2022-05-22T07:13:23.498000,NOT_SPECIFIED_IN_WORKBOOK,652
345,34.6996586,32.5352456,2022-05-22T07:13:28.415000,NOT_SPECIFIED_IN_WORKBOOK,653
345,34.699659,32.5352444,2022-05-22T07:13:32.478000,NOT_SPECIFIED_IN_WORKBOOK,654
345,34.6996599,32.5352442,2022-05-22T07:13:37.426000,NOT_SPECIFIED_IN_WORKBOOK,655
345,34.6996618,32.5352441,2022-05-22T07:13:42.424000,NOT_SPECIFIED_IN_WORKBOOK,656
345,34.6996624,32.5352441,2022-05-22T07:13:46.439000,NOT_SPECIFIED_IN_WORKBOOK,657
345,34.699663,32.5352442,2022-05-22T07:13:51.462000,NOT_SPECIFIED_IN_WORKBOOK,658
345,34.6996646,32.5352673,2022-05-22T07:13:55.485000,NOT_SPECIFIED_IN_WORKBOOK,659
345,34.6996632,32.5352675,2022-05-22T07:13:59.470000,NOT_SPECIFIED_IN_WORKBOOK,660
345,34.6996616,32.5352687,2022-05-22T07:14:03.493000,NOT_SPECIFIED_IN_WORKBOOK,661
345,34.6996638,32.5352768,2022-05-22T07:14:08.460000,NOT_SPECIFIED_IN_WORKBOOK,662
345,34.6996779,32.5352875,2022-05-22T07:14:13.518000,NOT_SPECIFIED_IN_WORKBOOK,663
345,34.6996796,32.5352898,2022-05-22T07:14:18.431000,NOT_SPECIFIED_IN_WORKBOOK,664
345,34.6996799,32.5352914,2022-05-22T07:14:22.480000,NOT_SPECIFIED_IN_WORKBOOK,665
345,34.6996795,32.5352933,2022-05-22T07:14:27.506000,NOT_SPECIFIED_IN_WORKBOOK,666
345,34.699679,32.5352944,2022-05-22T07:14:31.504000,NOT_SPECIFIED_IN_WORKBOOK,667
345,34.6996787,32.5352959,2022-05-22T07:14:36.125000,NOT_SPECIFIED_IN_WORKBOOK,668
345,34.699682,32.5353229,2022-05-22T07:14:40.896000,NOT_SPECIFIED_IN_WORKBOOK,669
345,34.6996833,32.5353295,2022-05-22T07:14:45.442000,NOT_SPECIFIED_IN_WORKBOOK,670
345,34.6996637,32.5353615,2022-05-22T07:14:50.153000,NOT_SPECIFIED_IN_WORKBOOK,671
345,34.6996287,32.535395,2022-05-22T07:14:54.323000,NOT_SPECIFIED_IN_WORKBOOK,672
345,34.6995883,32.5354137,2022-05-22T07:14:59.279000,NOT_SPECIFIED_IN_WORKBOOK,673
345,34.6995915,32.5354084,2022-05-22T07:15:03.477000,NOT_SPECIFIED_IN_WORKBOOK,674
345,34.6995987,32.5354107,2022-05-22T07:15:08.481000,NOT_SPECIFIED_IN_WORKBOOK,675
345,34.6995962,32.5354816,2022-05-22T07:15:13.053000,NOT_SPECIFIED_IN_WORKBOOK,676
345,34.699592,32.535539,2022-05-22T07:15:17.217000,NOT_SPECIFIED_IN_WORKBOOK,677
345,34.6995844,32.5355584,2022-05-22T07:15:21.405000,NOT_SPECIFIED_IN_WORKBOOK,678
345,34.6995559,32.5355385,2022-05-22T07:15:26.434000,NOT_SPECIFIED_IN_WORKBOOK,679
345,34.6995379,32.5355269,2022-05-22T07:15:30.459000,NOT_SPECIFIED_IN_WORKBOOK,680
345,34.699526,32.535521,2022-05-22T07:15:35.170000,NOT_SPECIFIED_IN_WORKBOOK,681
345,34.6995517,32.53555,2022-05-22T07:15:39.438000,NOT_SPECIFIED_IN_WORKBOOK,682
345,34.6995713,32.5355438,2022-05-22T07:15:43.477000,NOT_SPECIFIED_IN_WORKBOOK,683
345,34.6995928,32.5355547,2022-05-22T07:15:47.517000,NOT_SPECIFIED_IN_WORKBOOK,684
345,34.6996256,32.5355942,2022-05-22T07:15:52.479000,NOT_SPECIFIED_IN_WORKBOOK,685
345,34.6996227,32.5355837,2022-05-22T07:15:57.479000,NOT_SPECIFIED_IN_WORKBOOK,686
345,34.6996226,32.5355787,2022-05-22T07:16:02.471000,NOT_SPECIFIED_IN_WORKBOOK,687
345,34.699673,32.5356271,2022-05-22T07:16:07.488000,NOT_SPECIFIED_IN_WORKBOOK,688
345,34.6996534,32.5356064,2022-05-22T07:16:12.369000,NOT_SPECIFIED_IN_WORKBOOK,689
345,34.6996449,32.5356089,2022-05-22T07:16:17.376000,NOT_SPECIFIED_IN_WORKBOOK,690
345,34.6996358,32.5356091,2022-05-22T07:16:21.423000,NOT_SPECIFIED_IN_WORKBOOK,691
345,34.699637,32.5356293,2022-05-22T07:16:25.435000,NOT_SPECIFIED_IN_WORKBOOK,692
345,34.6996541,32.535632,2022-05-22T07:16:30.259000,NOT_SPECIFIED_IN_WORKBOOK,693
345,34.69966,32.535629,2022-05-22T07:16:34.462000,NOT_SPECIFIED_IN_WORKBOOK,694
345,34.6996617,32.5356289,2022-05-22T07:16:38.476000,NOT_SPECIFIED_IN_WORKBOOK,695
345,34.6996624,32.5356283,2022-05-22T07:16:43.493000,NOT_SPECIFIED_IN_WORKBOOK,696
345,34.6996624,32.5356305,2022-05-22T07:16:47.976000,NOT_SPECIFIED_IN_WORKBOOK,697
345,34.6996558,32.5356349,2022-05-22T07:16:52.392000,NOT_SPECIFIED_IN_WORKBOOK,698
345,34.6996451,32.5356351,2022-05-22T07:16:57.362000,NOT_SPECIFIED_IN_WORKBOOK,699
345,34.699642,32.5356363,2022-05-22T07:17:02.401000,NOT_SPECIFIED_IN_WORKBOOK,700
345,34.6996387,32.5356348,2022-05-22T07:17:07.400000,NOT_SPECIFIED_IN_WORKBOOK,701
345,34.6996365,32.5356354,2022-05-22T07:17:11.384000,NOT_SPECIFIED_IN_WORKBOOK,702
345,34.699636,32.5356272,2022-05-22T07:17:16.394000,NOT_SPECIFIED_IN_WORKBOOK,703
345,34.6996363,32.5356268,2022-05-22T07:17:21.403000,NOT_SPECIFIED_IN_WORKBOOK,704
345,34.6996363,32.5356268,2022-05-22T07:17:26.379000,NOT_SPECIFIED_IN_WORKBOOK,705
345,34.6996366,32.5356292,2022-05-22T07:17:31.418000,NOT_SPECIFIED_IN_WORKBOOK,706
345,34.6996358,32.53563,2022-05-22T07:17:36.402000,NOT_SPECIFIED_IN_WORKBOOK,707
345,34.6996358,32.53563,2022-05-22T07:17:41.380000,NOT_SPECIFIED_IN_WORKBOOK,708
345,34.6996358,32.53563,2022-05-22T07:17:45.400000,NOT_SPECIFIED_IN_WORKBOOK,709
345,34.6996358,32.53563,2022-05-22T07:17:50.351000,NOT_SPECIFIED_IN_WORKBOOK,710
345,34.6996326,32.5356293,2022-05-22T07:17:54.385000,NOT_SPECIFIED_IN_WORKBOOK,711
345,34.6996327,32.5356294,2022-05-22T07:17:59.375000,NOT_SPECIFIED_IN_WORKBOOK,712
345,34.6996327,32.5356294,2022-05-22T07:18:03.384000,NOT_SPECIFIED_IN_WORKBOOK,713
345,34.6996111,32.5356228,2022-05-22T07:18:08.402000,NOT_SPECIFIED_IN_WORKBOOK,714
345,34.6996017,32.5355974,2022-05-22T07:18:13.387000,NOT_SPECIFIED_IN_WORKBOOK,715
345,34.6996028,32.5355991,2022-05-22T07:18:17.404000,NOT_SPECIFIED_IN_WORKBOOK,716
345,34.6996027,32.5355992,2022-05-22T07:18:22.359000,NOT_SPECIFIED_IN_WORKBOOK,717
345,34.6996027,32.5355992,2022-05-22T07:18:26.373000,NOT_SPECIFIED_IN_WORKBOOK,718
345,34.6996027,32.5355992,2022-05-22T07:18:31.375000,NOT_SPECIFIED_IN_WORKBOOK,719
345,34.6996027,32.5355992,2022-05-22T07:18:35.384000,NOT_SPECIFIED_IN_WORKBOOK,720
345,34.6996027,32.5355992,2022-05-22T07:18:40.408000,NOT_SPECIFIED_IN_WORKBOOK,721
345,34.6996027,32.5355992,2022-05-22T07:18:45.363000,NOT_SPECIFIED_IN_WORKBOOK,722
345,34.6996027,32.5355992,2022-05-22T07:18:49.362000,NOT_SPECIFIED_IN_WORKBOOK,723
345,34.6996027,32.5355992,2022-05-22T07:18:53.352000,NOT_SPECIFIED_IN_WORKBOOK,724
345,34.6996027,32.5355992,2022-05-22T07:18:57.375000,NOT_SPECIFIED_IN_WORKBOOK,725
345,34.6996091,32.5355842,2022-05-22T07:19:02.390000,NOT_SPECIFIED_IN_WORKBOOK,726
345,34.699609,32.5355842,2022-05-22T07:19:07.386000,NOT_SPECIFIED_IN_WORKBOOK,727
345,34.699609,32.5355842,2022-05-22T07:19:12.365000,NOT_SPECIFIED_IN_WORKBOOK,728
345,34.699609,32.5355842,2022-05-22T07:19:16.369000,NOT_SPECIFIED_IN_WORKBOOK,729
345,34.699609,32.5355842,2022-05-22T07:19:21.386000,NOT_SPECIFIED_IN_WORKBOOK,730
345,34.699609,32.5355842,2022-05-22T07:19:26.380000,NOT_SPECIFIED_IN_WORKBOOK,731
345,34.699609,32.5355842,2022-05-22T07:19:31.358000,NOT_SPECIFIED_IN_WORKBOOK,732
345,34.699609,32.5355842,2022-05-22T07:19:35.382000,NOT_SPECIFIED_IN_WORKBOOK,733
345,34.699609,32.5355842,2022-05-22T07:19:39.389000,NOT_SPECIFIED_IN_WORKBOOK,734
345,34.699609,32.5355842,2022-05-22T07:19:43.389000,NOT_SPECIFIED_IN_WORKBOOK,735
345,34.699609,32.5355842,2022-05-22T07:19:48.370000,NOT_SPECIFIED_IN_WORKBOOK,736
345,34.699609,32.5355842,2022-05-22T07:19:52.384000,NOT_SPECIFIED_IN_WORKBOOK,737
345,34.699609,32.5355842,2022-05-22T07:19:57.364000,NOT_SPECIFIED_IN_WORKBOOK,738
345,34.699609,32.5355842,2022-05-22T07:20:01.368000,NOT_SPECIFIED_IN_WORKBOOK,739
345,34.699609,32.5355842,2022-05-22T07:20:05.367000,NOT_SPECIFIED_IN_WORKBOOK,740
345,34.699609,32.5355842,2022-05-22T07:20:10.377000,NOT_SPECIFIED_IN_WORKBOOK,741
345,34.699609,32.5355842,2022-05-22T07:20:14.385000,NOT_SPECIFIED_IN_WORKBOOK,742
345,34.699609,32.5355842,2022-05-22T07:20:19.374000,NOT_SPECIFIED_IN_WORKBOOK,743
345,34.699609,32.5355842,2022-05-22T07:20:23.377000,NOT_SPECIFIED_IN_WORKBOOK,744
345,34.6996104,32.5355735,2022-05-22T07:20:28.381000,NOT_SPECIFIED_IN_WORKBOOK,745
345,34.6995823,32.5355476,2022-05-22T07:20:41.357000,NOT_SPECIFIED_IN_WORKBOOK,746
345,34.6995801,32.5355597,2022-05-22T07:20:45.341000,NOT_SPECIFIED_IN_WORKBOOK,747
345,34.699578,32.5355659,2022-05-22T07:20:50.402000,NOT_SPECIFIED_IN_WORKBOOK,748
345,34.6995502,32.5355575,2022-05-22T07:20:55.347000,NOT_SPECIFIED_IN_WORKBOOK,749
345,34.6995493,32.5355584,2022-05-22T07:21:00.396000,NOT_SPECIFIED_IN_WORKBOOK,750
345,34.6995493,32.5355584,2022-05-22T07:21:04.388000,NOT_SPECIFIED_IN_WORKBOOK,751
345,34.6995493,32.5355584,2022-05-22T07:21:08.402000,NOT_SPECIFIED_IN_WORKBOOK,752
345,34.6995493,32.5355584,2022-05-22T07:21:13.426000,NOT_SPECIFIED_IN_WORKBOOK,753
345,34.6995493,32.5355584,2022-05-22T07:21:18.416000,NOT_SPECIFIED_IN_WORKBOOK,754
345,34.6995493,32.5355584,2022-05-22T07:21:23.377000,NOT_SPECIFIED_IN_WORKBOOK,755
345,34.6995493,32.5355584,2022-05-22T07:21:27.363000,NOT_SPECIFIED_IN_WORKBOOK,756
345,34.6995722,32.5355837,2022-05-22T07:21:32.362000,NOT_SPECIFIED_IN_WORKBOOK,757
345,34.6995831,32.5355866,2022-05-22T07:21:36.374000,NOT_SPECIFIED_IN_WORKBOOK,758
345,34.6995836,32.5355994,2022-05-22T07:21:40.396000,NOT_SPECIFIED_IN_WORKBOOK,759
345,34.6995662,32.5356049,2022-05-22T07:21:45.391000,NOT_SPECIFIED_IN_WORKBOOK,760
345,34.6995299,32.5355861,2022-05-22T07:21:50.392000,NOT_SPECIFIED_IN_WORKBOOK,761
345,34.6995227,32.535592,2022-05-22T07:21:55.370000,NOT_SPECIFIED_IN_WORKBOOK,762
345,34.699524,32.5355922,2022-05-22T07:21:59.382000,NOT_SPECIFIED_IN_WORKBOOK,763
345,34.6995242,32.5355922,2022-05-22T07:22:04.352000,NOT_SPECIFIED_IN_WORKBOOK,764
345,34.699542,32.53559,2022-05-22T07:22:08.368000,NOT_SPECIFIED_IN_WORKBOOK,765
345,34.6995462,32.5355859,2022-05-22T07:22:13.383000,NOT_SPECIFIED_IN_WORKBOOK,766
345,34.6995462,32.5355859,2022-05-22T07:22:17.419000,NOT_SPECIFIED_IN_WORKBOOK,767
345,34.6995462,32.5355859,2022-05-22T07:22:21.446000,NOT_SPECIFIED_IN_WORKBOOK,768
345,34.6995462,32.5355859,2022-05-22T07:22:26.389000,NOT_SPECIFIED_IN_WORKBOOK,769
345,34.6995462,32.5355859,2022-05-22T07:22:30.403000,NOT_SPECIFIED_IN_WORKBOOK,770
345,34.6995462,32.5355859,2022-05-22T07:22:35.415000,NOT_SPECIFIED_IN_WORKBOOK,771
345,34.6995785,32.5355981,2022-05-22T07:22:59.411000,NOT_SPECIFIED_IN_WORKBOOK,772
345,34.6996026,32.5356135,2022-05-22T07:23:03.445000,NOT_SPECIFIED_IN_WORKBOOK,773
345,34.6996135,32.5356171,2022-05-22T07:23:08.422000,NOT_SPECIFIED_IN_WORKBOOK,774
345,34.6996075,32.5356176,2022-05-22T07:23:13.393000,NOT_SPECIFIED_IN_WORKBOOK,775
345,34.6996076,32.5356176,2022-05-22T07:23:17.404000,NOT_SPECIFIED_IN_WORKBOOK,776
345,34.6996043,32.5356086,2022-05-22T07:23:21.455000,NOT_SPECIFIED_IN_WORKBOOK,777
345,34.6996048,32.5356114,2022-05-22T07:23:26.402000,NOT_SPECIFIED_IN_WORKBOOK,778
345,34.6996049,32.5356115,2022-05-22T07:23:30.413000,NOT_SPECIFIED_IN_WORKBOOK,779
345,34.6996049,32.5356115,2022-05-22T07:23:34.399000,NOT_SPECIFIED_IN_WORKBOOK,780
345,34.6995935,32.5356077,2022-05-22T07:23:39.420000,NOT_SPECIFIED_IN_WORKBOOK,781
345,34.6995922,32.5356071,2022-05-22T07:23:43.416000,NOT_SPECIFIED_IN_WORKBOOK,782
345,34.6995838,32.535588,2022-05-22T07:23:48.403000,NOT_SPECIFIED_IN_WORKBOOK,783
345,34.6996003,32.5355808,2022-05-22T07:23:53.411000,NOT_SPECIFIED_IN_WORKBOOK,784
345,34.6995999,32.5355808,2022-05-22T07:23:58.359000,NOT_SPECIFIED_IN_WORKBOOK,785
345,34.6995966,32.5355905,2022-05-22T07:24:02.412000,NOT_SPECIFIED_IN_WORKBOOK,786
345,34.6995943,32.5355942,2022-05-22T07:24:07.412000,NOT_SPECIFIED_IN_WORKBOOK,787
345,34.6995943,32.5355942,2022-05-22T07:24:11.402000,NOT_SPECIFIED_IN_WORKBOOK,788
345,34.6995943,32.5355942,2022-05-22T07:24:16.387000,NOT_SPECIFIED_IN_WORKBOOK,789
345,34.6995943,32.5355942,2022-05-22T07:24:21.395000,NOT_SPECIFIED_IN_WORKBOOK,790
345,34.6995943,32.5355942,2022-05-22T07:24:24.883000,NOT_SPECIFIED_IN_WORKBOOK,791
345,34.6995845,32.535577,2022-05-22T07:24:29.361000,NOT_SPECIFIED_IN_WORKBOOK,792
345,34.699593,32.5356008,2022-05-22T07:24:33.373000,NOT_SPECIFIED_IN_WORKBOOK,793
345,34.6995845,32.535585,2022-05-22T07:24:37.470000,NOT_SPECIFIED_IN_WORKBOOK,794
345,34.699581,32.535585,2022-05-22T07:24:44.958000,NOT_SPECIFIED_IN_WORKBOOK,795
345,34.6995706,32.5355741,2022-05-22T07:24:48.028000,NOT_SPECIFIED_IN_WORKBOOK,796
345,34.6995666,32.5355745,2022-05-22T07:24:52.380000,NOT_SPECIFIED_IN_WORKBOOK,797
345,34.6995666,32.5355745,2022-05-22T07:24:56.700000,NOT_SPECIFIED_IN_WORKBOOK,798
345,34.6995666,32.5355745,2022-05-22T07:25:01.387000,NOT_SPECIFIED_IN_WORKBOOK,799
345,34.6995698,32.5355756,2022-05-22T07:25:05.377000,NOT_SPECIFIED_IN_WORKBOOK,800
345,34.6996006,32.5355802,2022-05-22T07:25:09.386000,NOT_SPECIFIED_IN_WORKBOOK,801
345,34.6996002,32.5355714,2022-05-22T07:25:14.394000,NOT_SPECIFIED_IN_WORKBOOK,802
345,34.6996024,32.5355713,2022-05-22T07:25:18.369000,NOT_SPECIFIED_IN_WORKBOOK,803
345,34.6996074,32.5355714,2022-05-22T07:25:23.375000,NOT_SPECIFIED_IN_WORKBOOK,804
345,34.6996184,32.5355704,2022-05-22T07:25:27.384000,NOT_SPECIFIED_IN_WORKBOOK,805
345,34.6996239,32.5355793,2022-05-22T07:25:32.368000,NOT_SPECIFIED_IN_WORKBOOK,806
345,34.6996263,32.5355804,2022-05-22T07:25:36.376000,NOT_SPECIFIED_IN_WORKBOOK,807
345,34.6996274,32.5355819,2022-05-22T07:25:41.358000,NOT_SPECIFIED_IN_WORKBOOK,808
345,34.6996251,32.5355781,2022-05-22T07:25:46.376000,NOT_SPECIFIED_IN_WORKBOOK,809
345,34.6996303,32.5355794,2022-05-22T07:25:50.376000,NOT_SPECIFIED_IN_WORKBOOK,810
345,34.6996299,32.5355785,2022-05-22T07:25:55.359000,NOT_SPECIFIED_IN_WORKBOOK,811
345,34.6996305,32.5355796,2022-05-22T07:26:00.376000,NOT_SPECIFIED_IN_WORKBOOK,812
345,34.6996306,32.5355819,2022-05-22T07:26:05.396000,NOT_SPECIFIED_IN_WORKBOOK,813
345,34.6996248,32.535578,2022-05-22T07:26:10.360000,NOT_SPECIFIED_IN_WORKBOOK,814
345,34.699625,32.5355778,2022-05-22T07:26:14.370000,NOT_SPECIFIED_IN_WORKBOOK,815
345,34.699625,32.5355778,2022-05-22T07:26:19.365000,NOT_SPECIFIED_IN_WORKBOOK,816
345,34.699625,32.5355778,2022-05-22T07:26:23.380000,NOT_SPECIFIED_IN_WORKBOOK,817
345,34.6996094,32.5355713,2022-05-22T07:26:27.380000,NOT_SPECIFIED_IN_WORKBOOK,818
345,34.699616,32.5355845,2022-05-22T07:26:32.268000,NOT_SPECIFIED_IN_WORKBOOK,819
345,34.6996164,32.5355861,2022-05-22T07:26:36.363000,NOT_SPECIFIED_IN_WORKBOOK,820
345,34.6996185,32.535587,2022-05-22T07:26:40.369000,NOT_SPECIFIED_IN_WORKBOOK,821
345,34.6996086,32.5355754,2022-05-22T07:26:44.872000,NOT_SPECIFIED_IN_WORKBOOK,822
345,34.6995777,32.5355158,2022-05-22T07:26:49.398000,NOT_SPECIFIED_IN_WORKBOOK,823
345,34.6995697,32.5354355,2022-05-22T07:26:54.021000,NOT_SPECIFIED_IN_WORKBOOK,824
345,34.6995798,32.5354029,2022-05-22T07:26:58.395000,NOT_SPECIFIED_IN_WORKBOOK,825
345,34.699583,32.5353586,2022-05-22T07:27:02.466000,NOT_SPECIFIED_IN_WORKBOOK,826
345,34.6995935,32.5353615,2022-05-22T07:27:06.998000,NOT_SPECIFIED_IN_WORKBOOK,827
345,34.6996212,32.5353509,2022-05-22T07:27:11.462000,NOT_SPECIFIED_IN_WORKBOOK,828
345,34.6996697,32.535324,2022-05-22T07:27:16.166000,NOT_SPECIFIED_IN_WORKBOOK,829
345,34.6996912,32.5353062,2022-05-22T07:27:20.229000,NOT_SPECIFIED_IN_WORKBOOK,830
345,34.699711,32.535266,2022-05-22T07:27:24.463000,NOT_SPECIFIED_IN_WORKBOOK,831
345,34.6997181,32.5352193,2022-05-22T07:27:28.462000,NOT_SPECIFIED_IN_WORKBOOK,832
345,34.6997387,32.5351772,2022-05-22T07:27:33.098000,NOT_SPECIFIED_IN_WORKBOOK,833
345,34.699754,32.5351656,2022-05-22T07:27:37.481000,NOT_SPECIFIED_IN_WORKBOOK,834
345,34.6997558,32.5351336,2022-05-22T07:27:41.484000,NOT_SPECIFIED_IN_WORKBOOK,835
345,34.6997564,32.5350919,2022-05-22T07:27:45.913000,NOT_SPECIFIED_IN_WORKBOOK,836
345,34.6997463,32.5350749,2022-05-22T07:27:50.386000,NOT_SPECIFIED_IN_WORKBOOK,837
345,34.6997453,32.5350848,2022-05-22T07:27:54.449000,NOT_SPECIFIED_IN_WORKBOOK,838
345,34.699744,32.535086,2022-05-22T07:27:58.893000,NOT_SPECIFIED_IN_WORKBOOK,839
345,34.6997423,32.535086,2022-05-22T07:28:03.367000,NOT_SPECIFIED_IN_WORKBOOK,840
345,34.6997623,32.5350668,2022-05-22T07:28:08.035000,NOT_SPECIFIED_IN_WORKBOOK,841
345,34.699763,32.5350288,2022-05-22T07:28:12.345000,NOT_SPECIFIED_IN_WORKBOOK,842
345,34.6997613,32.535054,2022-05-22T07:28:16.362000,NOT_SPECIFIED_IN_WORKBOOK,843
345,34.6997598,32.535091,2022-05-22T07:28:21.378000,NOT_SPECIFIED_IN_WORKBOOK,844
345,34.6997586,32.5350959,2022-05-22T07:28:26.359000,NOT_SPECIFIED_IN_WORKBOOK,845
345,34.6997599,32.5350981,2022-05-22T07:28:30.375000,NOT_SPECIFIED_IN_WORKBOOK,846
345,34.6997459,32.5351006,2022-05-22T07:28:34.473000,NOT_SPECIFIED_IN_WORKBOOK,847
345,34.6997368,32.5350956,2022-05-22T07:28:39.379000,NOT_SPECIFIED_IN_WORKBOOK,848
345,34.6986401,32.5327358,2022-05-22T07:39:21.412000,NOT_SPECIFIED_IN_WORKBOOK,849
345,34.6986354,32.5326827,2022-05-22T07:39:26.415000,NOT_SPECIFIED_IN_WORKBOOK,850
345,34.6986261,32.53265,2022-05-22T07:39:30.836000,NOT_SPECIFIED_IN_WORKBOOK,851
345,34.6986022,32.5325874,2022-05-22T07:39:35.449000,NOT_SPECIFIED_IN_WORKBOOK,852
345,34.6985696,32.5325283,2022-05-22T07:39:39.482000,NOT_SPECIFIED_IN_WORKBOOK,853
345,34.6985466,32.532466,2022-05-22T07:39:43.989000,NOT_SPECIFIED_IN_WORKBOOK,854
345,34.6985308,32.5324161,2022-05-22T07:39:48.021000,NOT_SPECIFIED_IN_WORKBOOK,855
345,34.6985126,32.5323455,2022-05-22T07:39:52.432000,NOT_SPECIFIED_IN_WORKBOOK,856
345,34.698497,32.5322935,2022-05-22T07:39:57.234000,NOT_SPECIFIED_IN_WORKBOOK,857
345,34.6984778,32.5322421,2022-05-22T07:40:01.553000,NOT_SPECIFIED_IN_WORKBOOK,858
345,34.6984637,32.5322082,2022-05-22T07:40:06.393000,NOT_SPECIFIED_IN_WORKBOOK,859
345,34.6984509,32.5321924,2022-05-22T07:40:10.413000,NOT_SPECIFIED_IN_WORKBOOK,860
345,34.6984508,32.5321986,2022-05-22T07:40:14.396000,NOT_SPECIFIED_IN_WORKBOOK,861
345,34.6984512,32.5321991,2022-05-22T07:40:18.417000,NOT_SPECIFIED_IN_WORKBOOK,862
345,34.6984517,32.5321992,2022-05-22T07:40:22.505000,NOT_SPECIFIED_IN_WORKBOOK,863
345,34.6984512,32.5322001,2022-05-22T07:40:26.451000,NOT_SPECIFIED_IN_WORKBOOK,864
345,34.6984542,32.5322043,2022-05-22T07:40:31.394000,NOT_SPECIFIED_IN_WORKBOOK,865
345,34.6984542,32.5322047,2022-05-22T07:40:35.407000,NOT_SPECIFIED_IN_WORKBOOK,866
345,34.6984542,32.5322047,2022-05-22T07:40:41.587000,NOT_SPECIFIED_IN_WORKBOOK,867
345,34.6984542,32.5322047,2022-05-22T07:40:45.406000,NOT_SPECIFIED_IN_WORKBOOK,868
345,34.6984272,32.5321786,2022-05-22T07:40:49.411000,NOT_SPECIFIED_IN_WORKBOOK,869
345,34.6983779,32.5321459,2022-05-22T07:40:53.854000,NOT_SPECIFIED_IN_WORKBOOK,870
345,34.6983333,32.53209,2022-05-22T07:40:58.343000,NOT_SPECIFIED_IN_WORKBOOK,871
345,34.6983048,32.5320222,2022-05-22T07:41:03.411000,NOT_SPECIFIED_IN_WORKBOOK,872
345,34.6982694,32.5319727,2022-05-22T07:41:08.147000,NOT_SPECIFIED_IN_WORKBOOK,873
345,34.6982366,32.5319296,2022-05-22T07:41:12.323000,NOT_SPECIFIED_IN_WORKBOOK,874
345,34.6982003,32.5318647,2022-05-22T07:41:16.934000,NOT_SPECIFIED_IN_WORKBOOK,875
345,34.6981759,32.5318291,2022-05-22T07:41:21.071000,NOT_SPECIFIED_IN_WORKBOOK,876
345,34.6981554,32.5318086,2022-05-22T07:41:25.409000,NOT_SPECIFIED_IN_WORKBOOK,877
345,34.6981615,32.5318172,2022-05-22T07:41:29.410000,NOT_SPECIFIED_IN_WORKBOOK,878
345,34.6981626,32.5318192,2022-05-22T07:41:34.420000,NOT_SPECIFIED_IN_WORKBOOK,879
345,34.6981634,32.5318204,2022-05-22T07:41:39.424000,NOT_SPECIFIED_IN_WORKBOOK,880
345,34.6981637,32.5318204,2022-05-22T07:41:44.387000,NOT_SPECIFIED_IN_WORKBOOK,881
345,34.6981368,32.5317982,2022-05-22T07:41:48.407000,NOT_SPECIFIED_IN_WORKBOOK,882
345,34.6980929,32.5317408,2022-05-22T07:41:52.707000,NOT_SPECIFIED_IN_WORKBOOK,883
345,34.698056,32.5316778,2022-05-22T07:41:57.360000,NOT_SPECIFIED_IN_WORKBOOK,884
345,34.6980336,32.531613,2022-05-22T07:42:01.422000,NOT_SPECIFIED_IN_WORKBOOK,885
345,34.6980179,32.5315347,2022-05-22T07:42:06.007000,NOT_SPECIFIED_IN_WORKBOOK,886
345,34.6980159,32.5314649,2022-05-22T07:42:10.295000,NOT_SPECIFIED_IN_WORKBOOK,887
345,34.6980243,32.5314039,2022-05-22T07:42:14.386000,NOT_SPECIFIED_IN_WORKBOOK,888
345,34.6980387,32.5313259,2022-05-22T07:42:19.400000,NOT_SPECIFIED_IN_WORKBOOK,889
345,34.6980489,32.5312508,2022-05-22T07:42:23.856000,NOT_SPECIFIED_IN_WORKBOOK,890
345,34.698055,32.531183,2022-05-22T07:42:28.268000,NOT_SPECIFIED_IN_WORKBOOK,891
345,34.698047,32.5311181,2022-05-22T07:42:32.789000,NOT_SPECIFIED_IN_WORKBOOK,892
345,34.698049,32.5310527,2022-05-22T07:42:37.208000,NOT_SPECIFIED_IN_WORKBOOK,893
345,34.6980396,32.5309943,2022-05-22T07:42:41.253000,NOT_SPECIFIED_IN_WORKBOOK,894
345,34.6980458,32.5309342,2022-05-22T07:42:45.687000,NOT_SPECIFIED_IN_WORKBOOK,895
345,34.6980609,32.5308743,2022-05-22T07:42:49.741000,NOT_SPECIFIED_IN_WORKBOOK,896
345,34.6980629,32.5308067,2022-05-22T07:42:54.279000,NOT_SPECIFIED_IN_WORKBOOK,897
345,34.6980488,32.5307529,2022-05-22T07:42:58.422000,NOT_SPECIFIED_IN_WORKBOOK,898
345,34.6980538,32.5306801,2022-05-22T07:43:03.237000,NOT_SPECIFIED_IN_WORKBOOK,899
345,34.6980623,32.5305908,2022-05-22T07:43:08.513000,NOT_SPECIFIED_IN_WORKBOOK,900
345,34.6980797,32.5305337,2022-05-22T07:43:13.284000,NOT_SPECIFIED_IN_WORKBOOK,901
345,34.6980841,32.5304423,2022-05-22T07:43:17.726000,NOT_SPECIFIED_IN_WORKBOOK,902
345,34.6980844,32.5303804,2022-05-22T07:43:22.191000,NOT_SPECIFIED_IN_WORKBOOK,903
345,34.6981025,32.530304,2022-05-22T07:43:26.488000,NOT_SPECIFIED_IN_WORKBOOK,904
345,34.6981161,32.5302383,2022-05-22T07:43:30.540000,NOT_SPECIFIED_IN_WORKBOOK,905
345,34.6981446,32.5301675,2022-05-22T07:43:35.026000,NOT_SPECIFIED_IN_WORKBOOK,906
345,34.6981749,32.5300994,2022-05-22T07:43:39.964000,NOT_SPECIFIED_IN_WORKBOOK,907
345,34.6981969,32.5300277,2022-05-22T07:43:44.493000,NOT_SPECIFIED_IN_WORKBOOK,908
345,34.6982133,32.5299839,2022-05-22T07:43:49.159000,NOT_SPECIFIED_IN_WORKBOOK,909
345,34.6982389,32.5299219,2022-05-22T07:43:53.509000,NOT_SPECIFIED_IN_WORKBOOK,910
345,34.6982677,32.5298681,2022-05-22T07:43:58.501000,NOT_SPECIFIED_IN_WORKBOOK,911
345,34.6983009,32.5298077,2022-05-22T07:44:03.158000,NOT_SPECIFIED_IN_WORKBOOK,912
345,34.6983402,32.5297643,2022-05-22T07:44:07.149000,NOT_SPECIFIED_IN_WORKBOOK,913
345,34.6983873,32.5297307,2022-05-22T07:44:11.615000,NOT_SPECIFIED_IN_WORKBOOK,914
345,34.6984483,32.5297109,2022-05-22T07:44:16.323000,NOT_SPECIFIED_IN_WORKBOOK,915
345,34.6985221,32.5297067,2022-05-22T07:44:21.434000,NOT_SPECIFIED_IN_WORKBOOK,916
345,34.6985636,32.529694,2022-05-22T07:44:25.511000,NOT_SPECIFIED_IN_WORKBOOK,917
345,34.6986083,32.5296758,2022-05-22T07:44:29.507000,NOT_SPECIFIED_IN_WORKBOOK,918
345,34.6986676,32.529663,2022-05-22T07:44:34.156000,NOT_SPECIFIED_IN_WORKBOOK,919
345,34.6987185,32.5296458,2022-05-22T07:44:38.496000,NOT_SPECIFIED_IN_WORKBOOK,920
345,34.6987758,32.5296093,2022-05-22T07:44:43.532000,NOT_SPECIFIED_IN_WORKBOOK,921
345,34.6988318,32.5295701,2022-05-22T07:44:48.322000,NOT_SPECIFIED_IN_WORKBOOK,922
345,34.6988843,32.5295509,2022-05-22T07:44:52.504000,NOT_SPECIFIED_IN_WORKBOOK,923
345,34.6989344,32.5295717,2022-05-22T07:44:57.158000,NOT_SPECIFIED_IN_WORKBOOK,924
345,34.6989372,32.5295901,2022-05-22T07:45:02.111000,NOT_SPECIFIED_IN_WORKBOOK,925
345,34.6989286,32.5295962,2022-05-22T07:45:06.404000,NOT_SPECIFIED_IN_WORKBOOK,926
345,34.6989222,32.529598,2022-05-22T07:45:10.419000,NOT_SPECIFIED_IN_WORKBOOK,927
345,34.6989194,32.5295976,2022-05-22T07:45:14.439000,NOT_SPECIFIED_IN_WORKBOOK,928
345,34.6989193,32.5295985,2022-05-22T07:45:19.443000,NOT_SPECIFIED_IN_WORKBOOK,929
345,34.6989182,32.5295987,2022-05-22T07:45:23.411000,NOT_SPECIFIED_IN_WORKBOOK,930
345,34.698915,32.5296031,2022-05-22T07:45:28.412000,NOT_SPECIFIED_IN_WORKBOOK,931
345,34.698915,32.5296031,2022-05-22T07:45:33.000000,NOT_SPECIFIED_IN_WORKBOOK,932
346,34.7095955,32.5347095,2022-05-22T07:38:09.000000,NOT_SPECIFIED_IN_WORKBOOK,933
346,34.698821,32.5334209,2022-05-22T07:38:17.389000,NOT_SPECIFIED_IN_WORKBOOK,934
346,34.6988139,32.5333165,2022-05-22T07:38:27.453000,NOT_SPECIFIED_IN_WORKBOOK,935
346,34.6988054,32.5332418,2022-05-22T07:38:27.456000,NOT_SPECIFIED_IN_WORKBOOK,936
346,34.6987949,32.5331752,2022-05-22T07:38:30.732000,NOT_SPECIFIED_IN_WORKBOOK,937
346,34.6987885,32.5331184,2022-05-22T07:38:34.947000,NOT_SPECIFIED_IN_WORKBOOK,938
346,34.6987749,32.5330746,2022-05-22T07:38:39.028000,NOT_SPECIFIED_IN_WORKBOOK,939
346,34.6987572,32.5330212,2022-05-22T07:38:43.266000,NOT_SPECIFIED_IN_WORKBOOK,940
346,34.6987386,32.5329737,2022-05-22T07:38:47.428000,NOT_SPECIFIED_IN_WORKBOOK,941
346,34.6987238,32.532906,2022-05-22T07:38:52.100000,NOT_SPECIFIED_IN_WORKBOOK,942
346,34.6987046,32.532867,2022-05-22T07:38:57.255000,NOT_SPECIFIED_IN_WORKBOOK,943
346,34.6986964,32.5328172,2022-05-22T07:39:06.347000,NOT_SPECIFIED_IN_WORKBOOK,944
346,34.6986897,32.532769,2022-05-22T07:39:06.633000,NOT_SPECIFIED_IN_WORKBOOK,945
346,34.698697,32.5327914,2022-05-22T07:39:12.624000,NOT_SPECIFIED_IN_WORKBOOK,946
346,34.698702,32.5328191,2022-05-22T07:39:16.962000,NOT_SPECIFIED_IN_WORKBOOK,947
346,34.6986885,32.5327944,2022-05-22T07:39:21.399000,NOT_SPECIFIED_IN_WORKBOOK,948
346,34.6986816,32.5327778,2022-05-22T07:39:25.561000,NOT_SPECIFIED_IN_WORKBOOK,949
346,34.6986415,32.5326969,2022-05-22T07:39:29.651000,NOT_SPECIFIED_IN_WORKBOOK,950
346,34.6986085,32.5326303,2022-05-22T07:39:33.945000,NOT_SPECIFIED_IN_WORKBOOK,951
346,34.6985662,32.5325415,2022-05-22T07:39:39.347000,NOT_SPECIFIED_IN_WORKBOOK,952
346,34.6985574,32.5324713,2022-05-22T07:39:44.025000,NOT_SPECIFIED_IN_WORKBOOK,953
346,34.6985365,32.5324217,2022-05-22T07:39:48.224000,NOT_SPECIFIED_IN_WORKBOOK,954
346,34.6985089,32.5323735,2022-05-22T07:39:52.404000,NOT_SPECIFIED_IN_WORKBOOK,955
346,34.6984858,32.5323266,2022-05-22T07:39:56.442000,NOT_SPECIFIED_IN_WORKBOOK,956
346,34.6984622,32.5322674,2022-05-22T07:40:00.739000,NOT_SPECIFIED_IN_WORKBOOK,957
346,34.6984355,32.5322148,2022-05-22T07:40:04.979000,NOT_SPECIFIED_IN_WORKBOOK,958
346,34.6984208,32.5322065,2022-05-22T07:40:15.046000,NOT_SPECIFIED_IN_WORKBOOK,959
346,34.6984012,32.5322456,2022-05-22T07:40:15.055000,NOT_SPECIFIED_IN_WORKBOOK,960
346,34.6984349,32.5322502,2022-05-22T07:40:20.618000,NOT_SPECIFIED_IN_WORKBOOK,961
346,34.6984348,32.5322388,2022-05-22T07:40:24.817000,NOT_SPECIFIED_IN_WORKBOOK,962
346,34.698433,32.5322343,2022-05-22T07:40:31.063000,NOT_SPECIFIED_IN_WORKBOOK,963
346,34.6984385,32.5322318,2022-05-22T07:40:35.971000,NOT_SPECIFIED_IN_WORKBOOK,964
346,34.6984389,32.5322478,2022-05-22T07:40:45.948000,NOT_SPECIFIED_IN_WORKBOOK,965
346,34.6984363,32.5322258,2022-05-22T07:40:50.202000,NOT_SPECIFIED_IN_WORKBOOK,966
346,34.6984193,32.5322061,2022-05-22T07:40:54.631000,NOT_SPECIFIED_IN_WORKBOOK,967
346,34.698367,32.5321068,2022-05-22T07:40:58.992000,NOT_SPECIFIED_IN_WORKBOOK,968
346,34.6983364,32.5320264,2022-05-22T07:41:03.612000,NOT_SPECIFIED_IN_WORKBOOK,969
346,34.6982937,32.5319629,2022-05-22T07:41:08.107000,NOT_SPECIFIED_IN_WORKBOOK,970
346,34.6982573,32.5318996,2022-05-22T07:41:12.630000,NOT_SPECIFIED_IN_WORKBOOK,971
346,34.6982061,32.5318693,2022-05-22T07:41:17.053000,NOT_SPECIFIED_IN_WORKBOOK,972
346,34.6981648,32.5318317,2022-05-22T07:41:21.165000,NOT_SPECIFIED_IN_WORKBOOK,973
346,34.6981206,32.5317996,2022-05-22T07:41:35.299000,NOT_SPECIFIED_IN_WORKBOOK,974
346,34.6981195,32.5318216,2022-05-22T07:41:40.868000,NOT_SPECIFIED_IN_WORKBOOK,975
346,34.6981357,32.5318272,2022-05-22T07:41:48.730000,NOT_SPECIFIED_IN_WORKBOOK,976
346,34.6981047,32.5317855,2022-05-22T07:41:53.090000,NOT_SPECIFIED_IN_WORKBOOK,977
346,34.6980774,32.5317089,2022-05-22T07:41:57.308000,NOT_SPECIFIED_IN_WORKBOOK,978
346,34.6980743,32.5316382,2022-05-22T07:42:01.493000,NOT_SPECIFIED_IN_WORKBOOK,979
346,34.6980152,32.5315644,2022-05-22T07:42:05.996000,NOT_SPECIFIED_IN_WORKBOOK,980
346,34.6980356,32.5315241,2022-05-22T07:42:10.374000,NOT_SPECIFIED_IN_WORKBOOK,981
346,34.6980282,32.5314214,2022-05-22T07:42:14.679000,NOT_SPECIFIED_IN_WORKBOOK,982
346,34.698048,32.5313403,2022-05-22T07:42:19.161000,NOT_SPECIFIED_IN_WORKBOOK,983
346,34.6980524,32.5312651,2022-05-22T07:42:23.337000,NOT_SPECIFIED_IN_WORKBOOK,984
346,34.6980482,32.5311745,2022-05-22T07:42:28.259000,NOT_SPECIFIED_IN_WORKBOOK,985
346,34.6980492,32.5311058,2022-05-22T07:42:32.760000,NOT_SPECIFIED_IN_WORKBOOK,986
346,34.6980564,32.5310412,2022-05-22T07:42:37.335000,NOT_SPECIFIED_IN_WORKBOOK,987
346,34.6980642,32.5309826,2022-05-22T07:42:41.956000,NOT_SPECIFIED_IN_WORKBOOK,988
346,34.6980467,32.5309213,2022-05-22T07:42:46.580000,NOT_SPECIFIED_IN_WORKBOOK,989
346,34.6980478,32.5308562,2022-05-22T07:42:50.769000,NOT_SPECIFIED_IN_WORKBOOK,990
346,34.6980517,32.5308028,2022-05-22T07:42:54.853000,NOT_SPECIFIED_IN_WORKBOOK,991
346,34.698058,32.5307299,2022-05-22T07:42:59.532000,NOT_SPECIFIED_IN_WORKBOOK,992
346,34.6980475,32.530659,2022-05-22T07:43:04.352000,NOT_SPECIFIED_IN_WORKBOOK,993
346,34.69805,32.5305884,2022-05-22T07:43:08.419000,NOT_SPECIFIED_IN_WORKBOOK,994
346,34.6980669,32.5305177,2022-05-22T07:43:12.872000,NOT_SPECIFIED_IN_WORKBOOK,995
346,34.6980853,32.5304481,2022-05-22T07:43:17.280000,NOT_SPECIFIED_IN_WORKBOOK,996
346,34.6980891,32.5303671,2022-05-22T07:43:22.197000,NOT_SPECIFIED_IN_WORKBOOK,997
346,34.6980991,32.530298,2022-05-22T07:43:26.200000,NOT_SPECIFIED_IN_WORKBOOK,998
346,34.698113,32.5302211,2022-05-22T07:43:30.676000,NOT_SPECIFIED_IN_WORKBOOK,999
346,34.6981371,32.530154,2022-05-22T07:43:35.191000,NOT_SPECIFIED_IN_WORKBOOK,1000
346,34.6981624,32.5301047,2022-05-22T07:43:39.768000,NOT_SPECIFIED_IN_WORKBOOK,1001
346,34.6981983,32.5300548,2022-05-22T07:43:44.319000,NOT_SPECIFIED_IN_WORKBOOK,1002
346,34.6982323,32.5300068,2022-05-22T07:43:48.786000,NOT_SPECIFIED_IN_WORKBOOK,1003
346,34.6982707,32.5299494,2022-05-22T07:43:53.850000,NOT_SPECIFIED_IN_WORKBOOK,1004
346,34.6983096,32.5298957,2022-05-22T07:43:58.307000,NOT_SPECIFIED_IN_WORKBOOK,1005
346,34.6983411,32.5298595,2022-05-22T07:44:02.981000,NOT_SPECIFIED_IN_WORKBOOK,1006
346,34.6984004,32.5298154,2022-05-22T07:44:08.370000,NOT_SPECIFIED_IN_WORKBOOK,1007
346,34.6984467,32.5297747,2022-05-22T07:44:13.497000,NOT_SPECIFIED_IN_WORKBOOK,1008
346,34.6984975,32.5297661,2022-05-22T07:44:17.682000,NOT_SPECIFIED_IN_WORKBOOK,1009
346,34.6985411,32.5297344,2022-05-22T07:44:22.131000,NOT_SPECIFIED_IN_WORKBOOK,1010
346,34.6986047,32.5297206,2022-05-22T07:44:27.293000,NOT_SPECIFIED_IN_WORKBOOK,1011
346,34.6986584,32.5297096,2022-05-22T07:44:31.447000,NOT_SPECIFIED_IN_WORKBOOK,1012
346,34.698707,32.52971,2022-05-22T07:44:35.503000,NOT_SPECIFIED_IN_WORKBOOK,1013
346,34.6987683,32.5296878,2022-05-22T07:44:40.234000,NOT_SPECIFIED_IN_WORKBOOK,1014
346,34.6988251,32.529665,2022-05-22T07:44:45.082000,NOT_SPECIFIED_IN_WORKBOOK,1015
346,34.6988583,32.5296122,2022-05-22T07:44:49.562000,NOT_SPECIFIED_IN_WORKBOOK,1016
346,34.6988895,32.529597,2022-05-22T07:44:53.749000,NOT_SPECIFIED_IN_WORKBOOK,1017
346,34.698944,32.5296106,2022-05-22T07:44:57.998000,NOT_SPECIFIED_IN_WORKBOOK,1018
346,34.6989648,32.5296186,2022-05-22T07:45:02.251000,NOT_SPECIFIED_IN_WORKBOOK,1019
346,34.6990031,32.5296231,2022-05-22T07:45:06.699000,NOT_SPECIFIED_IN_WORKBOOK,1020
346,34.6990085,32.529596,2022-05-22T07:45:11.218000,NOT_SPECIFIED_IN_WORKBOOK,1021
346,34.6990244,32.5295788,2022-05-22T07:45:15.412000,NOT_SPECIFIED_IN_WORKBOOK,1022
346,34.6990197,32.5295624,2022-05-22T07:45:22.989000,NOT_SPECIFIED_IN_WORKBOOK,1023
346,34.6990027,32.5295766,2022-05-22T07:45:28.775000,NOT_SPECIFIED_IN_WORKBOOK,1024
346,34.6989837,32.5295859,2022-05-22T07:45:33.038000,NOT_SPECIFIED_IN_WORKBOOK,1025
346,34.6989257,32.5295851,2022-05-22T07:45:44.379000,NOT_SPECIFIED_IN_WORKBOOK,1026
346,34.6989179,32.5295847,2022-05-22T07:45:53.316000,NOT_SPECIFIED_IN_WORKBOOK,1027
346,34.6989187,32.5295839,2022-05-22T07:45:57.586000,NOT_SPECIFIED_IN_WORKBOOK,1028
346,34.6989153,32.5295836,2022-05-22T07:46:01.982000,NOT_SPECIFIED_IN_WORKBOOK,1029
346,34.6989248,32.5295899,2022-05-22T07:46:06.238000,NOT_SPECIFIED_IN_WORKBOOK,1030
346,34.6989514,32.5295682,2022-05-22T07:46:10.287000,NOT_SPECIFIED_IN_WORKBOOK,1031
346,34.6989859,32.5295475,2022-05-22T07:46:14.736000,NOT_SPECIFIED_IN_WORKBOOK,1032
346,34.6990542,32.5296101,2022-05-22T07:46:19.593000,NOT_SPECIFIED_IN_WORKBOOK,1033
346,34.6990839,32.5296306,2022-05-22T07:46:23.931000,NOT_SPECIFIED_IN_WORKBOOK,1034
346,34.6990866,32.5296261,2022-05-22T07:46:32.972000,NOT_SPECIFIED_IN_WORKBOOK,1035
346,34.6990898,32.5296275,2022-05-22T07:46:37.232000,NOT_SPECIFIED_IN_WORKBOOK,1036
346,34.6991006,32.5296273,2022-05-22T07:46:42.123000,NOT_SPECIFIED_IN_WORKBOOK,1037
346,34.6991105,32.5296285,2022-05-22T07:46:47.272000,NOT_SPECIFIED_IN_WORKBOOK,1038
346,34.6991183,32.5296256,2022-05-22T07:46:51.961000,NOT_SPECIFIED_IN_WORKBOOK,1039
346,34.6991225,32.5296083,2022-05-22T07:46:57.509000,NOT_SPECIFIED_IN_WORKBOOK,1040
346,34.6991157,32.5295953,2022-05-22T07:47:01.930000,NOT_SPECIFIED_IN_WORKBOOK,1041
346,34.6991076,32.5295903,2022-05-22T07:47:06.509000,NOT_SPECIFIED_IN_WORKBOOK,1042
346,34.6991095,32.5295863,2022-05-22T07:47:10.958000,NOT_SPECIFIED_IN_WORKBOOK,1043
346,34.699107,32.5295727,2022-05-22T07:47:18.278000,NOT_SPECIFIED_IN_WORKBOOK,1044
346,34.6991083,32.529571,2022-05-22T07:47:21.586000,NOT_SPECIFIED_IN_WORKBOOK,1045
346,34.6990925,32.5295711,2022-05-22T07:47:27.857000,NOT_SPECIFIED_IN_WORKBOOK,1046
346,34.6991051,32.5295677,2022-05-22T07:47:37.437000,NOT_SPECIFIED_IN_WORKBOOK,1047
346,34.6990942,32.5295626,2022-05-22T07:47:42.437000,NOT_SPECIFIED_IN_WORKBOOK,1048
346,34.6990955,32.5295522,2022-05-22T07:47:47.995000,NOT_SPECIFIED_IN_WORKBOOK,1049
346,34.6990937,32.5295522,2022-05-22T07:47:56.961000,NOT_SPECIFIED_IN_WORKBOOK,1050
346,34.6991064,32.5295622,2022-05-22T07:48:05.950000,NOT_SPECIFIED_IN_WORKBOOK,1051
346,34.6991055,32.5295626,2022-05-22T07:48:15.924000,NOT_SPECIFIED_IN_WORKBOOK,1052
346,34.6991075,32.5295666,2022-05-22T07:48:24.960000,NOT_SPECIFIED_IN_WORKBOOK,1053
346,34.6991091,32.5295746,2022-05-22T07:48:33.949000,NOT_SPECIFIED_IN_WORKBOOK,1054
346,34.6991129,32.5295815,2022-05-22T07:48:43.945000,NOT_SPECIFIED_IN_WORKBOOK,1055
346,34.6991128,32.5295864,2022-05-22T07:48:53.948000,NOT_SPECIFIED_IN_WORKBOOK,1056
346,34.6991182,32.5295923,2022-05-22T07:49:03.944000,NOT_SPECIFIED_IN_WORKBOOK,1057
346,34.6991181,32.5295914,2022-05-22T07:49:08.554000,NOT_SPECIFIED_IN_WORKBOOK,1058
346,34.6991194,32.5295939,2022-05-22T07:49:12.950000,NOT_SPECIFIED_IN_WORKBOOK,1059
346,34.6991193,32.5295915,2022-05-22T07:49:18.562000,NOT_SPECIFIED_IN_WORKBOOK,1060
346,34.6991184,32.5295931,2022-05-22T07:49:22.932000,NOT_SPECIFIED_IN_WORKBOOK,1061
346,34.6991181,32.5295911,2022-05-22T07:49:28.588000,NOT_SPECIFIED_IN_WORKBOOK,1062
346,34.6991153,32.5295859,2022-05-22T07:49:32.954000,NOT_SPECIFIED_IN_WORKBOOK,1063
346,34.6991153,32.5295859,2022-05-22T07:49:39.000000,NOT_SPECIFIED_IN_WORKBOOK,1064
348,34.7114405,32.5049184,2022-05-22T06:25:03.000000,NOT_SPECIFIED_IN_WORKBOOK,1065
348,34.6991219,32.5295425,2022-05-22T06:25:06.534000,NOT_SPECIFIED_IN_WORKBOOK,1066
348,34.6990885,32.5295622,2022-05-22T06:25:11.486000,NOT_SPECIFIED_IN_WORKBOOK,1067
348,34.6986367,32.5291244,2022-05-22T06:25:16.382000,NOT_SPECIFIED_IN_WORKBOOK,1068
348,34.6986632,32.5291328,2022-05-22T06:25:20.389000,NOT_SPECIFIED_IN_WORKBOOK,1069
348,34.6986921,32.5291484,2022-05-22T06:25:24.435000,NOT_SPECIFIED_IN_WORKBOOK,1070
348,34.6987327,32.5291624,2022-05-22T06:25:28.432000,NOT_SPECIFIED_IN_WORKBOOK,1071
348,34.6987469,32.5291782,2022-05-22T06:25:32.440000,NOT_SPECIFIED_IN_WORKBOOK,1072
348,34.6987455,32.5291772,2022-05-22T06:25:36.440000,NOT_SPECIFIED_IN_WORKBOOK,1073
348,34.6987455,32.5291772,2022-05-22T06:25:40.488000,NOT_SPECIFIED_IN_WORKBOOK,1074
348,34.6987455,32.5291772,2022-05-22T06:25:45.486000,NOT_SPECIFIED_IN_WORKBOOK,1075
348,34.6987161,32.529236,2022-05-22T06:25:49.490000,NOT_SPECIFIED_IN_WORKBOOK,1076
348,34.6987166,32.529235,2022-05-22T06:25:54.488000,NOT_SPECIFIED_IN_WORKBOOK,1077
348,34.6987074,32.5292929,2022-05-22T06:25:59.483000,NOT_SPECIFIED_IN_WORKBOOK,1078
348,34.6987059,32.5293023,2022-05-22T06:26:04.469000,NOT_SPECIFIED_IN_WORKBOOK,1079
348,34.698706,32.5293017,2022-05-22T06:26:08.482000,NOT_SPECIFIED_IN_WORKBOOK,1080
348,34.698706,32.5293017,2022-05-22T06:26:13.477000,NOT_SPECIFIED_IN_WORKBOOK,1081
348,34.698706,32.5293017,2022-05-22T06:26:18.486000,NOT_SPECIFIED_IN_WORKBOOK,1082
348,34.698706,32.5293017,2022-05-22T06:26:23.474000,NOT_SPECIFIED_IN_WORKBOOK,1083
348,34.698706,32.5293017,2022-05-22T06:26:28.473000,NOT_SPECIFIED_IN_WORKBOOK,1084
348,34.698706,32.5293017,2022-05-22T06:26:32.475000,NOT_SPECIFIED_IN_WORKBOOK,1085
348,34.6987395,32.5293714,2022-05-22T06:26:36.486000,NOT_SPECIFIED_IN_WORKBOOK,1086
348,34.6987433,32.5293792,2022-05-22T06:26:41.473000,NOT_SPECIFIED_IN_WORKBOOK,1087
348,34.6987431,32.5293788,2022-05-22T06:26:45.484000,NOT_SPECIFIED_IN_WORKBOOK,1088
348,34.6987431,32.5293788,2022-05-22T06:26:50.472000,NOT_SPECIFIED_IN_WORKBOOK,1089
348,34.6987431,32.5293788,2022-05-22T06:26:54.481000,NOT_SPECIFIED_IN_WORKBOOK,1090
348,34.6987431,32.5293788,2022-05-22T06:26:59.475000,NOT_SPECIFIED_IN_WORKBOOK,1091
348,34.6987431,32.5293788,2022-05-22T06:27:04.468000,NOT_SPECIFIED_IN_WORKBOOK,1092
348,34.6987469,32.5294482,2022-05-22T06:27:09.463000,NOT_SPECIFIED_IN_WORKBOOK,1093
348,34.6987467,32.5294448,2022-05-22T06:27:13.471000,NOT_SPECIFIED_IN_WORKBOOK,1094
348,34.6987449,32.5294546,2022-05-22T06:27:17.476000,NOT_SPECIFIED_IN_WORKBOOK,1095
348,34.6987424,32.5294611,2022-05-22T06:27:22.442000,NOT_SPECIFIED_IN_WORKBOOK,1096
348,34.6987406,32.5294713,2022-05-22T06:27:26.447000,NOT_SPECIFIED_IN_WORKBOOK,1097
348,34.698736,32.5294762,2022-05-22T06:27:31.448000,NOT_SPECIFIED_IN_WORKBOOK,1098
348,34.6987356,32.5294778,2022-05-22T06:27:35.453000,NOT_SPECIFIED_IN_WORKBOOK,1099
348,34.6987354,32.5294747,2022-05-22T06:27:40.441000,NOT_SPECIFIED_IN_WORKBOOK,1100
348,34.6987348,32.5294763,2022-05-22T06:27:44.443000,NOT_SPECIFIED_IN_WORKBOOK,1101
348,34.6987313,32.5294779,2022-05-22T06:27:49.434000,NOT_SPECIFIED_IN_WORKBOOK,1102
348,34.6987302,32.5294787,2022-05-22T06:27:53.448000,NOT_SPECIFIED_IN_WORKBOOK,1103
348,34.6987328,32.5294871,2022-05-22T06:27:58.436000,NOT_SPECIFIED_IN_WORKBOOK,1104
348,34.69873,32.5294917,2022-05-22T06:28:03.445000,NOT_SPECIFIED_IN_WORKBOOK,1105
348,34.6987308,32.529492,2022-05-22T06:28:07.438000,NOT_SPECIFIED_IN_WORKBOOK,1106
348,34.6987424,32.5294914,2022-05-22T06:28:11.449000,NOT_SPECIFIED_IN_WORKBOOK,1107
348,34.6987504,32.5294839,2022-05-22T06:28:16.432000,NOT_SPECIFIED_IN_WORKBOOK,1108
348,34.6987507,32.529486,2022-05-22T06:28:21.454000,NOT_SPECIFIED_IN_WORKBOOK,1109
348,34.6987433,32.5294898,2022-05-22T06:28:26.464000,NOT_SPECIFIED_IN_WORKBOOK,1110
348,34.6987371,32.5294985,2022-05-22T06:28:31.445000,NOT_SPECIFIED_IN_WORKBOOK,1111
348,34.698736,32.5294992,2022-05-22T06:28:35.447000,NOT_SPECIFIED_IN_WORKBOOK,1112
348,34.6987363,32.5294956,2022-05-22T06:28:39.476000,NOT_SPECIFIED_IN_WORKBOOK,1113
348,34.6987285,32.5295054,2022-05-22T06:28:43.826000,NOT_SPECIFIED_IN_WORKBOOK,1114
348,34.6987283,32.529503,2022-05-22T06:28:48.478000,NOT_SPECIFIED_IN_WORKBOOK,1115
348,34.6987292,32.5295043,2022-05-22T06:28:53.484000,NOT_SPECIFIED_IN_WORKBOOK,1116
348,34.6987289,32.5295051,2022-05-22T06:28:58.465000,NOT_SPECIFIED_IN_WORKBOOK,1117
348,34.6987298,32.5295078,2022-05-22T06:29:03.419000,NOT_SPECIFIED_IN_WORKBOOK,1118
348,34.6987309,32.5295074,2022-05-22T06:29:07.434000,NOT_SPECIFIED_IN_WORKBOOK,1119
348,34.6987358,32.5295145,2022-05-22T06:29:12.446000,NOT_SPECIFIED_IN_WORKBOOK,1120
348,34.6987448,32.5295188,2022-05-22T06:29:17.433000,NOT_SPECIFIED_IN_WORKBOOK,1121
348,34.6987569,32.5295217,2022-05-22T06:29:21.446000,NOT_SPECIFIED_IN_WORKBOOK,1122
348,34.6987627,32.5295228,2022-05-22T06:29:26.062000,NOT_SPECIFIED_IN_WORKBOOK,1123
348,34.6987655,32.5295225,2022-05-22T06:29:30.439000,NOT_SPECIFIED_IN_WORKBOOK,1124
348,34.6987709,32.529524,2022-05-22T06:29:35.414000,NOT_SPECIFIED_IN_WORKBOOK,1125
348,34.6987737,32.5295262,2022-05-22T06:29:39.447000,NOT_SPECIFIED_IN_WORKBOOK,1126
348,34.6987748,32.5295295,2022-05-22T06:29:44.439000,NOT_SPECIFIED_IN_WORKBOOK,1127
348,34.6987744,32.5295323,2022-05-22T06:29:48.451000,NOT_SPECIFIED_IN_WORKBOOK,1128
348,34.6987641,32.5295247,2022-05-22T06:29:53.444000,NOT_SPECIFIED_IN_WORKBOOK,1129
348,34.6987601,32.5295295,2022-05-22T06:29:58.441000,NOT_SPECIFIED_IN_WORKBOOK,1130
348,34.6987644,32.5295325,2022-05-22T06:30:02.452000,NOT_SPECIFIED_IN_WORKBOOK,1131
348,34.6987652,32.5295317,2022-05-22T06:30:07.471000,NOT_SPECIFIED_IN_WORKBOOK,1132
348,34.6987661,32.5295309,2022-05-22T06:30:11.470000,NOT_SPECIFIED_IN_WORKBOOK,1133
348,34.6987675,32.5295352,2022-05-22T06:30:16.441000,NOT_SPECIFIED_IN_WORKBOOK,1134
348,34.6987735,32.5295366,2022-05-22T06:30:21.435000,NOT_SPECIFIED_IN_WORKBOOK,1135
348,34.6987774,32.529544,2022-05-22T06:30:26.456000,NOT_SPECIFIED_IN_WORKBOOK,1136
348,34.6987835,32.5295452,2022-05-22T06:30:31.174000,NOT_SPECIFIED_IN_WORKBOOK,1137
348,34.6987858,32.529547,2022-05-22T06:30:35.450000,NOT_SPECIFIED_IN_WORKBOOK,1138
348,34.698782,32.5295513,2022-05-22T06:30:40.447000,NOT_SPECIFIED_IN_WORKBOOK,1139
348,34.6987797,32.529551,2022-05-22T06:30:45.449000,NOT_SPECIFIED_IN_WORKBOOK,1140
348,34.6987774,32.5295514,2022-05-22T06:30:50.432000,NOT_SPECIFIED_IN_WORKBOOK,1141
348,34.6987765,32.5295393,2022-05-22T06:30:55.434000,NOT_SPECIFIED_IN_WORKBOOK,1142
348,34.6987759,32.5295426,2022-05-22T06:30:59.433000,NOT_SPECIFIED_IN_WORKBOOK,1143
348,34.6987724,32.529543,2022-05-22T06:31:03.437000,NOT_SPECIFIED_IN_WORKBOOK,1144
348,34.6987876,32.5295509,2022-05-22T06:31:07.475000,NOT_SPECIFIED_IN_WORKBOOK,1145
348,34.6988055,32.5295397,2022-05-22T06:31:12.290000,NOT_SPECIFIED_IN_WORKBOOK,1146
348,34.6988115,32.5295426,2022-05-22T06:31:16.470000,NOT_SPECIFIED_IN_WORKBOOK,1147
348,34.6988226,32.529538,2022-05-22T06:31:21.463000,NOT_SPECIFIED_IN_WORKBOOK,1148
348,34.6988291,32.5295278,2022-05-22T06:31:25.499000,NOT_SPECIFIED_IN_WORKBOOK,1149
348,34.6988371,32.5295108,2022-05-22T06:31:30.443000,NOT_SPECIFIED_IN_WORKBOOK,1150
348,34.6988407,32.5295115,2022-05-22T06:31:34.439000,NOT_SPECIFIED_IN_WORKBOOK,1151
348,34.6988418,32.5295116,2022-05-22T06:31:38.514000,NOT_SPECIFIED_IN_WORKBOOK,1152
348,34.6988449,32.5295103,2022-05-22T06:31:43.454000,NOT_SPECIFIED_IN_WORKBOOK,1153
348,34.6988484,32.5295097,2022-05-22T06:31:47.475000,NOT_SPECIFIED_IN_WORKBOOK,1154
348,34.6988521,32.5295091,2022-05-22T06:31:52.450000,NOT_SPECIFIED_IN_WORKBOOK,1155
348,34.6988533,32.5295063,2022-05-22T06:31:56.453000,NOT_SPECIFIED_IN_WORKBOOK,1156
348,34.6988542,32.5295062,2022-05-22T06:32:01.418000,NOT_SPECIFIED_IN_WORKBOOK,1157
348,34.6988548,32.5295044,2022-05-22T06:32:05.436000,NOT_SPECIFIED_IN_WORKBOOK,1158
348,34.6988555,32.5295043,2022-05-22T06:32:09.442000,NOT_SPECIFIED_IN_WORKBOOK,1159
348,34.6988548,32.5295024,2022-05-22T06:32:14.458000,NOT_SPECIFIED_IN_WORKBOOK,1160
348,34.6988534,32.5295016,2022-05-22T06:32:19.451000,NOT_SPECIFIED_IN_WORKBOOK,1161
348,34.6988521,32.5294995,2022-05-22T06:32:23.465000,NOT_SPECIFIED_IN_WORKBOOK,1162
348,34.6988525,32.5295009,2022-05-22T06:32:28.438000,NOT_SPECIFIED_IN_WORKBOOK,1163
348,34.6988508,32.5295026,2022-05-22T06:32:32.446000,NOT_SPECIFIED_IN_WORKBOOK,1164
348,34.6988503,32.5295033,2022-05-22T06:32:37.442000,NOT_SPECIFIED_IN_WORKBOOK,1165
348,34.6988527,32.529507,2022-05-22T06:32:41.800000,NOT_SPECIFIED_IN_WORKBOOK,1166
348,34.6988416,32.5295346,2022-05-22T06:32:46.480000,NOT_SPECIFIED_IN_WORKBOOK,1167
348,34.6988523,32.5295308,2022-05-22T06:32:51.463000,NOT_SPECIFIED_IN_WORKBOOK,1168
348,34.6988613,32.52953,2022-05-22T06:32:56.405000,NOT_SPECIFIED_IN_WORKBOOK,1169
348,34.6988767,32.5295385,2022-05-22T06:33:00.423000,NOT_SPECIFIED_IN_WORKBOOK,1170
348,34.6988853,32.5295362,2022-05-22T06:33:04.451000,NOT_SPECIFIED_IN_WORKBOOK,1171
348,34.6988829,32.5295321,2022-05-22T06:33:09.477000,NOT_SPECIFIED_IN_WORKBOOK,1172
348,34.6988688,32.5295254,2022-05-22T06:33:14.557000,NOT_SPECIFIED_IN_WORKBOOK,1173
348,34.6988749,32.5295296,2022-05-22T06:33:19.464000,NOT_SPECIFIED_IN_WORKBOOK,1174
348,34.6988817,32.5295275,2022-05-22T06:33:24.444000,NOT_SPECIFIED_IN_WORKBOOK,1175
348,34.6988827,32.5295233,2022-05-22T06:33:28.524000,NOT_SPECIFIED_IN_WORKBOOK,1176
348,34.6988838,32.5295334,2022-05-22T06:33:33.453000,NOT_SPECIFIED_IN_WORKBOOK,1177
348,34.6988833,32.5295282,2022-05-22T06:33:37.469000,NOT_SPECIFIED_IN_WORKBOOK,1178
348,34.6988824,32.5295288,2022-05-22T06:33:41.460000,NOT_SPECIFIED_IN_WORKBOOK,1179
348,34.6988847,32.5295289,2022-05-22T06:33:46.428000,NOT_SPECIFIED_IN_WORKBOOK,1180
348,34.6988822,32.529524,2022-05-22T06:33:50.428000,NOT_SPECIFIED_IN_WORKBOOK,1181
348,34.6988828,32.5295235,2022-05-22T06:33:54.431000,NOT_SPECIFIED_IN_WORKBOOK,1182
348,34.6988789,32.5295183,2022-05-22T06:33:58.483000,NOT_SPECIFIED_IN_WORKBOOK,1183
348,34.6988697,32.5295102,2022-05-22T06:34:03.427000,NOT_SPECIFIED_IN_WORKBOOK,1184
348,34.6988669,32.5295137,2022-05-22T06:34:07.426000,NOT_SPECIFIED_IN_WORKBOOK,1185
348,34.6988658,32.5295157,2022-05-22T06:34:11.540000,NOT_SPECIFIED_IN_WORKBOOK,1186
348,34.6988642,32.5295299,2022-05-22T06:34:16.471000,NOT_SPECIFIED_IN_WORKBOOK,1187
348,34.6988612,32.5295625,2022-05-22T06:34:21.483000,NOT_SPECIFIED_IN_WORKBOOK,1188
348,34.6988708,32.5295695,2022-05-22T06:34:26.423000,NOT_SPECIFIED_IN_WORKBOOK,1189
348,34.6988896,32.529585,2022-05-22T06:34:31.562000,NOT_SPECIFIED_IN_WORKBOOK,1190
348,34.6988879,32.5295777,2022-05-22T06:34:36.466000,NOT_SPECIFIED_IN_WORKBOOK,1191
348,34.6988885,32.5295766,2022-05-22T06:34:41.457000,NOT_SPECIFIED_IN_WORKBOOK,1192
348,34.6988867,32.5295765,2022-05-22T06:34:45.508000,NOT_SPECIFIED_IN_WORKBOOK,1193
348,34.6988866,32.5295796,2022-05-22T06:34:50.482000,NOT_SPECIFIED_IN_WORKBOOK,1194
348,34.6988939,32.5295732,2022-05-22T06:34:55.436000,NOT_SPECIFIED_IN_WORKBOOK,1195
348,34.6989153,32.5295272,2022-05-22T06:34:59.509000,NOT_SPECIFIED_IN_WORKBOOK,1196
348,34.6989185,32.5295126,2022-05-22T06:35:04.567000,NOT_SPECIFIED_IN_WORKBOOK,1197
348,34.6989251,32.5295143,2022-05-22T06:35:09.458000,NOT_SPECIFIED_IN_WORKBOOK,1198
348,34.6989233,32.5295184,2022-05-22T06:35:13.457000,NOT_SPECIFIED_IN_WORKBOOK,1199
348,34.6989252,32.5295165,2022-05-22T06:35:17.467000,NOT_SPECIFIED_IN_WORKBOOK,1200
348,34.6989278,32.5295127,2022-05-22T06:35:22.455000,NOT_SPECIFIED_IN_WORKBOOK,1201
348,34.6989268,32.5295132,2022-05-22T06:35:27.470000,NOT_SPECIFIED_IN_WORKBOOK,1202
348,34.6989297,32.5295131,2022-05-22T06:35:31.465000,NOT_SPECIFIED_IN_WORKBOOK,1203
348,34.6989327,32.5295134,2022-05-22T06:35:36.403000,NOT_SPECIFIED_IN_WORKBOOK,1204
348,34.6989397,32.5295139,2022-05-22T06:35:40.452000,NOT_SPECIFIED_IN_WORKBOOK,1205
348,34.6989666,32.529492,2022-05-22T06:35:44.464000,NOT_SPECIFIED_IN_WORKBOOK,1206
348,34.6989818,32.529482,2022-05-22T06:35:49.481000,NOT_SPECIFIED_IN_WORKBOOK,1207
348,34.6989759,32.5294858,2022-05-22T06:35:54.456000,NOT_SPECIFIED_IN_WORKBOOK,1208
348,34.69899,32.529478,2022-05-22T06:35:58.454000,NOT_SPECIFIED_IN_WORKBOOK,1209
348,34.6989942,32.5294773,2022-05-22T06:36:03.463000,NOT_SPECIFIED_IN_WORKBOOK,1210
348,34.6989963,32.529471,2022-05-22T06:36:08.456000,NOT_SPECIFIED_IN_WORKBOOK,1211
348,34.6989956,32.5294752,2022-05-22T06:36:13.453000,NOT_SPECIFIED_IN_WORKBOOK,1212
348,34.698998,32.5294746,2022-05-22T06:36:17.443000,NOT_SPECIFIED_IN_WORKBOOK,1213
348,34.6989846,32.5294579,2022-05-22T06:36:22.451000,NOT_SPECIFIED_IN_WORKBOOK,1214
348,34.6989795,32.529456,2022-05-22T06:36:27.446000,NOT_SPECIFIED_IN_WORKBOOK,1215
348,34.698976,32.5294565,2022-05-22T06:36:31.462000,NOT_SPECIFIED_IN_WORKBOOK,1216
348,34.6989744,32.5294566,2022-05-22T06:36:36.503000,NOT_SPECIFIED_IN_WORKBOOK,1217
348,34.6989661,32.5294512,2022-05-22T06:36:41.454000,NOT_SPECIFIED_IN_WORKBOOK,1218
348,34.6989619,32.5294685,2022-05-22T06:36:46.446000,NOT_SPECIFIED_IN_WORKBOOK,1219
348,34.6989621,32.5294724,2022-05-22T06:36:50.462000,NOT_SPECIFIED_IN_WORKBOOK,1220
348,34.6989633,32.5294748,2022-05-22T06:36:55.456000,NOT_SPECIFIED_IN_WORKBOOK,1221
348,34.6989661,32.5294789,2022-05-22T06:37:00.466000,NOT_SPECIFIED_IN_WORKBOOK,1222
348,34.6989705,32.5294765,2022-05-22T06:37:04.501000,NOT_SPECIFIED_IN_WORKBOOK,1223
348,34.6989665,32.5295098,2022-05-22T06:37:09.460000,NOT_SPECIFIED_IN_WORKBOOK,1224
348,34.6989743,32.5294854,2022-05-22T06:37:13.474000,NOT_SPECIFIED_IN_WORKBOOK,1225
348,34.6989671,32.5294606,2022-05-22T06:37:17.454000,NOT_SPECIFIED_IN_WORKBOOK,1226
348,34.698977,32.5294546,2022-05-22T06:37:21.479000,NOT_SPECIFIED_IN_WORKBOOK,1227
348,34.6989748,32.5294341,2022-05-22T06:37:26.463000,NOT_SPECIFIED_IN_WORKBOOK,1228
348,34.6989726,32.5294309,2022-05-22T06:37:30.479000,NOT_SPECIFIED_IN_WORKBOOK,1229
348,34.6989631,32.5294219,2022-05-22T06:37:35.486000,NOT_SPECIFIED_IN_WORKBOOK,1230
348,34.6989709,32.529416,2022-05-22T06:37:40.478000,NOT_SPECIFIED_IN_WORKBOOK,1231
348,34.6989647,32.5294461,2022-05-22T06:37:45.552000,NOT_SPECIFIED_IN_WORKBOOK,1232
348,34.6989632,32.5294401,2022-05-22T06:37:49.441000,NOT_SPECIFIED_IN_WORKBOOK,1233
348,34.698936,32.5294074,2022-05-22T06:37:54.440000,NOT_SPECIFIED_IN_WORKBOOK,1234
348,34.6989314,32.529398,2022-05-22T06:37:58.463000,NOT_SPECIFIED_IN_WORKBOOK,1235
348,34.6989048,32.5293689,2022-05-22T06:38:02.492000,NOT_SPECIFIED_IN_WORKBOOK,1236
348,34.6989144,32.5293685,2022-05-22T06:38:07.460000,NOT_SPECIFIED_IN_WORKBOOK,1237
348,34.6989522,32.5293992,2022-05-22T06:38:11.482000,NOT_SPECIFIED_IN_WORKBOOK,1238
348,34.6989962,32.5294785,2022-05-22T06:38:16.488000,NOT_SPECIFIED_IN_WORKBOOK,1239
348,34.6990545,32.5295627,2022-05-22T06:38:21.478000,NOT_SPECIFIED_IN_WORKBOOK,1240
348,34.6990856,32.5296891,2022-05-22T06:38:25.000000,NOT_SPECIFIED_IN_WORKBOOK,1241
348,34.6991133,32.5297297,2022-05-22T06:38:30.000000,NOT_SPECIFIED_IN_WORKBOOK,1242
348,34.6990978,32.5297274,2022-05-22T06:38:35.000000,NOT_SPECIFIED_IN_WORKBOOK,1243
348,34.6991147,32.52972,2022-05-22T06:38:39.000000,NOT_SPECIFIED_IN_WORKBOOK,1244
348,34.6991261,32.5297289,2022-05-22T06:38:44.470000,NOT_SPECIFIED_IN_WORKBOOK,1245
348,34.6991331,32.5297355,2022-05-22T06:38:49.471000,NOT_SPECIFIED_IN_WORKBOOK,1246
348,34.6991384,32.5297366,2022-05-22T06:38:53.470000,NOT_SPECIFIED_IN_WORKBOOK,1247
348,34.6991448,32.5297377,2022-05-22T06:38:58.455000,NOT_SPECIFIED_IN_WORKBOOK,1248
348,34.6991464,32.5297382,2022-05-22T06:39:02.464000,NOT_SPECIFIED_IN_WORKBOOK,1249
348,34.6991484,32.5297387,2022-05-22T06:39:06.482000,NOT_SPECIFIED_IN_WORKBOOK,1250
348,34.6991501,32.5297387,2022-05-22T06:39:11.460000,NOT_SPECIFIED_IN_WORKBOOK,1251
348,34.6991527,32.5297392,2022-05-22T06:39:15.479000,NOT_SPECIFIED_IN_WORKBOOK,1252
348,34.6991555,32.5297394,2022-05-22T06:39:20.479000,NOT_SPECIFIED_IN_WORKBOOK,1253
348,34.6991501,32.5297134,2022-05-22T06:39:25.481000,NOT_SPECIFIED_IN_WORKBOOK,1254
348,34.6991274,32.5296548,2022-05-22T06:39:29.479000,NOT_SPECIFIED_IN_WORKBOOK,1255
348,34.6990991,32.5295871,2022-05-22T06:39:34.477000,NOT_SPECIFIED_IN_WORKBOOK,1256
348,34.6990535,32.5295336,2022-05-22T06:39:39.480000,NOT_SPECIFIED_IN_WORKBOOK,1257
348,34.6990149,32.5295135,2022-05-22T06:39:43.479000,NOT_SPECIFIED_IN_WORKBOOK,1258
348,34.6989638,32.5295138,2022-05-22T06:39:47.482000,NOT_SPECIFIED_IN_WORKBOOK,1259
348,34.6989203,32.5295009,2022-05-22T06:39:52.453000,NOT_SPECIFIED_IN_WORKBOOK,1260
348,34.6988966,32.529495,2022-05-22T06:39:56.467000,NOT_SPECIFIED_IN_WORKBOOK,1261
348,34.6988816,32.5294841,2022-05-22T06:40:00.493000,NOT_SPECIFIED_IN_WORKBOOK,1262
348,34.6988763,32.5294742,2022-05-22T06:40:05.470000,NOT_SPECIFIED_IN_WORKBOOK,1263
348,34.6988483,32.5294868,2022-05-22T06:40:10.428000,NOT_SPECIFIED_IN_WORKBOOK,1264
348,34.6988458,32.529501,2022-05-22T06:40:15.452000,NOT_SPECIFIED_IN_WORKBOOK,1265
348,34.6988479,32.5295039,2022-05-22T06:40:19.473000,NOT_SPECIFIED_IN_WORKBOOK,1266
348,34.6988481,32.5295043,2022-05-22T06:40:24.412000,NOT_SPECIFIED_IN_WORKBOOK,1267
348,34.6988508,32.5295016,2022-05-22T06:40:28.448000,NOT_SPECIFIED_IN_WORKBOOK,1268
348,34.6988512,32.529501,2022-05-22T06:40:32.449000,NOT_SPECIFIED_IN_WORKBOOK,1269
348,34.6988521,32.5294986,2022-05-22T06:40:36.454000,NOT_SPECIFIED_IN_WORKBOOK,1270
348,34.6988518,32.5294978,2022-05-22T06:40:40.459000,NOT_SPECIFIED_IN_WORKBOOK,1271
348,34.6988443,32.5294765,2022-05-22T06:40:45.419000,NOT_SPECIFIED_IN_WORKBOOK,1272
348,34.6988274,32.5294525,2022-05-22T06:40:49.487000,NOT_SPECIFIED_IN_WORKBOOK,1273
348,34.6987957,32.5294381,2022-05-22T06:40:53.493000,NOT_SPECIFIED_IN_WORKBOOK,1274
348,34.6987669,32.5294108,2022-05-22T06:40:58.485000,NOT_SPECIFIED_IN_WORKBOOK,1275
348,34.6986912,32.5293892,2022-05-22T06:41:03.493000,NOT_SPECIFIED_IN_WORKBOOK,1276
348,34.698624,32.5293759,2022-05-22T06:41:08.476000,NOT_SPECIFIED_IN_WORKBOOK,1277
348,34.6986002,32.52937,2022-05-22T06:41:12.498000,NOT_SPECIFIED_IN_WORKBOOK,1278
348,34.6985846,32.5293553,2022-05-22T06:41:17.472000,NOT_SPECIFIED_IN_WORKBOOK,1279
348,34.6985907,32.5293415,2022-05-22T06:41:22.483000,NOT_SPECIFIED_IN_WORKBOOK,1280
348,34.6985903,32.5293391,2022-05-22T06:41:26.472000,NOT_SPECIFIED_IN_WORKBOOK,1281
348,34.6985901,32.5293372,2022-05-22T06:41:30.485000,NOT_SPECIFIED_IN_WORKBOOK,1282
348,34.6985828,32.5293599,2022-05-22T06:41:35.491000,NOT_SPECIFIED_IN_WORKBOOK,1283
348,34.6985852,32.5293852,2022-05-22T06:41:39.506000,NOT_SPECIFIED_IN_WORKBOOK,1284
348,34.6985828,32.529415,2022-05-22T06:41:44.469000,NOT_SPECIFIED_IN_WORKBOOK,1285
348,34.6985817,32.5294172,2022-05-22T06:41:48.493000,NOT_SPECIFIED_IN_WORKBOOK,1286
348,34.6985812,32.5294431,2022-05-22T06:41:53.487000,NOT_SPECIFIED_IN_WORKBOOK,1287
348,34.6985895,32.5294933,2022-05-22T06:41:57.478000,NOT_SPECIFIED_IN_WORKBOOK,1288
348,34.6985903,32.5295274,2022-05-22T06:42:01.496000,NOT_SPECIFIED_IN_WORKBOOK,1289
348,34.6986077,32.5295686,2022-05-22T06:42:06.484000,NOT_SPECIFIED_IN_WORKBOOK,1290
348,34.6986357,32.5296127,2022-05-22T06:42:10.483000,NOT_SPECIFIED_IN_WORKBOOK,1291
348,34.6986459,32.5296591,2022-05-22T06:42:14.476000,NOT_SPECIFIED_IN_WORKBOOK,1292
348,34.6986412,32.5297335,2022-05-22T06:42:19.480000,NOT_SPECIFIED_IN_WORKBOOK,1293
348,34.6986255,32.5297901,2022-05-22T06:42:24.482000,NOT_SPECIFIED_IN_WORKBOOK,1294
348,34.698618,32.5298264,2022-05-22T06:42:28.496000,NOT_SPECIFIED_IN_WORKBOOK,1295
348,34.6985902,32.5298844,2022-05-22T06:42:33.467000,NOT_SPECIFIED_IN_WORKBOOK,1296
348,34.6985482,32.5299668,2022-05-22T06:42:38.470000,NOT_SPECIFIED_IN_WORKBOOK,1297
348,34.6985344,32.5300096,2022-05-22T06:42:42.474000,NOT_SPECIFIED_IN_WORKBOOK,1298
348,34.6985221,32.5300272,2022-05-22T06:42:47.497000,NOT_SPECIFIED_IN_WORKBOOK,1299
348,34.6985039,32.5300773,2022-05-22T06:42:51.536000,NOT_SPECIFIED_IN_WORKBOOK,1300
348,34.6984911,32.5301403,2022-05-22T06:42:56.474000,NOT_SPECIFIED_IN_WORKBOOK,1301
348,34.6984663,32.5302031,2022-05-22T06:43:01.480000,NOT_SPECIFIED_IN_WORKBOOK,1302
348,34.6984361,32.530255,2022-05-22T06:43:06.477000,NOT_SPECIFIED_IN_WORKBOOK,1303
348,34.6984179,32.5303065,2022-05-22T06:43:10.486000,NOT_SPECIFIED_IN_WORKBOOK,1304
348,34.6983931,32.5303569,2022-05-22T06:43:14.490000,NOT_SPECIFIED_IN_WORKBOOK,1305
348,34.6983502,32.5304127,2022-05-22T06:43:19.473000,NOT_SPECIFIED_IN_WORKBOOK,1306
348,34.6983195,32.5304844,2022-05-22T06:43:24.478000,NOT_SPECIFIED_IN_WORKBOOK,1307
348,34.6982941,32.5305248,2022-05-22T06:43:28.483000,NOT_SPECIFIED_IN_WORKBOOK,1308
348,34.6982628,32.5305753,2022-05-22T06:43:33.445000,NOT_SPECIFIED_IN_WORKBOOK,1309
348,34.6982581,32.5306137,2022-05-22T06:43:37.476000,NOT_SPECIFIED_IN_WORKBOOK,1310
348,34.6982417,32.5306414,2022-05-22T06:43:41.487000,NOT_SPECIFIED_IN_WORKBOOK,1311
348,34.6982335,32.5306639,2022-05-22T06:43:45.497000,NOT_SPECIFIED_IN_WORKBOOK,1312
348,34.6982068,32.5307324,2022-05-22T06:43:50.470000,NOT_SPECIFIED_IN_WORKBOOK,1313
348,34.698195,32.5307722,2022-05-22T06:43:55.480000,NOT_SPECIFIED_IN_WORKBOOK,1314
348,34.698196,32.5307798,2022-05-22T06:44:00.478000,NOT_SPECIFIED_IN_WORKBOOK,1315
348,34.6981908,32.5307935,2022-05-22T06:44:05.488000,NOT_SPECIFIED_IN_WORKBOOK,1316
348,34.6981872,32.5308434,2022-05-22T06:44:10.471000,NOT_SPECIFIED_IN_WORKBOOK,1317
348,34.6981579,32.5308455,2022-05-22T06:44:15.484000,NOT_SPECIFIED_IN_WORKBOOK,1318
348,34.6981563,32.5308627,2022-05-22T06:44:20.491000,NOT_SPECIFIED_IN_WORKBOOK,1319
348,34.6981491,32.5308911,2022-05-22T06:44:25.514000,NOT_SPECIFIED_IN_WORKBOOK,1320
348,34.69817,32.5309178,2022-05-22T06:44:30.481000,NOT_SPECIFIED_IN_WORKBOOK,1321
348,34.6981615,32.5309088,2022-05-22T06:44:34.489000,NOT_SPECIFIED_IN_WORKBOOK,1322
348,34.6981365,32.5308948,2022-05-22T06:44:39.490000,NOT_SPECIFIED_IN_WORKBOOK,1323
348,34.698126,32.5309346,2022-05-22T06:44:43.488000,NOT_SPECIFIED_IN_WORKBOOK,1324
348,34.6981014,32.5309717,2022-05-22T06:44:47.487000,NOT_SPECIFIED_IN_WORKBOOK,1325
348,34.6980952,32.5310218,2022-05-22T06:44:52.494000,NOT_SPECIFIED_IN_WORKBOOK,1326
348,34.6980909,32.5310901,2022-05-22T06:44:57.525000,NOT_SPECIFIED_IN_WORKBOOK,1327
348,34.6980934,32.5311679,2022-05-22T06:45:02.485000,NOT_SPECIFIED_IN_WORKBOOK,1328
348,34.6980768,32.5312435,2022-05-22T06:45:07.476000,NOT_SPECIFIED_IN_WORKBOOK,1329
348,34.6980462,32.5312914,2022-05-22T06:45:12.475000,NOT_SPECIFIED_IN_WORKBOOK,1330
348,34.6980206,32.5313645,2022-05-22T06:45:17.482000,NOT_SPECIFIED_IN_WORKBOOK,1331
348,34.6980267,32.5314055,2022-05-22T06:45:21.488000,NOT_SPECIFIED_IN_WORKBOOK,1332
348,34.6980241,32.5314749,2022-05-22T06:45:26.470000,NOT_SPECIFIED_IN_WORKBOOK,1333
348,34.6980244,32.5315481,2022-05-22T06:45:30.490000,NOT_SPECIFIED_IN_WORKBOOK,1334
348,34.6980255,32.531614,2022-05-22T06:45:34.501000,NOT_SPECIFIED_IN_WORKBOOK,1335
348,34.6980413,32.5317089,2022-05-22T06:45:39.498000,NOT_SPECIFIED_IN_WORKBOOK,1336
348,34.698049,32.5317736,2022-05-22T06:45:44.487000,NOT_SPECIFIED_IN_WORKBOOK,1337
348,34.6980759,32.5318214,2022-05-22T06:45:48.489000,NOT_SPECIFIED_IN_WORKBOOK,1338
348,34.6981094,32.5318682,2022-05-22T06:45:53.488000,NOT_SPECIFIED_IN_WORKBOOK,1339
348,34.6981297,32.5319042,2022-05-22T06:45:58.473000,NOT_SPECIFIED_IN_WORKBOOK,1340
348,34.6981447,32.5319185,2022-05-22T06:46:02.483000,NOT_SPECIFIED_IN_WORKBOOK,1341
348,34.6981457,32.5319182,2022-05-22T06:46:07.460000,NOT_SPECIFIED_IN_WORKBOOK,1342
348,34.6981559,32.5319489,2022-05-22T06:46:11.493000,NOT_SPECIFIED_IN_WORKBOOK,1343
348,34.698181,32.5319914,2022-05-22T06:46:16.481000,NOT_SPECIFIED_IN_WORKBOOK,1344
348,34.6982082,32.5320006,2022-05-22T06:46:21.463000,NOT_SPECIFIED_IN_WORKBOOK,1345
348,34.6982102,32.5320118,2022-05-22T06:46:25.492000,NOT_SPECIFIED_IN_WORKBOOK,1346
348,34.6982136,32.5320274,2022-05-22T06:46:30.477000,NOT_SPECIFIED_IN_WORKBOOK,1347
348,34.6982329,32.5320668,2022-05-22T06:46:35.497000,NOT_SPECIFIED_IN_WORKBOOK,1348
348,34.6982553,32.5320831,2022-05-22T06:46:39.482000,NOT_SPECIFIED_IN_WORKBOOK,1349
348,34.6982581,32.5320833,2022-05-22T06:46:44.483000,NOT_SPECIFIED_IN_WORKBOOK,1350
348,34.698259,32.5320849,2022-05-22T06:46:49.486000,NOT_SPECIFIED_IN_WORKBOOK,1351
348,34.6982599,32.5320974,2022-05-22T06:46:53.512000,NOT_SPECIFIED_IN_WORKBOOK,1352
348,34.6982792,32.5321457,2022-05-22T06:46:58.458000,NOT_SPECIFIED_IN_WORKBOOK,1353
348,34.6983088,32.53219,2022-05-22T06:47:02.487000,NOT_SPECIFIED_IN_WORKBOOK,1354
348,34.6983432,32.5322002,2022-05-22T06:47:06.480000,NOT_SPECIFIED_IN_WORKBOOK,1355
348,34.6983577,32.5322049,2022-05-22T06:47:10.482000,NOT_SPECIFIED_IN_WORKBOOK,1356
348,34.6984056,32.5322393,2022-05-22T06:47:15.492000,NOT_SPECIFIED_IN_WORKBOOK,1357
348,34.6984566,32.5322443,2022-05-22T06:47:20.498000,NOT_SPECIFIED_IN_WORKBOOK,1358
348,34.6985167,32.5322163,2022-05-22T06:47:24.485000,NOT_SPECIFIED_IN_WORKBOOK,1359
348,34.6985482,32.5322151,2022-05-22T06:47:28.484000,NOT_SPECIFIED_IN_WORKBOOK,1360
348,34.6985636,32.5322378,2022-05-22T06:47:32.487000,NOT_SPECIFIED_IN_WORKBOOK,1361
348,34.6985735,32.5322671,2022-05-22T06:47:37.479000,NOT_SPECIFIED_IN_WORKBOOK,1362
348,34.6985545,32.5322775,2022-05-22T06:47:41.494000,NOT_SPECIFIED_IN_WORKBOOK,1363
348,34.6985353,32.5323065,2022-05-22T06:47:46.486000,NOT_SPECIFIED_IN_WORKBOOK,1364
348,34.6985317,32.5323584,2022-05-22T06:47:51.524000,NOT_SPECIFIED_IN_WORKBOOK,1365
348,34.698543,32.5324278,2022-05-22T06:47:56.478000,NOT_SPECIFIED_IN_WORKBOOK,1366
348,34.6985587,32.5324676,2022-05-22T06:48:00.483000,NOT_SPECIFIED_IN_WORKBOOK,1367
348,34.698564,32.5324706,2022-05-22T06:48:05.499000,NOT_SPECIFIED_IN_WORKBOOK,1368
348,34.698567,32.5324795,2022-05-22T06:48:10.484000,NOT_SPECIFIED_IN_WORKBOOK,1369
348,34.6985662,32.53248,2022-05-22T06:48:14.468000,NOT_SPECIFIED_IN_WORKBOOK,1370
348,34.6985654,32.5324782,2022-05-22T06:48:18.466000,NOT_SPECIFIED_IN_WORKBOOK,1371
348,34.6985589,32.5324686,2022-05-22T06:48:22.492000,NOT_SPECIFIED_IN_WORKBOOK,1372
348,34.6985337,32.5324368,2022-05-22T06:48:27.479000,NOT_SPECIFIED_IN_WORKBOOK,1373
348,34.6985135,32.5323981,2022-05-22T06:48:31.505000,NOT_SPECIFIED_IN_WORKBOOK,1374
348,34.6984884,32.5323548,2022-05-22T06:48:36.474000,NOT_SPECIFIED_IN_WORKBOOK,1375
348,34.698486,32.5323462,2022-05-22T06:48:40.490000,NOT_SPECIFIED_IN_WORKBOOK,1376
348,34.6984909,32.5323169,2022-05-22T06:48:45.485000,NOT_SPECIFIED_IN_WORKBOOK,1377
348,34.698495,32.532262,2022-05-22T06:48:50.485000,NOT_SPECIFIED_IN_WORKBOOK,1378
348,34.6984998,32.5322483,2022-05-22T06:48:54.482000,NOT_SPECIFIED_IN_WORKBOOK,1379
348,34.6985008,32.5322385,2022-05-22T06:48:59.476000,NOT_SPECIFIED_IN_WORKBOOK,1380
348,34.6984826,32.5322073,2022-05-22T06:49:04.467000,NOT_SPECIFIED_IN_WORKBOOK,1381
348,34.6984767,32.5322128,2022-05-22T06:49:08.460000,NOT_SPECIFIED_IN_WORKBOOK,1382
348,34.6984761,32.5322124,2022-05-22T06:49:12.468000,NOT_SPECIFIED_IN_WORKBOOK,1383
348,34.6984765,32.532211,2022-05-22T06:49:16.487000,NOT_SPECIFIED_IN_WORKBOOK,1384
348,34.6984898,32.5321999,2022-05-22T06:49:21.422000,NOT_SPECIFIED_IN_WORKBOOK,1385
348,34.6984915,32.5321994,2022-05-22T06:49:25.483000,NOT_SPECIFIED_IN_WORKBOOK,1386
348,34.6984925,32.532198,2022-05-22T06:49:30.471000,NOT_SPECIFIED_IN_WORKBOOK,1387
348,34.6984924,32.5321977,2022-05-22T06:49:34.495000,NOT_SPECIFIED_IN_WORKBOOK,1388
348,34.6984932,32.532197,2022-05-22T06:49:38.508000,NOT_SPECIFIED_IN_WORKBOOK,1389
348,34.6984942,32.5321958,2022-05-22T06:49:43.473000,NOT_SPECIFIED_IN_WORKBOOK,1390
348,34.698495,32.5321946,2022-05-22T06:49:48.493000,NOT_SPECIFIED_IN_WORKBOOK,1391
348,34.6984947,32.5321964,2022-05-22T06:49:53.451000,NOT_SPECIFIED_IN_WORKBOOK,1392
348,34.6985132,32.5321774,2022-05-22T06:49:57.508000,NOT_SPECIFIED_IN_WORKBOOK,1393
348,34.6985243,32.5321909,2022-05-22T06:50:02.481000,NOT_SPECIFIED_IN_WORKBOOK,1394
348,34.6985256,32.5321938,2022-05-22T06:50:06.495000,NOT_SPECIFIED_IN_WORKBOOK,1395
348,34.6985268,32.5321939,2022-05-22T06:50:11.488000,NOT_SPECIFIED_IN_WORKBOOK,1396
348,34.6985281,32.5321945,2022-05-22T06:50:16.477000,NOT_SPECIFIED_IN_WORKBOOK,1397
348,34.698529,32.5321947,2022-05-22T06:50:20.471000,NOT_SPECIFIED_IN_WORKBOOK,1398
348,34.6985296,32.5321949,2022-05-22T06:50:24.484000,NOT_SPECIFIED_IN_WORKBOOK,1399
348,34.6985309,32.5321954,2022-05-22T06:50:29.482000,NOT_SPECIFIED_IN_WORKBOOK,1400
348,34.6985329,32.5321968,2022-05-22T06:50:34.444000,NOT_SPECIFIED_IN_WORKBOOK,1401
348,34.6985413,32.5321921,2022-05-22T06:50:38.473000,NOT_SPECIFIED_IN_WORKBOOK,1402
348,34.6985496,32.5321941,2022-05-22T06:50:42.456000,NOT_SPECIFIED_IN_WORKBOOK,1403
348,34.6985538,32.5321984,2022-05-22T06:50:46.494000,NOT_SPECIFIED_IN_WORKBOOK,1404
348,34.6985527,32.5322633,2022-05-22T06:50:51.482000,NOT_SPECIFIED_IN_WORKBOOK,1405
348,34.6985635,32.5323473,2022-05-22T06:50:55.481000,NOT_SPECIFIED_IN_WORKBOOK,1406
348,34.6985754,32.532445,2022-05-22T06:51:00.500000,NOT_SPECIFIED_IN_WORKBOOK,1407
348,34.6985941,32.5325297,2022-05-22T06:51:05.473000,NOT_SPECIFIED_IN_WORKBOOK,1408
348,34.6986103,32.5326076,2022-05-22T06:51:09.480000,NOT_SPECIFIED_IN_WORKBOOK,1409
348,34.6986255,32.5326743,2022-05-22T06:51:13.494000,NOT_SPECIFIED_IN_WORKBOOK,1410
348,34.6986428,32.5327525,2022-05-22T06:51:18.487000,NOT_SPECIFIED_IN_WORKBOOK,1411
348,34.6986491,32.5327943,2022-05-22T06:51:23.474000,NOT_SPECIFIED_IN_WORKBOOK,1412
348,34.6986283,32.5327979,2022-05-22T06:51:27.472000,NOT_SPECIFIED_IN_WORKBOOK,1413
348,34.6986003,32.5327991,2022-05-22T06:51:32.460000,NOT_SPECIFIED_IN_WORKBOOK,1414
348,34.6985962,32.5327932,2022-05-22T06:51:36.463000,NOT_SPECIFIED_IN_WORKBOOK,1415
348,34.6986008,32.5327805,2022-05-22T06:51:40.606000,NOT_SPECIFIED_IN_WORKBOOK,1416
348,34.6986042,32.5327777,2022-05-22T06:51:45.479000,NOT_SPECIFIED_IN_WORKBOOK,1417
348,34.6986017,32.5327739,2022-05-22T06:51:49.489000,NOT_SPECIFIED_IN_WORKBOOK,1418
348,34.698593,32.5327687,2022-05-22T06:51:54.482000,NOT_SPECIFIED_IN_WORKBOOK,1419
348,34.6985881,32.5327599,2022-05-22T06:51:59.471000,NOT_SPECIFIED_IN_WORKBOOK,1420
348,34.6986,32.5327855,2022-05-22T06:52:03.475000,NOT_SPECIFIED_IN_WORKBOOK,1421
348,34.6985989,32.5328084,2022-05-22T06:52:07.500000,NOT_SPECIFIED_IN_WORKBOOK,1422
348,34.698592,32.5328566,2022-05-22T06:52:12.496000,NOT_SPECIFIED_IN_WORKBOOK,1423
348,34.6985819,32.5328992,2022-05-22T06:52:17.431000,NOT_SPECIFIED_IN_WORKBOOK,1424
348,34.6985809,32.5328952,2022-05-22T06:52:21.432000,NOT_SPECIFIED_IN_WORKBOOK,1425
348,34.6985729,32.532888,2022-05-22T06:52:25.436000,NOT_SPECIFIED_IN_WORKBOOK,1426
348,34.6985815,32.5329032,2022-05-22T06:52:29.501000,NOT_SPECIFIED_IN_WORKBOOK,1427
348,34.698579,32.5329346,2022-05-22T06:52:34.492000,NOT_SPECIFIED_IN_WORKBOOK,1428
348,34.6985889,32.5329573,2022-05-22T06:52:39.438000,NOT_SPECIFIED_IN_WORKBOOK,1429
348,34.6986267,32.5330191,2022-05-22T06:52:44.439000,NOT_SPECIFIED_IN_WORKBOOK,1430
348,34.6986568,32.5330787,2022-05-22T06:52:48.497000,NOT_SPECIFIED_IN_WORKBOOK,1431
348,34.6986789,32.5331209,2022-05-22T06:52:52.492000,NOT_SPECIFIED_IN_WORKBOOK,1432
348,34.6986964,32.5331619,2022-05-22T06:52:57.505000,NOT_SPECIFIED_IN_WORKBOOK,1433
348,34.6987344,32.5332581,2022-05-22T06:53:02.434000,NOT_SPECIFIED_IN_WORKBOOK,1434
348,34.6987527,32.5333172,2022-05-22T06:53:06.434000,NOT_SPECIFIED_IN_WORKBOOK,1435
348,34.6987586,32.5333781,2022-05-22T06:53:10.489000,NOT_SPECIFIED_IN_WORKBOOK,1436
348,34.6987671,32.5334113,2022-05-22T06:53:15.470000,NOT_SPECIFIED_IN_WORKBOOK,1437
348,34.6987737,32.5334495,2022-05-22T06:53:19.476000,NOT_SPECIFIED_IN_WORKBOOK,1438
348,34.6987782,32.5334668,2022-05-22T06:53:24.426000,NOT_SPECIFIED_IN_WORKBOOK,1439
348,34.698775,32.5335376,2022-05-22T06:53:28.487000,NOT_SPECIFIED_IN_WORKBOOK,1440
348,34.6987832,32.5335992,2022-05-22T06:53:33.435000,NOT_SPECIFIED_IN_WORKBOOK,1441
348,34.6988021,32.5336336,2022-05-22T06:53:37.436000,NOT_SPECIFIED_IN_WORKBOOK,1442
348,34.6988207,32.5336602,2022-05-22T06:53:41.495000,NOT_SPECIFIED_IN_WORKBOOK,1443
348,34.698829,32.5337309,2022-05-22T06:53:46.472000,NOT_SPECIFIED_IN_WORKBOOK,1444
348,34.698829,32.5337699,2022-05-22T06:53:50.497000,NOT_SPECIFIED_IN_WORKBOOK,1445
348,34.6988344,32.5337726,2022-05-22T06:53:55.436000,NOT_SPECIFIED_IN_WORKBOOK,1446
348,34.6988517,32.533809,2022-05-22T06:53:59.463000,NOT_SPECIFIED_IN_WORKBOOK,1447
348,34.6988643,32.5338282,2022-05-22T06:54:03.490000,NOT_SPECIFIED_IN_WORKBOOK,1448
348,34.6988698,32.5338516,2022-05-22T06:54:08.432000,NOT_SPECIFIED_IN_WORKBOOK,1449
348,34.69889,32.5338984,2022-05-22T06:54:13.431000,NOT_SPECIFIED_IN_WORKBOOK,1450
348,34.6988998,32.5339117,2022-05-22T06:54:17.465000,NOT_SPECIFIED_IN_WORKBOOK,1451
348,34.6989022,32.5339131,2022-05-22T06:54:21.487000,NOT_SPECIFIED_IN_WORKBOOK,1452
348,34.698913,32.5339198,2022-05-22T06:54:26.430000,NOT_SPECIFIED_IN_WORKBOOK,1453
348,34.6989321,32.5339433,2022-05-22T06:54:30.432000,NOT_SPECIFIED_IN_WORKBOOK,1454
348,34.6989561,32.5339812,2022-05-22T06:54:35.428000,NOT_SPECIFIED_IN_WORKBOOK,1455
348,34.698952,32.534014,2022-05-22T06:54:40.435000,NOT_SPECIFIED_IN_WORKBOOK,1456
348,34.6989449,32.5340413,2022-05-22T06:54:44.487000,NOT_SPECIFIED_IN_WORKBOOK,1457
348,34.6989479,32.5340541,2022-05-22T06:54:48.478000,NOT_SPECIFIED_IN_WORKBOOK,1458
348,34.6989516,32.5340516,2022-05-22T06:54:52.487000,NOT_SPECIFIED_IN_WORKBOOK,1459
348,34.698955,32.534047,2022-05-22T06:54:57.468000,NOT_SPECIFIED_IN_WORKBOOK,1460
348,34.69899,32.5340349,2022-05-22T06:55:02.427000,NOT_SPECIFIED_IN_WORKBOOK,1461
348,34.6990403,32.5340255,2022-05-22T06:55:06.483000,NOT_SPECIFIED_IN_WORKBOOK,1462
348,34.6991009,32.5340395,2022-05-22T06:55:11.486000,NOT_SPECIFIED_IN_WORKBOOK,1463
348,34.6991257,32.5340232,2022-05-22T06:55:15.499000,NOT_SPECIFIED_IN_WORKBOOK,1464
348,34.6991765,32.5340268,2022-05-22T06:55:20.475000,NOT_SPECIFIED_IN_WORKBOOK,1465
348,34.6991869,32.5340469,2022-05-22T06:55:24.487000,NOT_SPECIFIED_IN_WORKBOOK,1466
348,34.6992108,32.5340852,2022-05-22T06:55:28.490000,NOT_SPECIFIED_IN_WORKBOOK,1467
348,34.6992376,32.5341247,2022-05-22T06:55:33.471000,NOT_SPECIFIED_IN_WORKBOOK,1468
348,34.6992608,32.5341476,2022-05-22T06:55:38.440000,NOT_SPECIFIED_IN_WORKBOOK,1469
348,34.6992651,32.534149,2022-05-22T06:55:42.446000,NOT_SPECIFIED_IN_WORKBOOK,1470
348,34.6992806,32.5341686,2022-05-22T06:55:46.495000,NOT_SPECIFIED_IN_WORKBOOK,1471
348,34.6993084,32.5342138,2022-05-22T06:55:51.438000,NOT_SPECIFIED_IN_WORKBOOK,1472
348,34.6993333,32.5342557,2022-05-22T06:55:56.437000,NOT_SPECIFIED_IN_WORKBOOK,1473
348,34.6993473,32.5342819,2022-05-22T06:56:00.440000,NOT_SPECIFIED_IN_WORKBOOK,1474
348,34.6993644,32.5343247,2022-05-22T06:56:04.473000,NOT_SPECIFIED_IN_WORKBOOK,1475
348,34.6993711,32.534373,2022-05-22T06:56:09.442000,NOT_SPECIFIED_IN_WORKBOOK,1476
348,34.6993949,32.5344919,2022-05-22T06:56:14.430000,NOT_SPECIFIED_IN_WORKBOOK,1477
348,34.6994121,32.5345473,2022-05-22T06:56:18.437000,NOT_SPECIFIED_IN_WORKBOOK,1478
348,34.6994316,32.5346044,2022-05-22T06:56:22.495000,NOT_SPECIFIED_IN_WORKBOOK,1479
348,34.6994455,32.5346559,2022-05-22T06:56:27.498000,NOT_SPECIFIED_IN_WORKBOOK,1480
348,34.6994735,32.5347233,2022-05-22T06:56:32.426000,NOT_SPECIFIED_IN_WORKBOOK,1481
348,34.6995023,32.5347942,2022-05-22T06:56:36.427000,NOT_SPECIFIED_IN_WORKBOOK,1482
348,34.6995253,32.5348731,2022-05-22T06:56:40.476000,NOT_SPECIFIED_IN_WORKBOOK,1483
348,34.6995347,32.5349305,2022-05-22T06:56:45.423000,NOT_SPECIFIED_IN_WORKBOOK,1484
348,34.6995346,32.5349893,2022-05-22T06:56:49.470000,NOT_SPECIFIED_IN_WORKBOOK,1485
348,34.6995411,32.5350258,2022-05-22T06:56:54.408000,NOT_SPECIFIED_IN_WORKBOOK,1486
348,34.6995286,32.5350692,2022-05-22T06:56:58.431000,NOT_SPECIFIED_IN_WORKBOOK,1487
348,34.699498,32.5350968,2022-05-22T06:57:02.428000,NOT_SPECIFIED_IN_WORKBOOK,1488
348,34.699495,32.5351413,2022-05-22T06:57:06.433000,NOT_SPECIFIED_IN_WORKBOOK,1489
348,34.6996057,32.5351491,2022-05-22T06:57:10.494000,NOT_SPECIFIED_IN_WORKBOOK,1490
348,34.6996243,32.5351826,2022-05-22T06:57:15.430000,NOT_SPECIFIED_IN_WORKBOOK,1491
348,34.6996351,32.5352131,2022-05-22T06:57:19.493000,NOT_SPECIFIED_IN_WORKBOOK,1492
348,34.6996603,32.5352386,2022-05-22T06:57:24.423000,NOT_SPECIFIED_IN_WORKBOOK,1493
348,34.6996618,32.5352627,2022-05-22T06:57:28.464000,NOT_SPECIFIED_IN_WORKBOOK,1494
348,34.6996614,32.5352725,2022-05-22T06:57:33.423000,NOT_SPECIFIED_IN_WORKBOOK,1495
348,34.6996421,32.535301,2022-05-22T06:57:37.475000,NOT_SPECIFIED_IN_WORKBOOK,1496
348,34.6996126,32.5353556,2022-05-22T06:57:42.475000,NOT_SPECIFIED_IN_WORKBOOK,1497
348,34.6995983,32.5354585,2022-05-22T06:57:47.416000,NOT_SPECIFIED_IN_WORKBOOK,1498
348,34.6996205,32.5355358,2022-05-22T06:57:51.455000,NOT_SPECIFIED_IN_WORKBOOK,1499
348,34.6996501,32.53562,2022-05-22T06:57:55.474000,NOT_SPECIFIED_IN_WORKBOOK,1500
348,34.6996589,32.5356842,2022-05-22T06:58:00.420000,NOT_SPECIFIED_IN_WORKBOOK,1501
348,34.6996596,32.5357181,2022-05-22T06:58:04.478000,NOT_SPECIFIED_IN_WORKBOOK,1502
348,34.6996764,32.5356865,2022-05-22T06:58:09.422000,NOT_SPECIFIED_IN_WORKBOOK,1503
348,34.6997086,32.5356609,2022-05-22T06:58:13.422000,NOT_SPECIFIED_IN_WORKBOOK,1504
348,34.699699,32.5355994,2022-05-22T06:58:18.417000,NOT_SPECIFIED_IN_WORKBOOK,1505
348,34.6996983,32.5355658,2022-05-22T06:58:22.449000,NOT_SPECIFIED_IN_WORKBOOK,1506
348,34.6997135,32.5355427,2022-05-22T06:58:26.480000,NOT_SPECIFIED_IN_WORKBOOK,1507
348,34.6997511,32.5355548,2022-05-22T06:58:31.442000,NOT_SPECIFIED_IN_WORKBOOK,1508
348,34.6997891,32.5355805,2022-05-22T06:58:35.473000,NOT_SPECIFIED_IN_WORKBOOK,1509
348,34.6998085,32.535574,2022-05-22T06:58:40.551000,NOT_SPECIFIED_IN_WORKBOOK,1510
348,34.6998122,32.535553,2022-05-22T06:58:45.477000,NOT_SPECIFIED_IN_WORKBOOK,1511
348,34.6998031,32.5355375,2022-05-22T06:58:50.476000,NOT_SPECIFIED_IN_WORKBOOK,1512
348,34.6998006,32.5355345,2022-05-22T06:58:55.460000,NOT_SPECIFIED_IN_WORKBOOK,1513
348,34.6998007,32.5355309,2022-05-22T06:58:59.482000,NOT_SPECIFIED_IN_WORKBOOK,1514
348,34.6997968,32.5355242,2022-05-22T06:59:03.477000,NOT_SPECIFIED_IN_WORKBOOK,1515
348,34.6997894,32.5355174,2022-05-22T06:59:08.473000,NOT_SPECIFIED_IN_WORKBOOK,1516
348,34.699773,32.5355158,2022-05-22T06:59:12.483000,NOT_SPECIFIED_IN_WORKBOOK,1517
348,34.6997558,32.53552,2022-05-22T06:59:17.482000,NOT_SPECIFIED_IN_WORKBOOK,1518
348,34.6997484,32.5355254,2022-05-22T06:59:22.466000,NOT_SPECIFIED_IN_WORKBOOK,1519
348,34.6997326,32.5355337,2022-05-22T06:59:27.462000,NOT_SPECIFIED_IN_WORKBOOK,1520
348,34.6997277,32.53553,2022-05-22T06:59:32.469000,NOT_SPECIFIED_IN_WORKBOOK,1521
348,34.6997384,32.535532,2022-05-22T06:59:37.443000,NOT_SPECIFIED_IN_WORKBOOK,1522
348,34.6997792,32.5355194,2022-05-22T06:59:41.489000,NOT_SPECIFIED_IN_WORKBOOK,1523
348,34.6997724,32.5355399,2022-05-22T06:59:47.485000,NOT_SPECIFIED_IN_WORKBOOK,1524
348,34.6997638,32.5355497,2022-05-22T06:59:50.459000,NOT_SPECIFIED_IN_WORKBOOK,1525
348,34.699759,32.5355529,2022-05-22T06:59:55.464000,NOT_SPECIFIED_IN_WORKBOOK,1526
348,34.6997572,32.5355547,2022-05-22T06:59:59.556000,NOT_SPECIFIED_IN_WORKBOOK,1527
348,34.6997476,32.5355606,2022-05-22T07:00:04.472000,NOT_SPECIFIED_IN_WORKBOOK,1528
348,34.6997288,32.5355783,2022-05-22T07:00:08.493000,NOT_SPECIFIED_IN_WORKBOOK,1529
348,34.6997238,32.5355928,2022-05-22T07:00:13.460000,NOT_SPECIFIED_IN_WORKBOOK,1530
348,34.699716,32.535621,2022-05-22T07:00:18.465000,NOT_SPECIFIED_IN_WORKBOOK,1531
348,34.6996951,32.53564,2022-05-22T07:00:23.404000,NOT_SPECIFIED_IN_WORKBOOK,1532
348,34.6996866,32.5356427,2022-05-22T07:00:27.479000,NOT_SPECIFIED_IN_WORKBOOK,1533
348,34.699678,32.535646,2022-05-22T07:00:32.529000,NOT_SPECIFIED_IN_WORKBOOK,1534
348,34.6996722,32.5356496,2022-05-22T07:00:37.463000,NOT_SPECIFIED_IN_WORKBOOK,1535
348,34.6996718,32.5356482,2022-05-22T07:00:42.464000,NOT_SPECIFIED_IN_WORKBOOK,1536
348,34.6996717,32.5356467,2022-05-22T07:00:47.445000,NOT_SPECIFIED_IN_WORKBOOK,1537
348,34.6996673,32.5356451,2022-05-22T07:00:51.474000,NOT_SPECIFIED_IN_WORKBOOK,1538
348,34.6996464,32.5356358,2022-05-22T07:00:56.500000,NOT_SPECIFIED_IN_WORKBOOK,1539
348,34.6996385,32.535629,2022-05-22T07:01:00.576000,NOT_SPECIFIED_IN_WORKBOOK,1540
348,34.699625,32.5356121,2022-05-22T07:01:05.469000,NOT_SPECIFIED_IN_WORKBOOK,1541
348,34.6996156,32.5356114,2022-05-22T07:01:10.469000,NOT_SPECIFIED_IN_WORKBOOK,1542
348,34.6996133,32.5356212,2022-05-22T07:01:14.490000,NOT_SPECIFIED_IN_WORKBOOK,1543
348,34.69961,32.5356305,2022-05-22T07:01:19.473000,NOT_SPECIFIED_IN_WORKBOOK,1544
348,34.6996058,32.5356437,2022-05-22T07:01:24.420000,NOT_SPECIFIED_IN_WORKBOOK,1545
348,34.6996004,32.5356472,2022-05-22T07:01:28.463000,NOT_SPECIFIED_IN_WORKBOOK,1546
348,34.6995986,32.5356494,2022-05-22T07:01:32.476000,NOT_SPECIFIED_IN_WORKBOOK,1547
348,34.6996045,32.535652,2022-05-22T07:01:37.411000,NOT_SPECIFIED_IN_WORKBOOK,1548
348,34.6996022,32.5356596,2022-05-22T07:01:41.459000,NOT_SPECIFIED_IN_WORKBOOK,1549
348,34.6995836,32.5356526,2022-05-22T07:01:45.484000,NOT_SPECIFIED_IN_WORKBOOK,1550
348,34.6995868,32.5356513,2022-05-22T07:01:50.446000,NOT_SPECIFIED_IN_WORKBOOK,1551
348,34.6995975,32.5356462,2022-05-22T07:01:54.457000,NOT_SPECIFIED_IN_WORKBOOK,1552
348,34.6995988,32.5356466,2022-05-22T07:01:58.470000,NOT_SPECIFIED_IN_WORKBOOK,1553
348,34.6996153,32.5356431,2022-05-22T07:02:03.458000,NOT_SPECIFIED_IN_WORKBOOK,1554
348,34.699615,32.5356441,2022-05-22T07:02:07.465000,NOT_SPECIFIED_IN_WORKBOOK,1555
348,34.6996003,32.5356514,2022-05-22T07:02:12.466000,NOT_SPECIFIED_IN_WORKBOOK,1556
348,34.6995985,32.5356491,2022-05-22T07:02:17.463000,NOT_SPECIFIED_IN_WORKBOOK,1557
348,34.699603,32.5356436,2022-05-22T07:02:21.464000,NOT_SPECIFIED_IN_WORKBOOK,1558
348,34.6996117,32.5356374,2022-05-22T07:02:26.488000,NOT_SPECIFIED_IN_WORKBOOK,1559
348,34.6996296,32.535623,2022-05-22T07:02:31.472000,NOT_SPECIFIED_IN_WORKBOOK,1560
348,34.6996363,32.5356193,2022-05-22T07:02:36.619000,NOT_SPECIFIED_IN_WORKBOOK,1561
348,34.699642,32.5356114,2022-05-22T07:02:41.461000,NOT_SPECIFIED_IN_WORKBOOK,1562
348,34.6996456,32.5356113,2022-05-22T07:02:45.474000,NOT_SPECIFIED_IN_WORKBOOK,1563
348,34.6996475,32.5356116,2022-05-22T07:02:50.462000,NOT_SPECIFIED_IN_WORKBOOK,1564
348,34.6996501,32.5356104,2022-05-22T07:02:55.455000,NOT_SPECIFIED_IN_WORKBOOK,1565
348,34.6996511,32.53561,2022-05-22T07:02:59.472000,NOT_SPECIFIED_IN_WORKBOOK,1566
348,34.6996569,32.5356122,2022-05-22T07:03:04.471000,NOT_SPECIFIED_IN_WORKBOOK,1567
348,34.6996561,32.5356113,2022-05-22T07:03:08.468000,NOT_SPECIFIED_IN_WORKBOOK,1568
348,34.6996562,32.5356115,2022-05-22T07:03:13.452000,NOT_SPECIFIED_IN_WORKBOOK,1569
348,34.6996556,32.5356115,2022-05-22T07:03:18.445000,NOT_SPECIFIED_IN_WORKBOOK,1570
348,34.6996459,32.5356055,2022-05-22T07:03:22.473000,NOT_SPECIFIED_IN_WORKBOOK,1571
348,34.6996379,32.5356033,2022-05-22T07:03:27.442000,NOT_SPECIFIED_IN_WORKBOOK,1572
348,34.6996373,32.5356032,2022-05-22T07:03:31.443000,NOT_SPECIFIED_IN_WORKBOOK,1573
348,34.6996402,32.5355866,2022-05-22T07:03:35.470000,NOT_SPECIFIED_IN_WORKBOOK,1574
348,34.6996392,32.5355839,2022-05-22T07:03:40.462000,NOT_SPECIFIED_IN_WORKBOOK,1575
348,34.6996467,32.5355951,2022-05-22T07:03:45.480000,NOT_SPECIFIED_IN_WORKBOOK,1576
348,34.6996535,32.5356027,2022-05-22T07:03:50.421000,NOT_SPECIFIED_IN_WORKBOOK,1577
348,34.6996559,32.5356049,2022-05-22T07:03:54.476000,NOT_SPECIFIED_IN_WORKBOOK,1578
348,34.6996605,32.5356067,2022-05-22T07:03:58.474000,NOT_SPECIFIED_IN_WORKBOOK,1579
348,34.6996645,32.535606,2022-05-22T07:04:03.463000,NOT_SPECIFIED_IN_WORKBOOK,1580
348,34.6996674,32.5356032,2022-05-22T07:04:08.439000,NOT_SPECIFIED_IN_WORKBOOK,1581
348,34.6996861,32.5355709,2022-05-22T07:04:13.439000,NOT_SPECIFIED_IN_WORKBOOK,1582
348,34.6996879,32.5355691,2022-05-22T07:04:18.445000,NOT_SPECIFIED_IN_WORKBOOK,1583
348,34.699686,32.5355703,2022-05-22T07:04:22.452000,NOT_SPECIFIED_IN_WORKBOOK,1584
348,34.6996776,32.5355824,2022-05-22T07:04:27.448000,NOT_SPECIFIED_IN_WORKBOOK,1585
348,34.6996834,32.5355959,2022-05-22T07:04:31.460000,NOT_SPECIFIED_IN_WORKBOOK,1586
348,34.6997031,32.5356096,2022-05-22T07:04:36.471000,NOT_SPECIFIED_IN_WORKBOOK,1587
348,34.6996985,32.5356089,2022-05-22T07:04:41.456000,NOT_SPECIFIED_IN_WORKBOOK,1588
348,34.6996961,32.5356109,2022-05-22T07:04:45.471000,NOT_SPECIFIED_IN_WORKBOOK,1589
348,34.699702,32.5356086,2022-05-22T07:04:50.456000,NOT_SPECIFIED_IN_WORKBOOK,1590
348,34.6996767,32.5355717,2022-05-22T07:04:54.470000,NOT_SPECIFIED_IN_WORKBOOK,1591
348,34.6996704,32.5355637,2022-05-22T07:04:58.464000,NOT_SPECIFIED_IN_WORKBOOK,1592
348,34.6996695,32.535566,2022-05-22T07:05:02.466000,NOT_SPECIFIED_IN_WORKBOOK,1593
348,34.6996668,32.5355913,2022-05-22T07:05:07.460000,NOT_SPECIFIED_IN_WORKBOOK,1594
348,34.6996663,32.5355981,2022-05-22T07:05:12.467000,NOT_SPECIFIED_IN_WORKBOOK,1595
348,34.6996708,32.535615,2022-05-22T07:05:17.464000,NOT_SPECIFIED_IN_WORKBOOK,1596
348,34.6996747,32.5356138,2022-05-22T07:05:21.465000,NOT_SPECIFIED_IN_WORKBOOK,1597
348,34.6996769,32.5356026,2022-05-22T07:05:26.435000,NOT_SPECIFIED_IN_WORKBOOK,1598
348,34.6996771,32.5355996,2022-05-22T07:05:31.426000,NOT_SPECIFIED_IN_WORKBOOK,1599
348,34.699679,32.5355807,2022-05-22T07:05:35.458000,NOT_SPECIFIED_IN_WORKBOOK,1600
348,34.699678,32.535593,2022-05-22T07:05:39.460000,NOT_SPECIFIED_IN_WORKBOOK,1601
348,34.6996657,32.5355979,2022-05-22T07:05:44.457000,NOT_SPECIFIED_IN_WORKBOOK,1602
348,34.6996644,32.5355973,2022-05-22T07:05:49.463000,NOT_SPECIFIED_IN_WORKBOOK,1603
348,34.6996599,32.5355929,2022-05-22T07:05:54.454000,NOT_SPECIFIED_IN_WORKBOOK,1604
348,34.6996557,32.5356039,2022-05-22T07:05:59.461000,NOT_SPECIFIED_IN_WORKBOOK,1605
348,34.6996357,32.5356155,2022-05-22T07:06:03.502000,NOT_SPECIFIED_IN_WORKBOOK,1606
348,34.6996244,32.5356143,2022-05-22T07:06:08.453000,NOT_SPECIFIED_IN_WORKBOOK,1607
348,34.699618,32.535623,2022-05-22T07:06:12.473000,NOT_SPECIFIED_IN_WORKBOOK,1608
348,34.6996115,32.5356258,2022-05-22T07:06:16.475000,NOT_SPECIFIED_IN_WORKBOOK,1609
348,34.6995992,32.5356226,2022-05-22T07:06:21.521000,NOT_SPECIFIED_IN_WORKBOOK,1610
348,34.6995893,32.5356058,2022-05-22T07:06:26.452000,NOT_SPECIFIED_IN_WORKBOOK,1611
348,34.6995738,32.5356027,2022-05-22T07:06:31.459000,NOT_SPECIFIED_IN_WORKBOOK,1612
348,34.6995945,32.5355962,2022-05-22T07:06:36.444000,NOT_SPECIFIED_IN_WORKBOOK,1613
348,34.6996128,32.5355819,2022-05-22T07:06:40.461000,NOT_SPECIFIED_IN_WORKBOOK,1614
348,34.6996258,32.5355754,2022-05-22T07:06:44.520000,NOT_SPECIFIED_IN_WORKBOOK,1615
348,34.6996332,32.5355725,2022-05-22T07:06:49.408000,NOT_SPECIFIED_IN_WORKBOOK,1616
348,34.6996666,32.5355689,2022-05-22T07:06:53.417000,NOT_SPECIFIED_IN_WORKBOOK,1617
348,34.6996835,32.5355706,2022-05-22T07:06:57.484000,NOT_SPECIFIED_IN_WORKBOOK,1618
348,34.6996799,32.5356011,2022-05-22T07:07:02.461000,NOT_SPECIFIED_IN_WORKBOOK,1619
348,34.6996727,32.5355762,2022-05-22T07:07:06.511000,NOT_SPECIFIED_IN_WORKBOOK,1620
348,34.6996337,32.5356054,2022-05-22T07:07:11.472000,NOT_SPECIFIED_IN_WORKBOOK,1621
348,34.6996176,32.535634,2022-05-22T07:07:15.470000,NOT_SPECIFIED_IN_WORKBOOK,1622
348,34.6996137,32.5356344,2022-05-22T07:07:20.345000,NOT_SPECIFIED_IN_WORKBOOK,1623
348,34.6996,32.5356224,2022-05-22T07:07:25.442000,NOT_SPECIFIED_IN_WORKBOOK,1624
348,34.6995991,32.5356174,2022-05-22T07:07:29.458000,NOT_SPECIFIED_IN_WORKBOOK,1625
348,34.6996024,32.5356191,2022-05-22T07:07:33.465000,NOT_SPECIFIED_IN_WORKBOOK,1626
348,34.6996049,32.5356162,2022-05-22T07:07:38.054000,NOT_SPECIFIED_IN_WORKBOOK,1627
348,34.6996137,32.5355985,2022-05-22T07:07:42.236000,NOT_SPECIFIED_IN_WORKBOOK,1628
348,34.6996192,32.5355689,2022-05-22T07:07:46.368000,NOT_SPECIFIED_IN_WORKBOOK,1629
348,34.6996246,32.5355748,2022-05-22T07:07:50.466000,NOT_SPECIFIED_IN_WORKBOOK,1630
348,34.6996177,32.535581,2022-05-22T07:07:54.471000,NOT_SPECIFIED_IN_WORKBOOK,1631
348,34.6996166,32.5355926,2022-05-22T07:07:59.489000,NOT_SPECIFIED_IN_WORKBOOK,1632
348,34.6996149,32.5355971,2022-05-22T07:08:03.712000,NOT_SPECIFIED_IN_WORKBOOK,1633
348,34.6996039,32.5355904,2022-05-22T07:08:08.108000,NOT_SPECIFIED_IN_WORKBOOK,1634
348,34.6995953,32.5355788,2022-05-22T07:08:12.468000,NOT_SPECIFIED_IN_WORKBOOK,1635
348,34.6995847,32.5355729,2022-05-22T07:08:17.470000,NOT_SPECIFIED_IN_WORKBOOK,1636
348,34.6995793,32.5355691,2022-05-22T07:08:22.447000,NOT_SPECIFIED_IN_WORKBOOK,1637
348,34.6995778,32.5355663,2022-05-22T07:08:27.431000,NOT_SPECIFIED_IN_WORKBOOK,1638
348,34.6995759,32.5355666,2022-05-22T07:08:31.428000,NOT_SPECIFIED_IN_WORKBOOK,1639
348,34.6995802,32.5355457,2022-05-22T07:08:35.439000,NOT_SPECIFIED_IN_WORKBOOK,1640
348,34.6996069,32.5354929,2022-05-22T07:08:39.727000,NOT_SPECIFIED_IN_WORKBOOK,1641
348,34.6996301,32.5354624,2022-05-22T07:08:43.864000,NOT_SPECIFIED_IN_WORKBOOK,1642
348,34.699644,32.5354545,2022-05-22T07:08:48.475000,NOT_SPECIFIED_IN_WORKBOOK,1643
348,34.6996389,32.5354492,2022-05-22T07:08:53.464000,NOT_SPECIFIED_IN_WORKBOOK,1644
348,34.6996332,32.5354452,2022-05-22T07:08:57.466000,NOT_SPECIFIED_IN_WORKBOOK,1645
348,34.699631,32.5354485,2022-05-22T07:09:02.102000,NOT_SPECIFIED_IN_WORKBOOK,1646
348,34.6996329,32.5354722,2022-05-22T07:09:06.460000,NOT_SPECIFIED_IN_WORKBOOK,1647
348,34.6996283,32.5355411,2022-05-22T07:09:10.839000,NOT_SPECIFIED_IN_WORKBOOK,1648
348,34.699613,32.5356001,2022-05-22T07:09:15.452000,NOT_SPECIFIED_IN_WORKBOOK,1649
348,34.6996022,32.5356124,2022-05-22T07:09:19.460000,NOT_SPECIFIED_IN_WORKBOOK,1650
348,34.6995963,32.5356331,2022-05-22T07:09:23.468000,NOT_SPECIFIED_IN_WORKBOOK,1651
348,34.6995931,32.5356649,2022-05-22T07:09:27.486000,NOT_SPECIFIED_IN_WORKBOOK,1652
348,34.6996038,32.5356883,2022-05-22T07:09:31.954000,NOT_SPECIFIED_IN_WORKBOOK,1653
348,34.6995997,32.5357156,2022-05-22T07:09:36.219000,NOT_SPECIFIED_IN_WORKBOOK,1654
348,34.6995856,32.5357555,2022-05-22T07:09:40.471000,NOT_SPECIFIED_IN_WORKBOOK,1655
348,34.6995882,32.5357415,2022-05-22T07:09:45.464000,NOT_SPECIFIED_IN_WORKBOOK,1656
348,34.6995856,32.535726,2022-05-22T07:09:49.473000,NOT_SPECIFIED_IN_WORKBOOK,1657
348,34.6995807,32.5357008,2022-05-22T07:09:53.489000,NOT_SPECIFIED_IN_WORKBOOK,1658
348,34.6995801,32.5356821,2022-05-22T07:09:58.481000,NOT_SPECIFIED_IN_WORKBOOK,1659
348,34.6995802,32.5356742,2022-05-22T07:10:03.457000,NOT_SPECIFIED_IN_WORKBOOK,1660
348,34.6995805,32.5356715,2022-05-22T07:10:07.472000,NOT_SPECIFIED_IN_WORKBOOK,1661
348,34.6995802,32.535669,2022-05-22T07:10:11.467000,NOT_SPECIFIED_IN_WORKBOOK,1662
348,34.6995785,32.5356742,2022-05-22T07:10:16.442000,NOT_SPECIFIED_IN_WORKBOOK,1663
348,34.6995793,32.535672,2022-05-22T07:10:20.441000,NOT_SPECIFIED_IN_WORKBOOK,1664
348,34.6995808,32.5356734,2022-05-22T07:10:25.454000,NOT_SPECIFIED_IN_WORKBOOK,1665
348,34.6995824,32.5356616,2022-05-22T07:10:30.439000,NOT_SPECIFIED_IN_WORKBOOK,1666
348,34.6995782,32.5356522,2022-05-22T07:10:35.451000,NOT_SPECIFIED_IN_WORKBOOK,1667
348,34.6995772,32.5356234,2022-05-22T07:10:39.468000,NOT_SPECIFIED_IN_WORKBOOK,1668
348,34.6995806,32.5355932,2022-05-22T07:10:43.481000,NOT_SPECIFIED_IN_WORKBOOK,1669
348,34.6995818,32.5355797,2022-05-22T07:10:48.473000,NOT_SPECIFIED_IN_WORKBOOK,1670
348,34.6995801,32.5355693,2022-05-22T07:10:52.466000,NOT_SPECIFIED_IN_WORKBOOK,1671
348,34.699578,32.5355655,2022-05-22T07:10:56.471000,NOT_SPECIFIED_IN_WORKBOOK,1672
348,34.6995781,32.5355718,2022-05-22T07:11:01.461000,NOT_SPECIFIED_IN_WORKBOOK,1673
348,34.6995732,32.5355971,2022-05-22T07:11:05.491000,NOT_SPECIFIED_IN_WORKBOOK,1674
348,34.6995602,32.5356559,2022-05-22T07:11:09.978000,NOT_SPECIFIED_IN_WORKBOOK,1675
348,34.6995651,32.5356797,2022-05-22T07:11:14.463000,NOT_SPECIFIED_IN_WORKBOOK,1676
348,34.6995645,32.5356893,2022-05-22T07:11:19.471000,NOT_SPECIFIED_IN_WORKBOOK,1677
348,34.6995622,32.5357008,2022-05-22T07:11:23.472000,NOT_SPECIFIED_IN_WORKBOOK,1678
348,34.6995666,32.5356941,2022-05-22T07:11:27.476000,NOT_SPECIFIED_IN_WORKBOOK,1679
348,34.6995679,32.5356845,2022-05-22T07:11:31.496000,NOT_SPECIFIED_IN_WORKBOOK,1680
348,34.6995683,32.5356844,2022-05-22T07:11:36.458000,NOT_SPECIFIED_IN_WORKBOOK,1681
348,34.6995718,32.5356855,2022-05-22T07:11:40.475000,NOT_SPECIFIED_IN_WORKBOOK,1682
348,34.6995815,32.5356741,2022-05-22T07:11:44.498000,NOT_SPECIFIED_IN_WORKBOOK,1683
348,34.6995795,32.5356768,2022-05-22T07:11:49.478000,NOT_SPECIFIED_IN_WORKBOOK,1684
348,34.6995911,32.5356577,2022-05-22T07:11:53.481000,NOT_SPECIFIED_IN_WORKBOOK,1685
348,34.6996139,32.5356392,2022-05-22T07:11:59.443000,NOT_SPECIFIED_IN_WORKBOOK,1686
348,34.6996239,32.5356313,2022-05-22T07:12:03.457000,NOT_SPECIFIED_IN_WORKBOOK,1687
348,34.6996309,32.5355842,2022-05-22T07:12:07.466000,NOT_SPECIFIED_IN_WORKBOOK,1688
348,34.6996308,32.5355825,2022-05-22T07:12:11.466000,NOT_SPECIFIED_IN_WORKBOOK,1689
348,34.6996309,32.5355827,2022-05-22T07:12:16.429000,NOT_SPECIFIED_IN_WORKBOOK,1690
348,34.6996381,32.5355784,2022-05-22T07:12:20.458000,NOT_SPECIFIED_IN_WORKBOOK,1691
348,34.6996495,32.5356239,2022-05-22T07:12:25.443000,NOT_SPECIFIED_IN_WORKBOOK,1692
348,34.6996513,32.5356474,2022-05-22T07:12:30.447000,NOT_SPECIFIED_IN_WORKBOOK,1693
348,34.6996386,32.5356515,2022-05-22T07:12:35.437000,NOT_SPECIFIED_IN_WORKBOOK,1694
348,34.6996243,32.535658,2022-05-22T07:12:39.457000,NOT_SPECIFIED_IN_WORKBOOK,1695
348,34.6996145,32.5356583,2022-05-22T07:12:43.459000,NOT_SPECIFIED_IN_WORKBOOK,1696
348,34.6996075,32.535661,2022-05-22T07:12:48.460000,NOT_SPECIFIED_IN_WORKBOOK,1697
348,34.6996036,32.5356672,2022-05-22T07:12:53.448000,NOT_SPECIFIED_IN_WORKBOOK,1698
348,34.6995956,32.5356788,2022-05-22T07:12:58.436000,NOT_SPECIFIED_IN_WORKBOOK,1699
348,34.699588,32.5356889,2022-05-22T07:13:02.435000,NOT_SPECIFIED_IN_WORKBOOK,1700
348,34.699581,32.5357134,2022-05-22T07:13:06.480000,NOT_SPECIFIED_IN_WORKBOOK,1701
348,34.6995782,32.5357191,2022-05-22T07:13:11.466000,NOT_SPECIFIED_IN_WORKBOOK,1702
348,34.6995766,32.5357182,2022-05-22T07:13:16.458000,NOT_SPECIFIED_IN_WORKBOOK,1703
348,34.6995768,32.5357169,2022-05-22T07:13:21.481000,NOT_SPECIFIED_IN_WORKBOOK,1704
348,34.6995783,32.5357158,2022-05-22T07:13:25.469000,NOT_SPECIFIED_IN_WORKBOOK,1705
348,34.6995789,32.5357146,2022-05-22T07:13:29.477000,NOT_SPECIFIED_IN_WORKBOOK,1706
348,34.6995788,32.5357139,2022-05-22T07:13:33.471000,NOT_SPECIFIED_IN_WORKBOOK,1707
348,34.6995751,32.5356998,2022-05-22T07:13:38.439000,NOT_SPECIFIED_IN_WORKBOOK,1708
348,34.6995753,32.5356985,2022-05-22T07:13:42.465000,NOT_SPECIFIED_IN_WORKBOOK,1709
348,34.6995829,32.5357073,2022-05-22T07:13:46.991000,NOT_SPECIFIED_IN_WORKBOOK,1710
348,34.6995901,32.5357002,2022-05-22T07:13:51.475000,NOT_SPECIFIED_IN_WORKBOOK,1711
348,34.6995899,32.5356913,2022-05-22T07:13:55.462000,NOT_SPECIFIED_IN_WORKBOOK,1712
348,34.6996004,32.535678,2022-05-22T07:13:59.487000,NOT_SPECIFIED_IN_WORKBOOK,1713
348,34.6996109,32.5356737,2022-05-22T07:14:03.479000,NOT_SPECIFIED_IN_WORKBOOK,1714
348,34.6996249,32.5356709,2022-05-22T07:14:08.462000,NOT_SPECIFIED_IN_WORKBOOK,1715
348,34.6996429,32.5356587,2022-05-22T07:14:13.454000,NOT_SPECIFIED_IN_WORKBOOK,1716
348,34.6996469,32.535656,2022-05-22T07:14:17.481000,NOT_SPECIFIED_IN_WORKBOOK,1717
348,34.6996601,32.5356487,2022-05-22T07:14:22.455000,NOT_SPECIFIED_IN_WORKBOOK,1718
348,34.699663,32.5356449,2022-05-22T07:14:26.462000,NOT_SPECIFIED_IN_WORKBOOK,1719
348,34.6996735,32.5356503,2022-05-22T07:14:31.501000,NOT_SPECIFIED_IN_WORKBOOK,1720
348,34.6996715,32.535649,2022-05-22T07:14:36.461000,NOT_SPECIFIED_IN_WORKBOOK,1721
348,34.6996719,32.5356493,2022-05-22T07:14:40.458000,NOT_SPECIFIED_IN_WORKBOOK,1722
348,34.6996717,32.535649,2022-05-22T07:14:45.470000,NOT_SPECIFIED_IN_WORKBOOK,1723
348,34.6996754,32.5356556,2022-05-22T07:14:50.462000,NOT_SPECIFIED_IN_WORKBOOK,1724
348,34.6996757,32.5356569,2022-05-22T07:14:55.460000,NOT_SPECIFIED_IN_WORKBOOK,1725
348,34.6996684,32.535645,2022-05-22T07:14:59.481000,NOT_SPECIFIED_IN_WORKBOOK,1726
348,34.6996656,32.5356293,2022-05-22T07:15:04.468000,NOT_SPECIFIED_IN_WORKBOOK,1727
348,34.6996468,32.5355678,2022-05-22T07:15:08.482000,NOT_SPECIFIED_IN_WORKBOOK,1728
348,34.6996437,32.5354815,2022-05-22T07:15:12.854000,NOT_SPECIFIED_IN_WORKBOOK,1729
348,34.6996508,32.5354425,2022-05-22T07:15:17.018000,NOT_SPECIFIED_IN_WORKBOOK,1730
348,34.6996484,32.5354181,2022-05-22T07:15:21.237000,NOT_SPECIFIED_IN_WORKBOOK,1731
348,34.6996692,32.5354203,2022-05-22T07:15:25.690000,NOT_SPECIFIED_IN_WORKBOOK,1732
348,34.6996947,32.5354113,2022-05-22T07:15:30.484000,NOT_SPECIFIED_IN_WORKBOOK,1733
348,34.699689,32.5354166,2022-05-22T07:15:34.477000,NOT_SPECIFIED_IN_WORKBOOK,1734
348,34.6996774,32.5354153,2022-05-22T07:15:39.153000,NOT_SPECIFIED_IN_WORKBOOK,1735
348,34.6996735,32.5354237,2022-05-22T07:15:43.399000,NOT_SPECIFIED_IN_WORKBOOK,1736
348,34.6996736,32.5354327,2022-05-22T07:15:47.533000,NOT_SPECIFIED_IN_WORKBOOK,1737
348,34.6996524,32.5354813,2022-05-22T07:15:51.992000,NOT_SPECIFIED_IN_WORKBOOK,1738
348,34.6996242,32.5355719,2022-05-22T07:15:57.361000,NOT_SPECIFIED_IN_WORKBOOK,1739
348,34.6996679,32.5358309,2022-05-22T07:16:16.410000,NOT_SPECIFIED_IN_WORKBOOK,1740
348,34.6996965,32.535979,2022-05-22T07:16:26.427000,NOT_SPECIFIED_IN_WORKBOOK,1741
348,34.6997231,32.5361131,2022-05-22T07:16:36.455000,NOT_SPECIFIED_IN_WORKBOOK,1742
348,34.7107881,32.5526527,2022-05-22T07:16:47.995000,NOT_SPECIFIED_IN_WORKBOOK,1743
348,34.6996549,32.5354809,2022-05-22T07:16:56.478000,NOT_SPECIFIED_IN_WORKBOOK,1744
348,34.6996549,32.5354809,2022-05-22T07:17:06.475000,NOT_SPECIFIED_IN_WORKBOOK,1745
348,34.6996549,32.5354809,2022-05-22T07:17:16.471000,NOT_SPECIFIED_IN_WORKBOOK,1746
348,34.6996549,32.5354809,2022-05-22T07:17:26.517000,NOT_SPECIFIED_IN_WORKBOOK,1747
348,34.6996549,32.5354809,2022-05-22T07:17:36.560000,NOT_SPECIFIED_IN_WORKBOOK,1748
348,34.6996549,32.5354809,2022-05-22T07:17:47.363000,NOT_SPECIFIED_IN_WORKBOOK,1749
348,34.6996549,32.5354809,2022-05-22T07:17:57.689000,NOT_SPECIFIED_IN_WORKBOOK,1750
348,34.6996549,32.5354809,2022-05-22T07:18:07.721000,NOT_SPECIFIED_IN_WORKBOOK,1751
348,34.6996549,32.5354809,2022-05-22T07:18:17.440000,NOT_SPECIFIED_IN_WORKBOOK,1752
348,34.6996549,32.5354809,2022-05-22T07:18:27.461000,NOT_SPECIFIED_IN_WORKBOOK,1753
348,34.6996549,32.5354809,2022-05-22T07:18:37.460000,NOT_SPECIFIED_IN_WORKBOOK,1754
348,34.6996549,32.5354809,2022-05-22T07:18:47.081000,NOT_SPECIFIED_IN_WORKBOOK,1755
348,34.6995364,32.5355346,2022-05-22T07:18:48.703000,NOT_SPECIFIED_IN_WORKBOOK,1756
348,34.6996141,32.535596,2022-05-22T07:18:53.682000,NOT_SPECIFIED_IN_WORKBOOK,1757
348,34.699615,32.5355842,2022-05-22T07:18:58.443000,NOT_SPECIFIED_IN_WORKBOOK,1758
348,34.6996078,32.5355748,2022-05-22T07:19:02.441000,NOT_SPECIFIED_IN_WORKBOOK,1759
348,34.6995994,32.5355777,2022-05-22T07:19:06.456000,NOT_SPECIFIED_IN_WORKBOOK,1760
348,34.6995848,32.5355889,2022-05-22T07:19:11.455000,NOT_SPECIFIED_IN_WORKBOOK,1761
348,34.6995812,32.5355881,2022-05-22T07:19:15.453000,NOT_SPECIFIED_IN_WORKBOOK,1762
348,34.6995842,32.5355868,2022-05-22T07:19:20.466000,NOT_SPECIFIED_IN_WORKBOOK,1763
348,34.6995842,32.5355868,2022-05-22T07:19:24.480000,NOT_SPECIFIED_IN_WORKBOOK,1764
348,34.6995895,32.5355822,2022-05-22T07:19:28.489000,NOT_SPECIFIED_IN_WORKBOOK,1765
348,34.6995889,32.5355805,2022-05-22T07:19:33.466000,NOT_SPECIFIED_IN_WORKBOOK,1766
348,34.6995904,32.535583,2022-05-22T07:19:38.453000,NOT_SPECIFIED_IN_WORKBOOK,1767
348,34.6995922,32.5355926,2022-05-22T07:19:43.449000,NOT_SPECIFIED_IN_WORKBOOK,1768
348,34.6995934,32.5355944,2022-05-22T07:19:48.445000,NOT_SPECIFIED_IN_WORKBOOK,1769
348,34.6995943,32.5355966,2022-05-22T07:19:52.452000,NOT_SPECIFIED_IN_WORKBOOK,1770
348,34.6995995,32.5355967,2022-05-22T07:19:57.450000,NOT_SPECIFIED_IN_WORKBOOK,1771
348,34.6995975,32.5355974,2022-05-22T07:20:02.452000,NOT_SPECIFIED_IN_WORKBOOK,1772
348,34.6995985,32.535597,2022-05-22T07:20:07.488000,NOT_SPECIFIED_IN_WORKBOOK,1773
348,34.6996013,32.5355897,2022-05-22T07:20:12.476000,NOT_SPECIFIED_IN_WORKBOOK,1774
348,34.6996022,32.535594,2022-05-22T07:20:16.484000,NOT_SPECIFIED_IN_WORKBOOK,1775
348,34.6996114,32.5355804,2022-05-22T07:20:21.480000,NOT_SPECIFIED_IN_WORKBOOK,1776
348,34.6996203,32.535579,2022-05-22T07:20:26.480000,NOT_SPECIFIED_IN_WORKBOOK,1777
348,34.6996186,32.5355797,2022-05-22T07:20:31.465000,NOT_SPECIFIED_IN_WORKBOOK,1778
348,34.6996176,32.5355812,2022-05-22T07:20:35.469000,NOT_SPECIFIED_IN_WORKBOOK,1779
348,34.6996201,32.5355851,2022-05-22T07:20:39.492000,NOT_SPECIFIED_IN_WORKBOOK,1780
348,34.6996222,32.5355884,2022-05-22T07:20:44.448000,NOT_SPECIFIED_IN_WORKBOOK,1781
348,34.6996187,32.5355795,2022-05-22T07:20:50.600000,NOT_SPECIFIED_IN_WORKBOOK,1782
348,34.6996165,32.5355977,2022-05-22T07:20:55.482000,NOT_SPECIFIED_IN_WORKBOOK,1783
348,34.6996174,32.5356179,2022-05-22T07:21:05.645000,NOT_SPECIFIED_IN_WORKBOOK,1784
348,34.6996222,32.5356506,2022-05-22T07:21:15.673000,NOT_SPECIFIED_IN_WORKBOOK,1785
348,34.6996233,32.5355916,2022-05-22T07:21:25.698000,NOT_SPECIFIED_IN_WORKBOOK,1786
348,34.6996232,32.5355881,2022-05-22T07:21:35.717000,NOT_SPECIFIED_IN_WORKBOOK,1787
348,34.6996232,32.5355889,2022-05-22T07:21:45.706000,NOT_SPECIFIED_IN_WORKBOOK,1788
348,34.6996232,32.5355888,2022-05-22T07:21:55.813000,NOT_SPECIFIED_IN_WORKBOOK,1789
348,34.6996232,32.5355888,2022-05-22T07:22:05.869000,NOT_SPECIFIED_IN_WORKBOOK,1790
348,34.6996232,32.5355888,2022-05-22T07:22:12.672000,NOT_SPECIFIED_IN_WORKBOOK,1791
348,34.699547,32.5354495,2022-05-22T07:22:14.765000,NOT_SPECIFIED_IN_WORKBOOK,1792
348,34.6995791,32.5354417,2022-05-22T07:22:18.870000,NOT_SPECIFIED_IN_WORKBOOK,1793
348,34.6995733,32.5355585,2022-05-22T07:22:23.480000,NOT_SPECIFIED_IN_WORKBOOK,1794
348,34.6995317,32.5356075,2022-05-22T07:22:28.478000,NOT_SPECIFIED_IN_WORKBOOK,1795
348,34.6995388,32.5355849,2022-05-22T07:22:32.507000,NOT_SPECIFIED_IN_WORKBOOK,1796
348,34.6995461,32.5356032,2022-05-22T07:22:37.481000,NOT_SPECIFIED_IN_WORKBOOK,1797
348,34.6995495,32.5356089,2022-05-22T07:22:41.491000,NOT_SPECIFIED_IN_WORKBOOK,1798
348,34.6995493,32.5356086,2022-05-22T07:22:46.443000,NOT_SPECIFIED_IN_WORKBOOK,1799
348,34.6995485,32.5356302,2022-05-22T07:22:50.872000,NOT_SPECIFIED_IN_WORKBOOK,1800
348,34.69956,32.5356366,2022-05-22T07:22:55.891000,NOT_SPECIFIED_IN_WORKBOOK,1801
348,34.699565,32.5356372,2022-05-22T07:23:01.555000,NOT_SPECIFIED_IN_WORKBOOK,1802
348,34.6995685,32.5356369,2022-05-22T07:23:05.602000,NOT_SPECIFIED_IN_WORKBOOK,1803
348,34.6995717,32.535638,2022-05-22T07:23:10.549000,NOT_SPECIFIED_IN_WORKBOOK,1804
348,34.6995808,32.5356376,2022-05-22T07:23:18.359000,NOT_SPECIFIED_IN_WORKBOOK,1805
348,34.6995857,32.535641,2022-05-22T07:23:23.142000,NOT_SPECIFIED_IN_WORKBOOK,1806
348,34.6995882,32.5356446,2022-05-22T07:23:28.951000,NOT_SPECIFIED_IN_WORKBOOK,1807
348,34.6995949,32.5356551,2022-05-22T07:23:37.460000,NOT_SPECIFIED_IN_WORKBOOK,1808
348,34.699601,32.5356633,2022-05-22T07:23:41.684000,NOT_SPECIFIED_IN_WORKBOOK,1809
348,34.6996053,32.5356646,2022-05-22T07:23:50.438000,NOT_SPECIFIED_IN_WORKBOOK,1810
348,34.6996121,32.5356586,2022-05-22T07:24:00.736000,NOT_SPECIFIED_IN_WORKBOOK,1811
348,34.6996203,32.5356566,2022-05-22T07:24:13.553000,NOT_SPECIFIED_IN_WORKBOOK,1812
348,34.6996167,32.5356553,2022-05-22T07:24:23.607000,NOT_SPECIFIED_IN_WORKBOOK,1813
348,34.6995721,32.5356252,2022-05-22T07:24:33.615000,NOT_SPECIFIED_IN_WORKBOOK,1814
348,34.6995493,32.5356086,2022-05-22T07:24:53.812000,NOT_SPECIFIED_IN_WORKBOOK,1815
348,34.6995493,32.5356086,2022-05-22T07:25:14.524000,NOT_SPECIFIED_IN_WORKBOOK,1816
348,34.6995493,32.5356086,2022-05-22T07:25:23.889000,NOT_SPECIFIED_IN_WORKBOOK,1817
348,34.6995493,32.5356086,2022-05-22T07:26:00.754000,NOT_SPECIFIED_IN_WORKBOOK,1818
348,34.6995493,32.5356086,2022-05-22T07:26:09.743000,NOT_SPECIFIED_IN_WORKBOOK,1819
348,34.6995493,32.5356086,2022-05-22T07:26:39.584000,NOT_SPECIFIED_IN_WORKBOOK,1820
348,34.6929835,32.578102,2022-05-22T07:26:44.030000,NOT_SPECIFIED_IN_WORKBOOK,1821
348,34.6929835,32.578102,2022-05-22T07:26:58.024000,NOT_SPECIFIED_IN_WORKBOOK,1822
348,34.6929835,32.578102,2022-05-22T07:27:08.016000,NOT_SPECIFIED_IN_WORKBOOK,1823
348,34.6929835,32.578102,2022-05-22T07:27:18.174000,NOT_SPECIFIED_IN_WORKBOOK,1824
348,34.6995493,32.5356086,2022-05-22T07:27:25.239000,NOT_SPECIFIED_IN_WORKBOOK,1825
348,34.6995493,32.5356086,2022-05-22T07:27:28.578000,NOT_SPECIFIED_IN_WORKBOOK,1826
348,34.6995493,32.5356086,2022-05-22T07:27:33.267000,NOT_SPECIFIED_IN_WORKBOOK,1827
348,34.6995493,32.5356086,2022-05-22T07:27:43.573000,NOT_SPECIFIED_IN_WORKBOOK,1828
348,34.6929835,32.578102,2022-05-22T07:27:54.602000,NOT_SPECIFIED_IN_WORKBOOK,1829
348,34.7114405,32.5049184,2022-05-22T07:28:04.712000,NOT_SPECIFIED_IN_WORKBOOK,1830
348,34.6929835,32.578102,2022-05-22T07:28:14.690000,NOT_SPECIFIED_IN_WORKBOOK,1831
348,34.7114405,32.5049184,2022-05-22T07:28:25.041000,NOT_SPECIFIED_IN_WORKBOOK,1832
348,34.7114405,32.5049184,2022-05-22T07:28:35.097000,NOT_SPECIFIED_IN_WORKBOOK,1833
348,34.7114405,32.5049184,2022-05-22T07:28:45.130000,NOT_SPECIFIED_IN_WORKBOOK,1834
348,34.7212627,32.5289651,2022-05-22T07:28:55.243000,NOT_SPECIFIED_IN_WORKBOOK,1835
348,34.7029518,32.5674989,2022-05-22T07:29:05.217000,NOT_SPECIFIED_IN_WORKBOOK,1836
348,34.7029518,32.5674989,2022-05-22T07:29:28.363000,NOT_SPECIFIED_IN_WORKBOOK,1837
348,34.7029518,32.5674989,2022-05-22T07:29:38.398000,NOT_SPECIFIED_IN_WORKBOOK,1838
348,34.7029518,32.5674989,2022-05-22T07:29:48.398000,NOT_SPECIFIED_IN_WORKBOOK,1839
348,34.7029518,32.5674989,2022-05-22T07:29:58.400000,NOT_SPECIFIED_IN_WORKBOOK,1840
348,34.7029518,32.5674989,2022-05-22T07:30:08.472000,NOT_SPECIFIED_IN_WORKBOOK,1841
348,34.7263356,32.5254292,2022-05-22T07:30:18.483000,NOT_SPECIFIED_IN_WORKBOOK,1842
348,34.7029518,32.5674989,2022-05-22T07:30:28.498000,NOT_SPECIFIED_IN_WORKBOOK,1843
348,34.7029518,32.5674989,2022-05-22T07:30:38.528000,NOT_SPECIFIED_IN_WORKBOOK,1844
348,34.7123308,32.5102233,2022-05-22T07:30:48.562000,NOT_SPECIFIED_IN_WORKBOOK,1845
348,34.7029518,32.5674989,2022-05-22T07:30:58.800000,NOT_SPECIFIED_IN_WORKBOOK,1846
348,34.6996324,32.535318,2022-05-22T07:31:07.639000,NOT_SPECIFIED_IN_WORKBOOK,1847
348,34.6993562,32.5350981,2022-05-22T07:31:37.274000,NOT_SPECIFIED_IN_WORKBOOK,1848
348,34.6992661,32.5350263,2022-05-22T07:31:47.331000,NOT_SPECIFIED_IN_WORKBOOK,1849
348,34.6991811,32.5349585,2022-05-22T07:31:57.273000,NOT_SPECIFIED_IN_WORKBOOK,1850
348,34.7212627,32.5289651,2022-05-22T07:32:07.307000,NOT_SPECIFIED_IN_WORKBOOK,1851
348,34.7260189,32.52649,2022-05-22T07:32:17.315000,NOT_SPECIFIED_IN_WORKBOOK,1852
348,34.6996324,32.535318,2022-05-22T07:32:27.362000,NOT_SPECIFIED_IN_WORKBOOK,1853
348,34.6996324,32.535318,2022-05-22T07:32:37.394000,NOT_SPECIFIED_IN_WORKBOOK,1854
348,34.6928698,32.5795157,2022-05-22T07:32:47.419000,NOT_SPECIFIED_IN_WORKBOOK,1855
348,34.6928698,32.5795157,2022-05-22T07:32:57.457000,NOT_SPECIFIED_IN_WORKBOOK,1856
348,34.6928698,32.5795157,2022-05-22T07:33:07.462000,NOT_SPECIFIED_IN_WORKBOOK,1857
348,34.6928698,32.5795157,2022-05-22T07:33:19.388000,NOT_SPECIFIED_IN_WORKBOOK,1858
348,34.6928698,32.5795157,2022-05-22T07:33:27.510000,NOT_SPECIFIED_IN_WORKBOOK,1859
348,34.6928698,32.5795157,2022-05-22T07:33:37.521000,NOT_SPECIFIED_IN_WORKBOOK,1860
348,34.6928698,32.5795157,2022-05-22T07:33:47.543000,NOT_SPECIFIED_IN_WORKBOOK,1861
348,34.6928698,32.5795157,2022-05-22T07:33:57.582000,NOT_SPECIFIED_IN_WORKBOOK,1862
348,34.7234025,32.5321473,2022-05-22T07:34:07.610000,NOT_SPECIFIED_IN_WORKBOOK,1863
348,34.7206882,32.5370973,2022-05-22T07:34:17.659000,NOT_SPECIFIED_IN_WORKBOOK,1864
348,34.7234025,32.5321473,2022-05-22T07:34:27.658000,NOT_SPECIFIED_IN_WORKBOOK,1865
348,34.7595924,32.6042517,2022-05-22T07:34:37.675000,NOT_SPECIFIED_IN_WORKBOOK,1866
348,34.7234025,32.5321473,2022-05-22T07:34:47.661000,NOT_SPECIFIED_IN_WORKBOOK,1867
348,34.7234025,32.5321473,2022-05-22T07:34:57.619000,NOT_SPECIFIED_IN_WORKBOOK,1868
348,34.711546,32.5045648,2022-05-22T07:35:07.727000,NOT_SPECIFIED_IN_WORKBOOK,1869
348,34.6928698,32.5795157,2022-05-22T07:35:17.788000,NOT_SPECIFIED_IN_WORKBOOK,1870
348,34.6928698,32.5795157,2022-05-22T07:35:29.699000,NOT_SPECIFIED_IN_WORKBOOK,1871
348,34.6928698,32.5795157,2022-05-22T07:35:37.818000,NOT_SPECIFIED_IN_WORKBOOK,1872
348,34.6928698,32.5795157,2022-05-22T07:35:47.839000,NOT_SPECIFIED_IN_WORKBOOK,1873
348,34.7234025,32.5321473,2022-05-22T07:35:55.986000,NOT_SPECIFIED_IN_WORKBOOK,1874
348,34.6995817,32.5344782,2022-05-22T07:35:59.741000,NOT_SPECIFIED_IN_WORKBOOK,1875
348,34.6995767,32.5344424,2022-05-22T07:36:03.807000,NOT_SPECIFIED_IN_WORKBOOK,1876
348,34.6995668,32.5344087,2022-05-22T07:36:08.421000,NOT_SPECIFIED_IN_WORKBOOK,1877
348,34.6995281,32.5344498,2022-05-22T07:36:12.631000,NOT_SPECIFIED_IN_WORKBOOK,1878
348,34.6995155,32.5344054,2022-05-22T07:36:16.788000,NOT_SPECIFIED_IN_WORKBOOK,1879
348,34.6995084,32.5343827,2022-05-22T07:36:20.834000,NOT_SPECIFIED_IN_WORKBOOK,1880
348,34.6994948,32.5343245,2022-05-22T07:36:25.036000,NOT_SPECIFIED_IN_WORKBOOK,1881
348,34.6994567,32.5342638,2022-05-22T07:36:29.055000,NOT_SPECIFIED_IN_WORKBOOK,1882
348,34.6994177,32.5342123,2022-05-22T07:36:33.338000,NOT_SPECIFIED_IN_WORKBOOK,1883
348,34.6993824,32.5341703,2022-05-22T07:36:37.868000,NOT_SPECIFIED_IN_WORKBOOK,1884
348,34.6993529,32.5341336,2022-05-22T07:36:41.932000,NOT_SPECIFIED_IN_WORKBOOK,1885
348,34.6993156,32.5340952,2022-05-22T07:36:46.027000,NOT_SPECIFIED_IN_WORKBOOK,1886
348,34.6992701,32.5340709,2022-05-22T07:36:50.400000,NOT_SPECIFIED_IN_WORKBOOK,1887
348,34.6992339,32.5340346,2022-05-22T07:36:54.537000,NOT_SPECIFIED_IN_WORKBOOK,1888
348,34.6991893,32.5339994,2022-05-22T07:36:59.054000,NOT_SPECIFIED_IN_WORKBOOK,1889
348,34.6991402,32.5339558,2022-05-22T07:37:04.045000,NOT_SPECIFIED_IN_WORKBOOK,1890
348,34.6990994,32.5339309,2022-05-22T07:37:08.080000,NOT_SPECIFIED_IN_WORKBOOK,1891
348,34.6990516,32.5339081,2022-05-22T07:37:12.879000,NOT_SPECIFIED_IN_WORKBOOK,1892
348,34.6990097,32.5338972,2022-05-22T07:37:17.064000,NOT_SPECIFIED_IN_WORKBOOK,1893
348,34.6989749,32.5338779,2022-05-22T07:37:21.060000,NOT_SPECIFIED_IN_WORKBOOK,1894
348,34.6989523,32.5338472,2022-05-22T07:37:25.273000,NOT_SPECIFIED_IN_WORKBOOK,1895
348,34.6989228,32.5338173,2022-05-22T07:37:29.994000,NOT_SPECIFIED_IN_WORKBOOK,1896
348,34.6989,32.5337831,2022-05-22T07:37:34.046000,NOT_SPECIFIED_IN_WORKBOOK,1897
348,34.6988857,32.5337391,2022-05-22T07:37:38.078000,NOT_SPECIFIED_IN_WORKBOOK,1898
348,34.6988735,32.5336773,2022-05-22T07:37:42.907000,NOT_SPECIFIED_IN_WORKBOOK,1899
348,34.6988594,32.5336356,2022-05-22T07:37:47.065000,NOT_SPECIFIED_IN_WORKBOOK,1900
348,34.6988382,32.5335972,2022-05-22T07:37:51.745000,NOT_SPECIFIED_IN_WORKBOOK,1901
348,34.6988343,32.5335736,2022-05-22T07:37:56.008000,NOT_SPECIFIED_IN_WORKBOOK,1902
348,34.6988333,32.5335918,2022-05-22T07:38:00.076000,NOT_SPECIFIED_IN_WORKBOOK,1903
348,34.6988437,32.5335881,2022-05-22T07:38:05.055000,NOT_SPECIFIED_IN_WORKBOOK,1904
348,34.6988584,32.5335211,2022-05-22T07:38:10.066000,NOT_SPECIFIED_IN_WORKBOOK,1905
348,34.6988512,32.5334329,2022-05-22T07:38:14.160000,NOT_SPECIFIED_IN_WORKBOOK,1906
348,34.6988403,32.533348,2022-05-22T07:38:19.040000,NOT_SPECIFIED_IN_WORKBOOK,1907
348,34.6988335,32.5332902,2022-05-22T07:38:23.047000,NOT_SPECIFIED_IN_WORKBOOK,1908
348,34.6988342,32.5332291,2022-05-22T07:38:27.736000,NOT_SPECIFIED_IN_WORKBOOK,1909
348,34.6988132,32.5331966,2022-05-22T07:38:32.045000,NOT_SPECIFIED_IN_WORKBOOK,1910
348,34.6987968,32.5331661,2022-05-22T07:38:36.617000,NOT_SPECIFIED_IN_WORKBOOK,1911
348,34.6987827,32.5331242,2022-05-22T07:38:41.028000,NOT_SPECIFIED_IN_WORKBOOK,1912
348,34.6987733,32.5330782,2022-05-22T07:38:45.547000,NOT_SPECIFIED_IN_WORKBOOK,1913
348,34.6987572,32.5330305,2022-05-22T07:38:49.721000,NOT_SPECIFIED_IN_WORKBOOK,1914
348,34.6987403,32.5329647,2022-05-22T07:38:53.862000,NOT_SPECIFIED_IN_WORKBOOK,1915
348,34.6987208,32.5329202,2022-05-22T07:38:57.992000,NOT_SPECIFIED_IN_WORKBOOK,1916
348,34.6986954,32.5328899,2022-05-22T07:39:02.040000,NOT_SPECIFIED_IN_WORKBOOK,1917
348,34.6986647,32.5328807,2022-05-22T07:39:06.338000,NOT_SPECIFIED_IN_WORKBOOK,1918
348,34.6986622,32.5328636,2022-05-22T07:39:11.018000,NOT_SPECIFIED_IN_WORKBOOK,1919
348,34.6986737,32.5328626,2022-05-22T07:39:15.044000,NOT_SPECIFIED_IN_WORKBOOK,1920
348,34.6986762,32.5328602,2022-05-22T07:39:19.047000,NOT_SPECIFIED_IN_WORKBOOK,1921
348,34.6986833,32.5328537,2022-05-22T07:39:23.042000,NOT_SPECIFIED_IN_WORKBOOK,1922
348,34.698685,32.5328103,2022-05-22T07:39:27.045000,NOT_SPECIFIED_IN_WORKBOOK,1923
348,34.6986642,32.5327345,2022-05-22T07:39:31.060000,NOT_SPECIFIED_IN_WORKBOOK,1924
348,34.6986199,32.5326607,2022-05-22T07:39:36.014000,NOT_SPECIFIED_IN_WORKBOOK,1925
348,34.69858,32.5325971,2022-05-22T07:39:41.071000,NOT_SPECIFIED_IN_WORKBOOK,1926
348,34.6985545,32.5325391,2022-05-22T07:39:45.504000,NOT_SPECIFIED_IN_WORKBOOK,1927
348,34.6985354,32.5324865,2022-05-22T07:39:50.051000,NOT_SPECIFIED_IN_WORKBOOK,1928
348,34.6985257,32.5324183,2022-05-22T07:39:54.487000,NOT_SPECIFIED_IN_WORKBOOK,1929
348,34.6985177,32.5323614,2022-05-22T07:39:58.791000,NOT_SPECIFIED_IN_WORKBOOK,1930
348,34.6985028,32.532306,2022-05-22T07:40:03.044000,NOT_SPECIFIED_IN_WORKBOOK,1931
348,34.6984667,32.5322748,2022-05-22T07:40:08.041000,NOT_SPECIFIED_IN_WORKBOOK,1932
348,34.6984624,32.5322445,2022-05-22T07:40:12.075000,NOT_SPECIFIED_IN_WORKBOOK,1933
348,34.6984636,32.5322372,2022-05-22T07:40:17.042000,NOT_SPECIFIED_IN_WORKBOOK,1934
348,34.6984611,32.5322376,2022-05-22T07:40:22.036000,NOT_SPECIFIED_IN_WORKBOOK,1935
348,34.6984608,32.5322387,2022-05-22T07:40:27.015000,NOT_SPECIFIED_IN_WORKBOOK,1936
348,34.6984591,32.5322371,2022-05-22T07:40:31.054000,NOT_SPECIFIED_IN_WORKBOOK,1937
348,34.6984568,32.5322358,2022-05-22T07:40:36.043000,NOT_SPECIFIED_IN_WORKBOOK,1938
348,34.698454,32.5322331,2022-05-22T07:40:41.038000,NOT_SPECIFIED_IN_WORKBOOK,1939
348,34.6984519,32.5322316,2022-05-22T07:40:46.017000,NOT_SPECIFIED_IN_WORKBOOK,1940
348,34.6984453,32.5322226,2022-05-22T07:40:51.007000,NOT_SPECIFIED_IN_WORKBOOK,1941
348,34.6984161,32.5321782,2022-05-22T07:40:55.045000,NOT_SPECIFIED_IN_WORKBOOK,1942
348,34.698349,32.532121,2022-05-22T07:40:59.634000,NOT_SPECIFIED_IN_WORKBOOK,1943
348,34.6982994,32.5320457,2022-05-22T07:41:04.049000,NOT_SPECIFIED_IN_WORKBOOK,1944
348,34.6982525,32.5319831,2022-05-22T07:41:08.796000,NOT_SPECIFIED_IN_WORKBOOK,1945
348,34.6982163,32.531931,2022-05-22T07:41:13.042000,NOT_SPECIFIED_IN_WORKBOOK,1946
348,34.6981849,32.531904,2022-05-22T07:41:17.050000,NOT_SPECIFIED_IN_WORKBOOK,1947
348,34.6981404,32.5318868,2022-05-22T07:41:21.067000,NOT_SPECIFIED_IN_WORKBOOK,1948
348,34.6981069,32.5318701,2022-05-22T07:41:26.067000,NOT_SPECIFIED_IN_WORKBOOK,1949
348,34.6981021,32.5318641,2022-05-22T07:41:30.076000,NOT_SPECIFIED_IN_WORKBOOK,1950
348,34.6981319,32.5318701,2022-05-22T07:41:35.033000,NOT_SPECIFIED_IN_WORKBOOK,1951
348,34.6981373,32.5318655,2022-05-22T07:41:39.177000,NOT_SPECIFIED_IN_WORKBOOK,1952
348,34.6981351,32.5318641,2022-05-22T07:41:43.451000,NOT_SPECIFIED_IN_WORKBOOK,1953
348,34.698134,32.5318502,2022-05-22T07:41:47.881000,NOT_SPECIFIED_IN_WORKBOOK,1954
348,34.6981299,32.5318286,2022-05-22T07:41:52.040000,NOT_SPECIFIED_IN_WORKBOOK,1955
348,34.6981365,32.5318471,2022-05-22T07:42:01.194000,NOT_SPECIFIED_IN_WORKBOOK,1956
348,34.6981385,32.5318535,2022-05-22T07:42:11.204000,NOT_SPECIFIED_IN_WORKBOOK,1957
348,34.6981393,32.531856,2022-05-22T07:42:21.574000,NOT_SPECIFIED_IN_WORKBOOK,1958
348,34.6981398,32.5318572,2022-05-22T07:42:32.244000,NOT_SPECIFIED_IN_WORKBOOK,1959
348,34.6981402,32.5318583,2022-05-22T07:42:41.609000,NOT_SPECIFIED_IN_WORKBOOK,1960
348,34.6981405,32.5318591,2022-05-22T07:42:51.643000,NOT_SPECIFIED_IN_WORKBOOK,1961
348,34.6981408,32.5318599,2022-05-22T07:43:01.684000,NOT_SPECIFIED_IN_WORKBOOK,1962
348,34.698141,32.5318604,2022-05-22T07:43:11.678000,NOT_SPECIFIED_IN_WORKBOOK,1963
348,34.6981411,32.5318607,2022-05-22T07:43:21.951000,NOT_SPECIFIED_IN_WORKBOOK,1964
348,34.6981412,32.5318609,2022-05-22T07:43:31.870000,NOT_SPECIFIED_IN_WORKBOOK,1965
348,34.6981412,32.531861,2022-05-22T07:43:41.787000,NOT_SPECIFIED_IN_WORKBOOK,1966
348,34.6981412,32.531861,2022-05-22T07:43:51.847000,NOT_SPECIFIED_IN_WORKBOOK,1967
348,34.6981393,32.5318565,2022-05-22T07:44:20.296000,NOT_SPECIFIED_IN_WORKBOOK,1968
348,34.6981393,32.5318565,2022-05-22T07:44:30.352000,NOT_SPECIFIED_IN_WORKBOOK,1969
348,34.6981393,32.5318565,2022-05-22T07:44:40.567000,NOT_SPECIFIED_IN_WORKBOOK,1970
348,34.6981393,32.5318565,2022-05-22T07:44:50.630000,NOT_SPECIFIED_IN_WORKBOOK,1971
348,34.6981393,32.5318565,2022-05-22T07:45:00.720000,NOT_SPECIFIED_IN_WORKBOOK,1972
348,34.6981393,32.5318565,2022-05-22T07:45:10.662000,NOT_SPECIFIED_IN_WORKBOOK,1973
348,34.6981393,32.5318565,2022-05-22T07:45:20.683000,NOT_SPECIFIED_IN_WORKBOOK,1974
348,34.7278651,32.5275507,2022-05-22T07:45:30.659000,NOT_SPECIFIED_IN_WORKBOOK,1975
348,34.711546,32.5045648,2022-05-22T07:45:40.714000,NOT_SPECIFIED_IN_WORKBOOK,1976
348,34.711546,32.5045648,2022-05-22T07:45:50.745000,NOT_SPECIFIED_IN_WORKBOOK,1977
348,34.711546,32.5045648,2022-05-22T07:46:01.439000,NOT_SPECIFIED_IN_WORKBOOK,1978
348,34.711546,32.5045648,2022-05-22T07:46:11.543000,NOT_SPECIFIED_IN_WORKBOOK,1979
348,34.711546,32.5045648,2022-05-22T07:46:21.566000,NOT_SPECIFIED_IN_WORKBOOK,1980
348,34.711546,32.5045648,2022-05-22T07:46:31.592000,NOT_SPECIFIED_IN_WORKBOOK,1981
348,34.7234025,32.5321473,2022-05-22T07:46:41.625000,NOT_SPECIFIED_IN_WORKBOOK,1982
348,34.7595924,32.6042517,2022-05-22T07:46:51.626000,NOT_SPECIFIED_IN_WORKBOOK,1983
348,34.7234025,32.5321473,2022-05-22T07:47:01.677000,NOT_SPECIFIED_IN_WORKBOOK,1984
348,34.711546,32.5045648,2022-05-22T07:47:11.698000,NOT_SPECIFIED_IN_WORKBOOK,1985
348,34.711546,32.5045648,2022-05-22T07:47:21.731000,NOT_SPECIFIED_IN_WORKBOOK,1986
348,34.711546,32.5045648,2022-05-22T07:47:31.791000,NOT_SPECIFIED_IN_WORKBOOK,1987
348,34.7091952,32.5165888,2022-05-22T07:47:41.747000,NOT_SPECIFIED_IN_WORKBOOK,1988
348,34.711546,32.5045648,2022-05-22T07:47:51.815000,NOT_SPECIFIED_IN_WORKBOOK,1989
348,34.711546,32.5045648,2022-05-22T07:48:01.817000,NOT_SPECIFIED_IN_WORKBOOK,1990
348,34.7639148,32.4844036,2022-05-22T07:48:13.409000,NOT_SPECIFIED_IN_WORKBOOK,1991
348,34.711546,32.5045648,2022-05-22T07:48:21.919000,NOT_SPECIFIED_IN_WORKBOOK,1992
348,34.711546,32.5045648,2022-05-22T07:48:31.955000,NOT_SPECIFIED_IN_WORKBOOK,1993
348,34.711546,32.5045648,2022-05-22T07:48:43.567000,NOT_SPECIFIED_IN_WORKBOOK,1994
348,34.6988596,32.5296293,2022-05-22T07:48:45.174000,NOT_SPECIFIED_IN_WORKBOOK,1995
348,34.6988935,32.5296512,2022-05-22T07:48:50.218000,NOT_SPECIFIED_IN_WORKBOOK,1996
348,34.6989101,32.529653,2022-05-22T07:48:55.014000,NOT_SPECIFIED_IN_WORKBOOK,1997
348,34.6989057,32.5296667,2022-05-22T07:48:59.028000,NOT_SPECIFIED_IN_WORKBOOK,1998
348,34.6989093,32.5296541,2022-05-22T07:49:03.051000,NOT_SPECIFIED_IN_WORKBOOK,1999
348,34.6989146,32.5296126,2022-05-22T07:49:08.026000,NOT_SPECIFIED_IN_WORKBOOK,2000
348,34.6989071,32.5295915,2022-05-22T07:49:12.014000,NOT_SPECIFIED_IN_WORKBOOK,2001
348,34.6989077,32.5295922,2022-05-22T07:49:16.087000,NOT_SPECIFIED_IN_WORKBOOK,2002
348,34.6989077,32.5295922,2022-05-22T07:49:20.076000,NOT_SPECIFIED_IN_WORKBOOK,2003
348,34.6989077,32.5295922,2022-05-22T07:49:24.085000,NOT_SPECIFIED_IN_WORKBOOK,2004
348,34.6989117,32.5296198,2022-05-22T07:49:28.988000,NOT_SPECIFIED_IN_WORKBOOK,2005
348,34.6989115,32.5296206,2022-05-22T07:49:33.064000,NOT_SPECIFIED_IN_WORKBOOK,2006
348,34.6989107,32.5296211,2022-05-22T07:49:38.034000,NOT_SPECIFIED_IN_WORKBOOK,2007
348,34.6989094,32.5296234,2022-05-22T07:49:42.000000,NOT_SPECIFIED_IN_WORKBOOK,2008
348,34.6989062,32.5296227,2022-05-22T07:49:46.054000,NOT_SPECIFIED_IN_WORKBOOK,2009
348,34.6989042,32.5296234,2022-05-22T07:49:51.010000,NOT_SPECIFIED_IN_WORKBOOK,2010
348,34.6989024,32.5296285,2022-05-22T07:49:55.025000,NOT_SPECIFIED_IN_WORKBOOK,2011
348,34.6989022,32.5296362,2022-05-22T07:50:00.024000,NOT_SPECIFIED_IN_WORKBOOK,2012
349,34.7114405,32.5049184,2022-05-22T06:32:13.000000,NOT_SPECIFIED_IN_WORKBOOK,2013
349,34.6988965,32.5294744,2022-05-22T06:32:14.961000,NOT_SPECIFIED_IN_WORKBOOK,2014
349,34.698845,32.5295013,2022-05-22T06:32:20.031000,NOT_SPECIFIED_IN_WORKBOOK,2015
349,34.6988122,32.5295207,2022-05-22T06:32:24.135000,NOT_SPECIFIED_IN_WORKBOOK,2016
349,34.6988122,32.5295202,2022-05-22T06:32:25.567000,NOT_SPECIFIED_IN_WORKBOOK,2017
349,34.6988122,32.5295202,2022-05-22T06:32:31.235000,NOT_SPECIFIED_IN_WORKBOOK,2018
349,34.698835,32.5295282,2022-05-22T06:32:32.178000,NOT_SPECIFIED_IN_WORKBOOK,2019
349,34.6988352,32.5295333,2022-05-22T06:32:37.166000,NOT_SPECIFIED_IN_WORKBOOK,2020
349,34.6988321,32.5295304,2022-05-22T06:32:41.117000,NOT_SPECIFIED_IN_WORKBOOK,2021
349,34.6988322,32.5295311,2022-05-22T06:32:46.142000,NOT_SPECIFIED_IN_WORKBOOK,2022
349,34.6988295,32.5295336,2022-05-22T06:32:51.109000,NOT_SPECIFIED_IN_WORKBOOK,2023
349,34.6988263,32.5295357,2022-05-22T06:32:56.091000,NOT_SPECIFIED_IN_WORKBOOK,2024
349,34.6988272,32.5295394,2022-05-22T06:33:00.526000,NOT_SPECIFIED_IN_WORKBOOK,2025
349,34.69883,32.5295444,2022-05-22T06:33:05.111000,NOT_SPECIFIED_IN_WORKBOOK,2026
349,34.6988315,32.5295472,2022-05-22T06:33:10.114000,NOT_SPECIFIED_IN_WORKBOOK,2027
349,34.6988311,32.5295497,2022-05-22T06:33:15.106000,NOT_SPECIFIED_IN_WORKBOOK,2028
349,34.6988309,32.52955,2022-05-22T06:33:17.098000,NOT_SPECIFIED_IN_WORKBOOK,2029
349,34.6988305,32.52955,2022-05-22T06:33:27.633000,NOT_SPECIFIED_IN_WORKBOOK,2030
349,34.6988266,32.5294828,2022-05-22T06:33:30.450000,NOT_SPECIFIED_IN_WORKBOOK,2031
349,34.6988403,32.5294928,2022-05-22T06:33:35.102000,NOT_SPECIFIED_IN_WORKBOOK,2032
349,34.6988433,32.5294935,2022-05-22T06:33:39.254000,NOT_SPECIFIED_IN_WORKBOOK,2033
349,34.698842,32.5294913,2022-05-22T06:33:43.578000,NOT_SPECIFIED_IN_WORKBOOK,2034
349,34.6988388,32.5294951,2022-05-22T06:33:48.167000,NOT_SPECIFIED_IN_WORKBOOK,2035
349,34.6988356,32.5295023,2022-05-22T06:33:53.160000,NOT_SPECIFIED_IN_WORKBOOK,2036
349,34.6988348,32.5295048,2022-05-22T06:33:58.364000,NOT_SPECIFIED_IN_WORKBOOK,2037
349,34.6988344,32.5295065,2022-05-22T06:34:03.164000,NOT_SPECIFIED_IN_WORKBOOK,2038
349,34.6988345,32.5295088,2022-05-22T06:34:07.283000,NOT_SPECIFIED_IN_WORKBOOK,2039
349,34.6988343,32.5295115,2022-05-22T06:34:12.082000,NOT_SPECIFIED_IN_WORKBOOK,2040
349,34.6988364,32.5295131,2022-05-22T06:34:16.107000,NOT_SPECIFIED_IN_WORKBOOK,2041
349,34.6988378,32.5295114,2022-05-22T06:34:21.108000,NOT_SPECIFIED_IN_WORKBOOK,2042
349,34.6988378,32.5295129,2022-05-22T06:34:26.084000,NOT_SPECIFIED_IN_WORKBOOK,2043
349,34.6988377,32.5295118,2022-05-22T06:34:31.103000,NOT_SPECIFIED_IN_WORKBOOK,2044
349,34.6988364,32.5295112,2022-05-22T06:34:36.112000,NOT_SPECIFIED_IN_WORKBOOK,2045
349,34.6988368,32.5295131,2022-05-22T06:34:41.093000,NOT_SPECIFIED_IN_WORKBOOK,2046
349,34.6988357,32.5295143,2022-05-22T06:34:45.101000,NOT_SPECIFIED_IN_WORKBOOK,2047
349,34.6988361,32.5295155,2022-05-22T06:34:49.103000,NOT_SPECIFIED_IN_WORKBOOK,2048
349,34.6988367,32.5295179,2022-05-22T06:34:53.109000,NOT_SPECIFIED_IN_WORKBOOK,2049
349,34.6988362,32.5295225,2022-05-22T06:34:58.115000,NOT_SPECIFIED_IN_WORKBOOK,2050
349,34.6988344,32.5295223,2022-05-22T06:35:03.101000,NOT_SPECIFIED_IN_WORKBOOK,2051
349,34.6988336,32.529521,2022-05-22T06:35:07.091000,NOT_SPECIFIED_IN_WORKBOOK,2052
349,34.6988378,32.5295254,2022-05-22T06:35:11.381000,NOT_SPECIFIED_IN_WORKBOOK,2053
349,34.6988408,32.529528,2022-05-22T06:35:16.099000,NOT_SPECIFIED_IN_WORKBOOK,2054
349,34.6988415,32.5295287,2022-05-22T06:35:20.087000,NOT_SPECIFIED_IN_WORKBOOK,2055
349,34.6988414,32.5295268,2022-05-22T06:35:24.105000,NOT_SPECIFIED_IN_WORKBOOK,2056
349,34.7114405,32.5049184,2022-05-22T06:43:06.505000,NOT_SPECIFIED_IN_WORKBOOK,2057
349,34.6980233,32.5300166,2022-05-22T06:43:10.293000,NOT_SPECIFIED_IN_WORKBOOK,2058
349,34.6980099,32.5300745,2022-05-22T06:43:15.253000,NOT_SPECIFIED_IN_WORKBOOK,2059
349,34.6980243,32.5301196,2022-05-22T06:43:19.248000,NOT_SPECIFIED_IN_WORKBOOK,2060
349,34.6979833,32.5302,2022-05-22T06:43:23.607000,NOT_SPECIFIED_IN_WORKBOOK,2061
349,34.6979732,32.5302654,2022-05-22T06:43:28.563000,NOT_SPECIFIED_IN_WORKBOOK,2062
349,34.6979547,32.5303003,2022-05-22T06:43:32.681000,NOT_SPECIFIED_IN_WORKBOOK,2063
349,34.6979518,32.5303796,2022-05-22T06:43:36.714000,NOT_SPECIFIED_IN_WORKBOOK,2064
349,34.6979413,32.5304566,2022-05-22T06:43:41.195000,NOT_SPECIFIED_IN_WORKBOOK,2065
349,34.697929,32.5305143,2022-05-22T06:43:45.494000,NOT_SPECIFIED_IN_WORKBOOK,2066
349,34.6978999,32.5305624,2022-05-22T06:43:49.895000,NOT_SPECIFIED_IN_WORKBOOK,2067
349,34.6978703,32.5305986,2022-05-22T06:43:54.000000,NOT_SPECIFIED_IN_WORKBOOK,2068
353,34.6989083,32.5297883,2022-05-22T06:25:28.000000,NOT_SPECIFIED_IN_WORKBOOK,2069
353,34.6989076,32.5298344,2022-05-22T06:25:32.055000,NOT_SPECIFIED_IN_WORKBOOK,2070
353,34.6988859,32.529836,2022-05-22T06:25:36.535000,NOT_SPECIFIED_IN_WORKBOOK,2071
353,34.6988718,32.5298303,2022-05-22T06:25:41.545000,NOT_SPECIFIED_IN_WORKBOOK,2072
353,34.6988685,32.5298214,2022-05-22T06:25:45.540000,NOT_SPECIFIED_IN_WORKBOOK,2073
353,34.6988682,32.5298083,2022-05-22T06:25:50.550000,NOT_SPECIFIED_IN_WORKBOOK,2074
353,34.6988672,32.5298077,2022-05-22T06:25:54.965000,NOT_SPECIFIED_IN_WORKBOOK,2075
353,34.6988642,32.5298088,2022-05-22T06:25:59.528000,NOT_SPECIFIED_IN_WORKBOOK,2076
353,34.6988627,32.5298079,2022-05-22T06:26:03.570000,NOT_SPECIFIED_IN_WORKBOOK,2077
353,34.6988612,32.5298076,2022-05-22T06:26:08.566000,NOT_SPECIFIED_IN_WORKBOOK,2078
353,34.6988617,32.5298056,2022-05-22T06:26:13.525000,NOT_SPECIFIED_IN_WORKBOOK,2079
353,34.698862,32.5298033,2022-05-22T06:26:17.576000,NOT_SPECIFIED_IN_WORKBOOK,2080
353,34.6988618,32.5298063,2022-05-22T06:26:22.547000,NOT_SPECIFIED_IN_WORKBOOK,2081
353,34.6988617,32.5298067,2022-05-22T06:26:26.551000,NOT_SPECIFIED_IN_WORKBOOK,2082
353,34.6988619,32.529805,2022-05-22T06:26:31.212000,NOT_SPECIFIED_IN_WORKBOOK,2083
353,34.6988609,32.5298048,2022-05-22T06:26:35.535000,NOT_SPECIFIED_IN_WORKBOOK,2084
353,34.6988605,32.5298021,2022-05-22T06:26:39.612000,NOT_SPECIFIED_IN_WORKBOOK,2085
353,34.6988559,32.5297973,2022-05-22T06:26:44.548000,NOT_SPECIFIED_IN_WORKBOOK,2086
353,34.6988552,32.5297954,2022-05-22T06:26:48.597000,NOT_SPECIFIED_IN_WORKBOOK,2087
353,34.698855,32.5297947,2022-05-22T06:26:52.555000,NOT_SPECIFIED_IN_WORKBOOK,2088
353,34.698854,32.5297948,2022-05-22T06:26:56.570000,NOT_SPECIFIED_IN_WORKBOOK,2089
353,34.6988549,32.5297964,2022-05-22T06:27:01.555000,NOT_SPECIFIED_IN_WORKBOOK,2090
353,34.6988361,32.5297704,2022-05-22T06:27:05.578000,NOT_SPECIFIED_IN_WORKBOOK,2091
353,34.6988352,32.5297716,2022-05-22T06:27:09.590000,NOT_SPECIFIED_IN_WORKBOOK,2092
353,34.6988367,32.5297733,2022-05-22T06:27:14.578000,NOT_SPECIFIED_IN_WORKBOOK,2093
353,34.6988367,32.5297733,2022-05-22T06:27:19.577000,NOT_SPECIFIED_IN_WORKBOOK,2094
353,34.6988367,32.5297733,2022-05-22T06:27:23.584000,NOT_SPECIFIED_IN_WORKBOOK,2095
353,34.6988367,32.5297733,2022-05-22T06:27:27.565000,NOT_SPECIFIED_IN_WORKBOOK,2096
353,34.6988367,32.5297733,2022-05-22T06:27:32.568000,NOT_SPECIFIED_IN_WORKBOOK,2097
353,34.6988367,32.5297733,2022-05-22T06:27:36.573000,NOT_SPECIFIED_IN_WORKBOOK,2098
353,34.6988367,32.5297733,2022-05-22T06:27:41.578000,NOT_SPECIFIED_IN_WORKBOOK,2099
353,34.6988372,32.5297748,2022-05-22T06:27:46.555000,NOT_SPECIFIED_IN_WORKBOOK,2100
353,34.699205,32.529795,2022-05-22T07:03:57.709000,NOT_SPECIFIED_IN_WORKBOOK,2101
353,34.6990106,32.5297659,2022-05-22T07:04:02.010000,NOT_SPECIFIED_IN_WORKBOOK,2102
353,34.6990021,32.5297267,2022-05-22T07:04:06.542000,NOT_SPECIFIED_IN_WORKBOOK,2103
353,34.699004,32.5297095,2022-05-22T07:04:11.528000,NOT_SPECIFIED_IN_WORKBOOK,2104
353,34.6990047,32.5297078,2022-05-22T07:04:16.491000,NOT_SPECIFIED_IN_WORKBOOK,2105
353,34.6990114,32.5296957,2022-05-22T07:04:20.545000,NOT_SPECIFIED_IN_WORKBOOK,2106
353,34.6990234,32.5296896,2022-05-22T07:04:25.511000,NOT_SPECIFIED_IN_WORKBOOK,2107
353,34.6990227,32.5296863,2022-05-22T07:04:29.539000,NOT_SPECIFIED_IN_WORKBOOK,2108
353,34.69902,32.5296751,2022-05-22T07:04:34.529000,NOT_SPECIFIED_IN_WORKBOOK,2109
353,34.69902,32.529675,2022-05-22T07:04:38.537000,NOT_SPECIFIED_IN_WORKBOOK,2110
353,34.69902,32.529675,2022-05-22T07:04:42.546000,NOT_SPECIFIED_IN_WORKBOOK,2111
353,34.6990192,32.5296732,2022-05-22T07:04:46.565000,NOT_SPECIFIED_IN_WORKBOOK,2112
353,34.6990157,32.5296851,2022-05-22T07:04:51.531000,NOT_SPECIFIED_IN_WORKBOOK,2113
353,34.6990182,32.529685,2022-05-22T07:04:56.533000,NOT_SPECIFIED_IN_WORKBOOK,2114
353,34.6990183,32.529685,2022-05-22T07:05:00.536000,NOT_SPECIFIED_IN_WORKBOOK,2115
353,34.6990183,32.529685,2022-05-22T07:05:04.558000,NOT_SPECIFIED_IN_WORKBOOK,2116
353,34.6990183,32.529685,2022-05-22T07:05:09.560000,NOT_SPECIFIED_IN_WORKBOOK,2117
353,34.6990183,32.529685,2022-05-22T07:05:13.579000,NOT_SPECIFIED_IN_WORKBOOK,2118
353,34.6990183,32.529685,2022-05-22T07:05:18.518000,NOT_SPECIFIED_IN_WORKBOOK,2119
353,34.6990023,32.5296447,2022-05-22T07:05:22.567000,NOT_SPECIFIED_IN_WORKBOOK,2120
353,34.6989817,32.5296489,2022-05-22T07:05:26.554000,NOT_SPECIFIED_IN_WORKBOOK,2121
353,34.6989617,32.5296672,2022-05-22T07:05:31.579000,NOT_SPECIFIED_IN_WORKBOOK,2122
353,34.6989617,32.5296683,2022-05-22T07:05:36.537000,NOT_SPECIFIED_IN_WORKBOOK,2123
353,34.6989617,32.5296683,2022-05-22T07:05:41.568000,NOT_SPECIFIED_IN_WORKBOOK,2124
353,34.6989789,32.5296501,2022-05-22T07:05:46.503000,NOT_SPECIFIED_IN_WORKBOOK,2125
353,34.6989793,32.5296392,2022-05-22T07:05:50.541000,NOT_SPECIFIED_IN_WORKBOOK,2126
353,34.6989736,32.5296432,2022-05-22T07:05:55.542000,NOT_SPECIFIED_IN_WORKBOOK,2127
353,34.6989733,32.5296433,2022-05-22T07:05:59.550000,NOT_SPECIFIED_IN_WORKBOOK,2128
353,34.6989733,32.5296433,2022-05-22T07:06:03.559000,NOT_SPECIFIED_IN_WORKBOOK,2129
353,34.6989733,32.5296433,2022-05-22T07:06:07.564000,NOT_SPECIFIED_IN_WORKBOOK,2130
353,34.6989733,32.5296433,2022-05-22T07:06:12.559000,NOT_SPECIFIED_IN_WORKBOOK,2131
353,34.6989733,32.5296433,2022-05-22T07:06:17.507000,NOT_SPECIFIED_IN_WORKBOOK,2132
353,34.6989368,32.5296793,2022-05-22T07:06:21.520000,NOT_SPECIFIED_IN_WORKBOOK,2133
353,34.6989472,32.5297243,2022-05-22T07:06:26.505000,NOT_SPECIFIED_IN_WORKBOOK,2134
353,34.6989124,32.5297183,2022-05-22T07:06:31.492000,NOT_SPECIFIED_IN_WORKBOOK,2135
353,34.6989103,32.5296965,2022-05-22T07:06:35.771000,NOT_SPECIFIED_IN_WORKBOOK,2136
353,34.6989105,32.5297027,2022-05-22T07:06:40.504000,NOT_SPECIFIED_IN_WORKBOOK,2137
353,34.6989139,32.5297095,2022-05-22T07:06:45.299000,NOT_SPECIFIED_IN_WORKBOOK,2138
353,34.6989132,32.5297101,2022-05-22T07:06:49.509000,NOT_SPECIFIED_IN_WORKBOOK,2139
353,34.6989143,32.529711,2022-05-22T07:06:53.548000,NOT_SPECIFIED_IN_WORKBOOK,2140
353,34.6989151,32.5297113,2022-05-22T07:06:58.548000,NOT_SPECIFIED_IN_WORKBOOK,2141
353,34.6989161,32.5297119,2022-05-22T07:07:02.555000,NOT_SPECIFIED_IN_WORKBOOK,2142
353,34.6989167,32.5297149,2022-05-22T07:07:07.556000,NOT_SPECIFIED_IN_WORKBOOK,2143
353,34.6989167,32.529715,2022-05-22T07:07:11.556000,NOT_SPECIFIED_IN_WORKBOOK,2144
353,34.6989167,32.529715,2022-05-22T07:07:15.547000,NOT_SPECIFIED_IN_WORKBOOK,2145
353,34.6989167,32.529715,2022-05-22T07:07:19.557000,NOT_SPECIFIED_IN_WORKBOOK,2146
353,34.6989167,32.529715,2022-05-22T07:07:24.558000,NOT_SPECIFIED_IN_WORKBOOK,2147
353,34.6989167,32.529715,2022-05-22T07:07:29.551000,NOT_SPECIFIED_IN_WORKBOOK,2148
353,34.6989167,32.529715,2022-05-22T07:07:34.543000,NOT_SPECIFIED_IN_WORKBOOK,2149
353,34.6989167,32.529715,2022-05-22T07:07:39.560000,NOT_SPECIFIED_IN_WORKBOOK,2150
353,34.6989167,32.529715,2022-05-22T07:07:43.565000,NOT_SPECIFIED_IN_WORKBOOK,2151
353,34.6989319,32.5297039,2022-05-22T07:07:48.548000,NOT_SPECIFIED_IN_WORKBOOK,2152
353,34.6989284,32.5297033,2022-05-22T07:07:53.548000,NOT_SPECIFIED_IN_WORKBOOK,2153
353,34.6989283,32.5297033,2022-05-22T07:07:57.551000,NOT_SPECIFIED_IN_WORKBOOK,2154
353,34.6989283,32.5297033,2022-05-22T07:08:02.559000,NOT_SPECIFIED_IN_WORKBOOK,2155
353,34.6989283,32.5297033,2022-05-22T07:08:07.543000,NOT_SPECIFIED_IN_WORKBOOK,2156
353,34.6989388,32.5296898,2022-05-22T07:08:12.546000,NOT_SPECIFIED_IN_WORKBOOK,2157
353,34.6989446,32.5296849,2022-05-22T07:08:16.566000,NOT_SPECIFIED_IN_WORKBOOK,2158
353,34.6989483,32.5296817,2022-05-22T07:08:21.562000,NOT_SPECIFIED_IN_WORKBOOK,2159
353,34.6989483,32.5296817,2022-05-22T07:08:25.554000,NOT_SPECIFIED_IN_WORKBOOK,2160
353,34.6989483,32.5296817,2022-05-22T07:08:30.571000,NOT_SPECIFIED_IN_WORKBOOK,2161
353,34.6989483,32.5296817,2022-05-22T07:08:35.554000,NOT_SPECIFIED_IN_WORKBOOK,2162
353,34.6989483,32.5296817,2022-05-22T07:08:40.566000,NOT_SPECIFIED_IN_WORKBOOK,2163
353,34.6989483,32.5296817,2022-05-22T07:08:44.559000,NOT_SPECIFIED_IN_WORKBOOK,2164
353,34.6989483,32.5296817,2022-05-22T07:08:49.591000,NOT_SPECIFIED_IN_WORKBOOK,2165
353,34.6989483,32.5296817,2022-05-22T07:08:54.572000,NOT_SPECIFIED_IN_WORKBOOK,2166
353,34.6989483,32.5296817,2022-05-22T07:08:58.587000,NOT_SPECIFIED_IN_WORKBOOK,2167
353,34.6989164,32.5296848,2022-05-22T07:09:03.530000,NOT_SPECIFIED_IN_WORKBOOK,2168
353,34.6989087,32.529692,2022-05-22T07:09:08.553000,NOT_SPECIFIED_IN_WORKBOOK,2169
353,34.6989087,32.5296925,2022-05-22T07:09:13.548000,NOT_SPECIFIED_IN_WORKBOOK,2170
353,34.6989091,32.5296913,2022-05-22T07:09:17.553000,NOT_SPECIFIED_IN_WORKBOOK,2171
353,34.6989086,32.5296908,2022-05-22T07:09:22.569000,NOT_SPECIFIED_IN_WORKBOOK,2172
353,34.6989093,32.5296921,2022-05-22T07:09:26.907000,NOT_SPECIFIED_IN_WORKBOOK,2173
353,34.69891,32.5296917,2022-05-22T07:09:31.505000,NOT_SPECIFIED_IN_WORKBOOK,2174
353,34.69891,32.5296917,2022-05-22T07:09:35.547000,NOT_SPECIFIED_IN_WORKBOOK,2175
353,34.69891,32.5296917,2022-05-22T07:09:39.554000,NOT_SPECIFIED_IN_WORKBOOK,2176
353,34.6989098,32.529692,2022-05-22T07:09:43.890000,NOT_SPECIFIED_IN_WORKBOOK,2177
353,34.6989108,32.5296908,2022-05-22T07:09:47.889000,NOT_SPECIFIED_IN_WORKBOOK,2178
353,34.6988998,32.5295959,2022-05-22T07:09:52.509000,NOT_SPECIFIED_IN_WORKBOOK,2179
353,34.6989041,32.5295226,2022-05-22T07:09:56.529000,NOT_SPECIFIED_IN_WORKBOOK,2180
353,34.6988955,32.5294133,2022-05-22T07:10:01.529000,NOT_SPECIFIED_IN_WORKBOOK,2181
353,34.6988586,32.5293322,2022-05-22T07:10:06.296000,NOT_SPECIFIED_IN_WORKBOOK,2182
353,34.6987949,32.5292678,2022-05-22T07:10:10.544000,NOT_SPECIFIED_IN_WORKBOOK,2183
353,34.6986894,32.5292491,2022-05-22T07:10:14.540000,NOT_SPECIFIED_IN_WORKBOOK,2184
353,34.6985595,32.5293542,2022-05-22T07:10:19.517000,NOT_SPECIFIED_IN_WORKBOOK,2185
353,34.6984695,32.5295189,2022-05-22T07:10:23.582000,NOT_SPECIFIED_IN_WORKBOOK,2186
353,34.6983412,32.5297388,2022-05-22T07:10:28.557000,NOT_SPECIFIED_IN_WORKBOOK,2187
353,34.6982048,32.5299288,2022-05-22T07:10:33.550000,NOT_SPECIFIED_IN_WORKBOOK,2188
353,34.6981119,32.5301133,2022-05-22T07:10:37.563000,NOT_SPECIFIED_IN_WORKBOOK,2189
353,34.6980568,32.5303023,2022-05-22T07:10:41.559000,NOT_SPECIFIED_IN_WORKBOOK,2190
353,34.6980432,32.5304856,2022-05-22T07:10:45.569000,NOT_SPECIFIED_IN_WORKBOOK,2191
353,34.6980239,32.5307233,2022-05-22T07:10:50.560000,NOT_SPECIFIED_IN_WORKBOOK,2192
353,34.698011,32.5309509,2022-05-22T07:10:54.575000,NOT_SPECIFIED_IN_WORKBOOK,2193
353,34.6980002,32.5312604,2022-05-22T07:10:59.564000,NOT_SPECIFIED_IN_WORKBOOK,2194
353,34.6979891,32.531503,2022-05-22T07:11:03.555000,NOT_SPECIFIED_IN_WORKBOOK,2195
353,34.6980144,32.5317286,2022-05-22T07:11:07.572000,NOT_SPECIFIED_IN_WORKBOOK,2196
353,34.6981452,32.5319187,2022-05-22T07:11:11.574000,NOT_SPECIFIED_IN_WORKBOOK,2197
353,34.6983431,32.5320843,2022-05-22T07:11:16.565000,NOT_SPECIFIED_IN_WORKBOOK,2198
353,34.6984576,32.5322698,2022-05-22T07:11:20.578000,NOT_SPECIFIED_IN_WORKBOOK,2199
353,34.6985413,32.5325361,2022-05-22T07:11:25.546000,NOT_SPECIFIED_IN_WORKBOOK,2200
353,34.6986517,32.5327687,2022-05-22T07:11:29.577000,NOT_SPECIFIED_IN_WORKBOOK,2201
353,34.6987956,32.533139,2022-05-22T07:11:34.556000,NOT_SPECIFIED_IN_WORKBOOK,2202
353,34.6988129,32.5335047,2022-05-22T07:11:39.505000,NOT_SPECIFIED_IN_WORKBOOK,2203
353,34.6988732,32.5337942,2022-05-22T07:11:43.557000,NOT_SPECIFIED_IN_WORKBOOK,2204
353,34.6990119,32.5339854,2022-05-22T07:11:47.590000,NOT_SPECIFIED_IN_WORKBOOK,2205
353,34.6992317,32.5340662,2022-05-22T07:11:52.572000,NOT_SPECIFIED_IN_WORKBOOK,2206
353,34.6993929,32.5342553,2022-05-22T07:11:56.570000,NOT_SPECIFIED_IN_WORKBOOK,2207
353,34.6995495,32.5344823,2022-05-22T07:12:00.570000,NOT_SPECIFIED_IN_WORKBOOK,2208
353,34.6996395,32.5348188,2022-05-22T07:12:05.510000,NOT_SPECIFIED_IN_WORKBOOK,2209
353,34.6996672,32.5350362,2022-05-22T07:12:09.582000,NOT_SPECIFIED_IN_WORKBOOK,2210
353,34.6996692,32.5351568,2022-05-22T07:12:14.580000,NOT_SPECIFIED_IN_WORKBOOK,2211
353,34.6996549,32.5351642,2022-05-22T07:12:19.590000,NOT_SPECIFIED_IN_WORKBOOK,2212
353,34.6996535,32.535296,2022-05-22T07:12:24.570000,NOT_SPECIFIED_IN_WORKBOOK,2213
353,34.6996599,32.5353192,2022-05-22T07:12:28.579000,NOT_SPECIFIED_IN_WORKBOOK,2214
353,34.6996617,32.5353183,2022-05-22T07:12:32.581000,NOT_SPECIFIED_IN_WORKBOOK,2215
353,34.6996617,32.5353183,2022-05-22T07:12:36.595000,NOT_SPECIFIED_IN_WORKBOOK,2216
353,34.6996617,32.5353183,2022-05-22T07:12:41.564000,NOT_SPECIFIED_IN_WORKBOOK,2217
353,34.6996617,32.5353183,2022-05-22T07:12:45.597000,NOT_SPECIFIED_IN_WORKBOOK,2218
353,34.6996617,32.5353183,2022-05-22T07:12:50.596000,NOT_SPECIFIED_IN_WORKBOOK,2219
353,34.6996617,32.5353183,2022-05-22T07:12:55.585000,NOT_SPECIFIED_IN_WORKBOOK,2220
353,34.6996617,32.5353183,2022-05-22T07:13:02.631000,NOT_SPECIFIED_IN_WORKBOOK,2221
353,34.6996617,32.5353183,2022-05-22T07:13:04.591000,NOT_SPECIFIED_IN_WORKBOOK,2222
353,34.6996617,32.5353183,2022-05-22T07:13:09.594000,NOT_SPECIFIED_IN_WORKBOOK,2223
353,34.6996617,32.5353183,2022-05-22T07:13:13.585000,NOT_SPECIFIED_IN_WORKBOOK,2224
353,34.6996617,32.5353183,2022-05-22T07:13:18.642000,NOT_SPECIFIED_IN_WORKBOOK,2225
353,34.6996617,32.5353183,2022-05-22T07:13:23.585000,NOT_SPECIFIED_IN_WORKBOOK,2226
353,34.6996617,32.5353183,2022-05-22T07:13:27.588000,NOT_SPECIFIED_IN_WORKBOOK,2227
353,34.6996617,32.5353183,2022-05-22T07:13:32.557000,NOT_SPECIFIED_IN_WORKBOOK,2228
353,34.6996617,32.5353183,2022-05-22T07:13:36.612000,NOT_SPECIFIED_IN_WORKBOOK,2229
353,34.6996617,32.5353183,2022-05-22T07:13:40.585000,NOT_SPECIFIED_IN_WORKBOOK,2230
353,34.6996617,32.5353183,2022-05-22T07:13:45.595000,NOT_SPECIFIED_IN_WORKBOOK,2231
353,34.6996617,32.5353183,2022-05-22T07:13:50.570000,NOT_SPECIFIED_IN_WORKBOOK,2232
353,34.6996617,32.5353183,2022-05-22T07:13:54.595000,NOT_SPECIFIED_IN_WORKBOOK,2233
353,34.6996617,32.5353183,2022-05-22T07:13:59.603000,NOT_SPECIFIED_IN_WORKBOOK,2234
353,34.6996617,32.5353183,2022-05-22T07:14:04.579000,NOT_SPECIFIED_IN_WORKBOOK,2235
353,34.6996617,32.5353183,2022-05-22T07:14:09.644000,NOT_SPECIFIED_IN_WORKBOOK,2236
353,34.6996617,32.5353183,2022-05-22T07:14:14.603000,NOT_SPECIFIED_IN_WORKBOOK,2237
353,34.6996617,32.5353183,2022-05-22T07:14:19.574000,NOT_SPECIFIED_IN_WORKBOOK,2238
353,34.6996617,32.5353183,2022-05-22T07:14:23.586000,NOT_SPECIFIED_IN_WORKBOOK,2239
353,34.6996617,32.5353183,2022-05-22T07:14:28.570000,NOT_SPECIFIED_IN_WORKBOOK,2240
353,34.6996617,32.5353183,2022-05-22T07:14:32.580000,NOT_SPECIFIED_IN_WORKBOOK,2241
353,34.6996617,32.5353183,2022-05-22T07:14:36.590000,NOT_SPECIFIED_IN_WORKBOOK,2242
353,34.6996617,32.5353183,2022-05-22T07:14:41.593000,NOT_SPECIFIED_IN_WORKBOOK,2243
353,34.6996617,32.5353183,2022-05-22T07:14:45.602000,NOT_SPECIFIED_IN_WORKBOOK,2244
353,34.6996617,32.5353183,2022-05-22T07:14:49.610000,NOT_SPECIFIED_IN_WORKBOOK,2245
353,34.6996617,32.5353183,2022-05-22T07:14:54.594000,NOT_SPECIFIED_IN_WORKBOOK,2246
353,34.6996617,32.5353183,2022-05-22T07:14:59.592000,NOT_SPECIFIED_IN_WORKBOOK,2247
353,34.6996617,32.5353183,2022-05-22T07:15:04.570000,NOT_SPECIFIED_IN_WORKBOOK,2248
353,34.6996617,32.5353183,2022-05-22T07:15:09.567000,NOT_SPECIFIED_IN_WORKBOOK,2249
353,34.6996617,32.5353183,2022-05-22T07:15:13.596000,NOT_SPECIFIED_IN_WORKBOOK,2250
353,34.6996617,32.5353183,2022-05-22T07:15:17.590000,NOT_SPECIFIED_IN_WORKBOOK,2251
353,34.6996617,32.5353183,2022-05-22T07:15:22.574000,NOT_SPECIFIED_IN_WORKBOOK,2252
353,34.6996617,32.5353183,2022-05-22T07:15:26.576000,NOT_SPECIFIED_IN_WORKBOOK,2253
353,34.6996745,32.5353565,2022-05-22T07:15:31.590000,NOT_SPECIFIED_IN_WORKBOOK,2254
353,34.6997198,32.5355977,2022-05-22T07:15:36.620000,NOT_SPECIFIED_IN_WORKBOOK,2255
353,34.6985504,32.5326302,2022-05-22T07:16:34.585000,NOT_SPECIFIED_IN_WORKBOOK,2256
353,34.6984108,32.5322259,2022-05-22T07:16:39.561000,NOT_SPECIFIED_IN_WORKBOOK,2257
353,34.6981678,32.5319721,2022-05-22T07:16:44.517000,NOT_SPECIFIED_IN_WORKBOOK,2258
353,34.6979938,32.5317662,2022-05-22T07:16:48.574000,NOT_SPECIFIED_IN_WORKBOOK,2259
353,34.6979447,32.5313876,2022-05-22T07:16:53.521000,NOT_SPECIFIED_IN_WORKBOOK,2260
353,34.6979659,32.5310443,2022-05-22T07:16:57.586000,NOT_SPECIFIED_IN_WORKBOOK,2261
353,34.6979681,32.5307279,2022-05-22T07:17:01.580000,NOT_SPECIFIED_IN_WORKBOOK,2262
353,34.6980281,32.5303197,2022-05-22T07:17:06.544000,NOT_SPECIFIED_IN_WORKBOOK,2263
353,34.6981267,32.5300077,2022-05-22T07:17:10.565000,NOT_SPECIFIED_IN_WORKBOOK,2264
353,34.6982956,32.5297545,2022-05-22T07:17:14.584000,NOT_SPECIFIED_IN_WORKBOOK,2265
353,34.6984957,32.5294635,2022-05-22T07:17:19.581000,NOT_SPECIFIED_IN_WORKBOOK,2266
353,34.6986379,32.529224,2022-05-22T07:17:24.514000,NOT_SPECIFIED_IN_WORKBOOK,2267
353,34.6988269,32.52926,2022-05-22T07:17:28.582000,NOT_SPECIFIED_IN_WORKBOOK,2268
353,34.6988895,32.5295006,2022-05-22T07:17:33.524000,NOT_SPECIFIED_IN_WORKBOOK,2269
353,34.69889,32.5296495,2022-05-22T07:17:38.524000,NOT_SPECIFIED_IN_WORKBOOK,2270
353,34.698895,32.5296335,2022-05-22T07:17:43.538000,NOT_SPECIFIED_IN_WORKBOOK,2271
353,34.698895,32.5296333,2022-05-22T07:17:47.583000,NOT_SPECIFIED_IN_WORKBOOK,2272
353,34.698919,32.5295923,2022-05-22T07:17:52.557000,NOT_SPECIFIED_IN_WORKBOOK,2273
353,34.6988945,32.5296381,2022-05-22T07:17:57.532000,NOT_SPECIFIED_IN_WORKBOOK,2274
353,34.6989231,32.5296441,2022-05-22T07:18:01.560000,NOT_SPECIFIED_IN_WORKBOOK,2275
353,34.6989245,32.5296472,2022-05-22T07:18:05.564000,NOT_SPECIFIED_IN_WORKBOOK,2276
353,34.6989212,32.5296462,2022-05-22T07:18:09.831000,NOT_SPECIFIED_IN_WORKBOOK,2277
353,34.6988854,32.5296464,2022-05-22T07:18:14.139000,NOT_SPECIFIED_IN_WORKBOOK,2278
353,34.6988906,32.5296557,2022-05-22T07:18:18.129000,NOT_SPECIFIED_IN_WORKBOOK,2279
353,34.6988978,32.5296457,2022-05-22T07:18:22.389000,NOT_SPECIFIED_IN_WORKBOOK,2280
353,34.6989097,32.5296384,2022-05-22T07:18:26.590000,NOT_SPECIFIED_IN_WORKBOOK,2281
353,34.6989588,32.5296199,2022-05-22T07:18:31.438000,NOT_SPECIFIED_IN_WORKBOOK,2282
353,34.6989864,32.5296324,2022-05-22T07:18:35.555000,NOT_SPECIFIED_IN_WORKBOOK,2283
353,34.6989797,32.529662,2022-05-22T07:18:39.997000,NOT_SPECIFIED_IN_WORKBOOK,2284
353,34.6989679,32.5296656,2022-05-22T07:18:44.495000,NOT_SPECIFIED_IN_WORKBOOK,2285
353,34.6989662,32.5296517,2022-05-22T07:18:48.933000,NOT_SPECIFIED_IN_WORKBOOK,2286
353,34.6989603,32.5296662,2022-05-22T07:18:53.572000,NOT_SPECIFIED_IN_WORKBOOK,2287
353,34.6989582,32.5296967,2022-05-22T07:18:57.789000,NOT_SPECIFIED_IN_WORKBOOK,2288
353,34.6989523,32.5297015,2022-05-22T07:19:02.150000,NOT_SPECIFIED_IN_WORKBOOK,2289
353,34.6989487,32.5296998,2022-05-22T07:19:06.564000,NOT_SPECIFIED_IN_WORKBOOK,2290
353,34.6989494,32.5297026,2022-05-22T07:19:10.592000,NOT_SPECIFIED_IN_WORKBOOK,2291
353,34.6989497,32.529703,2022-05-22T07:19:14.735000,NOT_SPECIFIED_IN_WORKBOOK,2292
353,34.6989566,32.5297459,2022-05-22T07:19:19.013000,NOT_SPECIFIED_IN_WORKBOOK,2293
353,34.6989572,32.5297873,2022-05-22T07:19:23.613000,NOT_SPECIFIED_IN_WORKBOOK,2294
353,34.6990019,32.5298017,2022-05-22T07:19:27.595000,NOT_SPECIFIED_IN_WORKBOOK,2295
353,34.6990123,32.5298402,2022-05-22T07:19:32.514000,NOT_SPECIFIED_IN_WORKBOOK,2296
353,34.6989639,32.5299013,2022-05-22T07:19:36.510000,NOT_SPECIFIED_IN_WORKBOOK,2297
353,34.6989915,32.5299699,2022-05-22T07:19:41.098000,NOT_SPECIFIED_IN_WORKBOOK,2298
353,34.6990288,32.5300368,2022-05-22T07:19:45.584000,NOT_SPECIFIED_IN_WORKBOOK,2299
353,34.6990519,32.5301241,2022-05-22T07:19:50.561000,NOT_SPECIFIED_IN_WORKBOOK,2300
353,34.6990757,32.5301652,2022-05-22T07:19:54.588000,NOT_SPECIFIED_IN_WORKBOOK,2301
353,34.6991259,32.53022,2022-05-22T07:19:59.061000,NOT_SPECIFIED_IN_WORKBOOK,2302
353,34.6991657,32.5302729,2022-05-22T07:20:03.111000,NOT_SPECIFIED_IN_WORKBOOK,2303
353,34.6991763,32.5303305,2022-05-22T07:20:07.561000,NOT_SPECIFIED_IN_WORKBOOK,2304
353,34.6991832,32.5304019,2022-05-22T07:20:11.614000,NOT_SPECIFIED_IN_WORKBOOK,2305
353,34.6991548,32.5304592,2022-05-22T07:20:15.737000,NOT_SPECIFIED_IN_WORKBOOK,2306
353,34.6991557,32.5305228,2022-05-22T07:20:20.608000,NOT_SPECIFIED_IN_WORKBOOK,2307
353,34.6991799,32.5305607,2022-05-22T07:20:25.166000,NOT_SPECIFIED_IN_WORKBOOK,2308
353,34.6992119,32.5306067,2022-05-22T07:20:29.544000,NOT_SPECIFIED_IN_WORKBOOK,2309
353,34.6992217,32.5306446,2022-05-22T07:20:33.605000,NOT_SPECIFIED_IN_WORKBOOK,2310
353,34.6992359,32.530629,2022-05-22T07:20:38.588000,NOT_SPECIFIED_IN_WORKBOOK,2311
353,34.6992377,32.530635,2022-05-22T07:20:43.589000,NOT_SPECIFIED_IN_WORKBOOK,2312
353,34.699239,32.5306389,2022-05-22T07:20:47.638000,NOT_SPECIFIED_IN_WORKBOOK,2313
353,34.6992399,32.5306402,2022-05-22T07:20:52.604000,NOT_SPECIFIED_IN_WORKBOOK,2314
353,34.6992394,32.5306418,2022-05-22T07:20:56.611000,NOT_SPECIFIED_IN_WORKBOOK,2315
353,34.6992383,32.5306433,2022-05-22T07:21:01.556000,NOT_SPECIFIED_IN_WORKBOOK,2316
353,34.6992383,32.5306433,2022-05-22T07:21:05.603000,NOT_SPECIFIED_IN_WORKBOOK,2317
353,34.6992383,32.5306433,2022-05-22T07:21:10.676000,NOT_SPECIFIED_IN_WORKBOOK,2318
353,34.6992383,32.5306433,2022-05-22T07:21:15.571000,NOT_SPECIFIED_IN_WORKBOOK,2319
353,34.6992395,32.530642,2022-05-22T07:21:19.592000,NOT_SPECIFIED_IN_WORKBOOK,2320
353,34.699237,32.5306432,2022-05-22T07:21:24.599000,NOT_SPECIFIED_IN_WORKBOOK,2321
353,34.6992372,32.5306444,2022-05-22T07:21:29.594000,NOT_SPECIFIED_IN_WORKBOOK,2322
353,34.6992328,32.530662,2022-05-22T07:21:33.619000,NOT_SPECIFIED_IN_WORKBOOK,2323
353,34.6992054,32.5306657,2022-05-22T07:21:38.590000,NOT_SPECIFIED_IN_WORKBOOK,2324
353,34.6992056,32.5306841,2022-05-22T07:21:43.353000,NOT_SPECIFIED_IN_WORKBOOK,2325
353,34.6992161,32.5306913,2022-05-22T07:21:47.605000,NOT_SPECIFIED_IN_WORKBOOK,2326
353,34.6992391,32.5306949,2022-05-22T07:21:52.560000,NOT_SPECIFIED_IN_WORKBOOK,2327
353,34.6992581,32.5306955,2022-05-22T07:21:56.632000,NOT_SPECIFIED_IN_WORKBOOK,2328
353,34.6992561,32.5307005,2022-05-22T07:22:00.578000,NOT_SPECIFIED_IN_WORKBOOK,2329
353,34.6991992,32.5306748,2022-05-22T07:22:05.569000,NOT_SPECIFIED_IN_WORKBOOK,2330
353,34.6991964,32.5307801,2022-05-22T07:22:09.572000,NOT_SPECIFIED_IN_WORKBOOK,2331
353,34.6991991,32.5308477,2022-05-22T07:22:14.577000,NOT_SPECIFIED_IN_WORKBOOK,2332
353,34.6991921,32.5308129,2022-05-22T07:22:19.566000,NOT_SPECIFIED_IN_WORKBOOK,2333
353,34.6991716,32.5308144,2022-05-22T07:22:23.578000,NOT_SPECIFIED_IN_WORKBOOK,2334
353,34.6991565,32.5308087,2022-05-22T07:22:27.583000,NOT_SPECIFIED_IN_WORKBOOK,2335
353,34.6991593,32.5307979,2022-05-22T07:22:32.381000,NOT_SPECIFIED_IN_WORKBOOK,2336
353,34.6991912,32.5307725,2022-05-22T07:22:36.576000,NOT_SPECIFIED_IN_WORKBOOK,2337
353,34.6992211,32.5307411,2022-05-22T07:22:40.630000,NOT_SPECIFIED_IN_WORKBOOK,2338
353,34.699246,32.5307264,2022-05-22T07:22:45.569000,NOT_SPECIFIED_IN_WORKBOOK,2339
353,34.6992652,32.5307184,2022-05-22T07:22:49.576000,NOT_SPECIFIED_IN_WORKBOOK,2340
353,34.6992756,32.5307143,2022-05-22T07:22:54.576000,NOT_SPECIFIED_IN_WORKBOOK,2341
353,34.699287,32.530717,2022-05-22T07:22:59.573000,NOT_SPECIFIED_IN_WORKBOOK,2342
353,34.6992896,32.5307247,2022-05-22T07:23:03.628000,NOT_SPECIFIED_IN_WORKBOOK,2343
353,34.699338,32.5307257,2022-05-22T07:23:08.640000,NOT_SPECIFIED_IN_WORKBOOK,2344
353,34.6994168,32.5307956,2022-05-22T07:23:12.569000,NOT_SPECIFIED_IN_WORKBOOK,2345
353,34.6994857,32.5307976,2022-05-22T07:23:17.562000,NOT_SPECIFIED_IN_WORKBOOK,2346
353,34.6994717,32.5307767,2022-05-22T07:23:25.574000,NOT_SPECIFIED_IN_WORKBOOK,2347
353,34.6994592,32.5307719,2022-05-22T07:23:29.569000,NOT_SPECIFIED_IN_WORKBOOK,2348
353,34.6993669,32.5306543,2022-05-22T07:23:34.582000,NOT_SPECIFIED_IN_WORKBOOK,2349
353,34.699365,32.5306033,2022-05-22T07:33:53.266000,NOT_SPECIFIED_IN_WORKBOOK,2350
353,34.6990364,32.5296648,2022-05-22T07:33:57.379000,NOT_SPECIFIED_IN_WORKBOOK,2351
353,34.6989863,32.5296754,2022-05-22T07:34:01.522000,NOT_SPECIFIED_IN_WORKBOOK,2352
353,34.6989747,32.5296934,2022-05-22T07:34:05.527000,NOT_SPECIFIED_IN_WORKBOOK,2353
353,34.6989695,32.5297019,2022-05-22T07:34:09.558000,NOT_SPECIFIED_IN_WORKBOOK,2354
353,34.6989704,32.5297051,2022-05-22T07:34:14.544000,NOT_SPECIFIED_IN_WORKBOOK,2355
353,34.6989748,32.5297074,2022-05-22T07:34:19.546000,NOT_SPECIFIED_IN_WORKBOOK,2356
353,34.6989673,32.5297011,2022-05-22T07:34:24.599000,NOT_SPECIFIED_IN_WORKBOOK,2357
353,34.6989695,32.5297011,2022-05-22T07:34:29.113000,NOT_SPECIFIED_IN_WORKBOOK,2358
353,34.6989737,32.5296932,2022-05-22T07:34:33.595000,NOT_SPECIFIED_IN_WORKBOOK,2359
353,34.6989749,32.5296865,2022-05-22T07:34:38.608000,NOT_SPECIFIED_IN_WORKBOOK,2360
353,34.6989762,32.529684,2022-05-22T07:34:42.614000,NOT_SPECIFIED_IN_WORKBOOK,2361
353,34.6989773,32.5296836,2022-05-22T07:34:47.597000,NOT_SPECIFIED_IN_WORKBOOK,2362
353,34.698976,32.5296828,2022-05-22T07:34:52.599000,NOT_SPECIFIED_IN_WORKBOOK,2363
353,34.698975,32.5296833,2022-05-22T07:34:57.675000,NOT_SPECIFIED_IN_WORKBOOK,2364
353,34.698975,32.5296833,2022-05-22T07:35:02.606000,NOT_SPECIFIED_IN_WORKBOOK,2365
353,34.698975,32.5296833,2022-05-22T07:35:07.572000,NOT_SPECIFIED_IN_WORKBOOK,2366
353,34.6989788,32.5296806,2022-05-22T07:35:12.519000,NOT_SPECIFIED_IN_WORKBOOK,2367
353,34.6989777,32.5296794,2022-05-22T07:35:17.518000,NOT_SPECIFIED_IN_WORKBOOK,2368
353,34.6989779,32.5296789,2022-05-22T07:35:22.569000,NOT_SPECIFIED_IN_WORKBOOK,2369
353,34.6989787,32.5296791,2022-05-22T07:35:27.518000,NOT_SPECIFIED_IN_WORKBOOK,2370
353,34.6989783,32.5296801,2022-05-22T07:35:31.600000,NOT_SPECIFIED_IN_WORKBOOK,2371
353,34.6989783,32.52968,2022-05-22T07:35:36.522000,NOT_SPECIFIED_IN_WORKBOOK,2372
353,34.6989783,32.52968,2022-05-22T07:35:40.611000,NOT_SPECIFIED_IN_WORKBOOK,2373
353,34.6989783,32.52968,2022-05-22T07:35:45.566000,NOT_SPECIFIED_IN_WORKBOOK,2374
353,34.6989783,32.52968,2022-05-22T07:35:50.507000,NOT_SPECIFIED_IN_WORKBOOK,2375
353,34.6989783,32.52968,2022-05-22T07:35:54.536000,NOT_SPECIFIED_IN_WORKBOOK,2376
353,34.6989783,32.52968,2022-05-22T07:35:59.532000,NOT_SPECIFIED_IN_WORKBOOK,2377
353,34.6989783,32.52968,2022-05-22T07:36:04.573000,NOT_SPECIFIED_IN_WORKBOOK,2378
353,34.6989783,32.52968,2022-05-22T07:36:09.603000,NOT_SPECIFIED_IN_WORKBOOK,2379
353,34.6989783,32.52968,2022-05-22T07:36:14.553000,NOT_SPECIFIED_IN_WORKBOOK,2380
353,34.6989783,32.52968,2022-05-22T07:36:19.537000,NOT_SPECIFIED_IN_WORKBOOK,2381
353,34.6989783,32.52968,2022-05-22T07:36:23.550000,NOT_SPECIFIED_IN_WORKBOOK,2382
353,34.6989783,32.52968,2022-05-22T07:36:27.569000,NOT_SPECIFIED_IN_WORKBOOK,2383
353,34.6988861,32.5299094,2022-05-22T07:36:32.528000,NOT_SPECIFIED_IN_WORKBOOK,2384
353,34.6988817,32.5299233,2022-05-22T07:36:37.543000,NOT_SPECIFIED_IN_WORKBOOK,2385
353,34.6988817,32.5299233,2022-05-22T07:36:41.581000,NOT_SPECIFIED_IN_WORKBOOK,2386
353,34.6988817,32.5299233,2022-05-22T07:36:45.602000,NOT_SPECIFIED_IN_WORKBOOK,2387
353,34.6988817,32.5299233,2022-05-22T07:36:49.605000,NOT_SPECIFIED_IN_WORKBOOK,2388
353,34.6989284,32.529919,2022-05-22T07:36:54.567000,NOT_SPECIFIED_IN_WORKBOOK,2389
353,34.6989333,32.529902,2022-05-22T07:36:58.566000,NOT_SPECIFIED_IN_WORKBOOK,2390
353,34.6989333,32.5299017,2022-05-22T07:37:03.515000,NOT_SPECIFIED_IN_WORKBOOK,2391
353,34.6989436,32.5297985,2022-05-22T07:37:07.535000,NOT_SPECIFIED_IN_WORKBOOK,2392
353,34.6989531,32.5297672,2022-05-22T07:37:11.568000,NOT_SPECIFIED_IN_WORKBOOK,2393
353,34.6989533,32.5297667,2022-05-22T07:37:15.582000,NOT_SPECIFIED_IN_WORKBOOK,2394
353,34.6989533,32.5297667,2022-05-22T07:37:20.565000,NOT_SPECIFIED_IN_WORKBOOK,2395
353,34.6989533,32.5297667,2022-05-22T07:37:24.568000,NOT_SPECIFIED_IN_WORKBOOK,2396
353,34.6989533,32.5297667,2022-05-22T07:37:29.572000,NOT_SPECIFIED_IN_WORKBOOK,2397
353,34.6989533,32.5297667,2022-05-22T07:37:33.556000,NOT_SPECIFIED_IN_WORKBOOK,2398
353,34.6989533,32.5297667,2022-05-22T07:37:38.526000,NOT_SPECIFIED_IN_WORKBOOK,2399
353,34.6989533,32.5297667,2022-05-22T07:37:42.539000,NOT_SPECIFIED_IN_WORKBOOK,2400
353,34.6989533,32.5297667,2022-05-22T07:37:46.569000,NOT_SPECIFIED_IN_WORKBOOK,2401
353,34.6989533,32.5297667,2022-05-22T07:37:51.589000,NOT_SPECIFIED_IN_WORKBOOK,2402
353,34.6989533,32.5297667,2022-05-22T07:37:56.541000,NOT_SPECIFIED_IN_WORKBOOK,2403
353,34.6989533,32.5297667,2022-05-22T07:38:01.519000,NOT_SPECIFIED_IN_WORKBOOK,2404
353,34.6989533,32.5297667,2022-05-22T07:38:05.573000,NOT_SPECIFIED_IN_WORKBOOK,2405
353,34.6989533,32.5297667,2022-05-22T07:38:09.600000,NOT_SPECIFIED_IN_WORKBOOK,2406
353,34.6989533,32.5297667,2022-05-22T07:38:13.609000,NOT_SPECIFIED_IN_WORKBOOK,2407
353,34.6989533,32.5297667,2022-05-22T07:38:18.577000,NOT_SPECIFIED_IN_WORKBOOK,2408
353,34.6989533,32.5297667,2022-05-22T07:38:23.585000,NOT_SPECIFIED_IN_WORKBOOK,2409
353,34.6989533,32.5297667,2022-05-22T07:38:28.513000,NOT_SPECIFIED_IN_WORKBOOK,2410
353,34.6989533,32.5297667,2022-05-22T07:38:32.505000,NOT_SPECIFIED_IN_WORKBOOK,2411
353,34.6989533,32.5297667,2022-05-22T07:38:37.000000,NOT_SPECIFIED_IN_WORKBOOK,2412
356,34.6988053,32.5297097,2022-05-22T06:29:15.000000,NOT_SPECIFIED_IN_WORKBOOK,2413
356,34.6989631,32.5296746,2022-05-22T06:29:20.584000,NOT_SPECIFIED_IN_WORKBOOK,2414
356,34.6989631,32.5296746,2022-05-22T06:29:23.145000,NOT_SPECIFIED_IN_WORKBOOK,2415
356,34.6990995,32.5296727,2022-05-22T06:29:25.902000,NOT_SPECIFIED_IN_WORKBOOK,2416
356,34.6991714,32.5295727,2022-05-22T06:29:29.232000,NOT_SPECIFIED_IN_WORKBOOK,2417
356,34.6989988,32.5296142,2022-05-22T06:29:34.223000,NOT_SPECIFIED_IN_WORKBOOK,2418
356,34.6989913,32.5296194,2022-05-22T06:29:38.278000,NOT_SPECIFIED_IN_WORKBOOK,2419
356,34.6989458,32.5295959,2022-05-22T06:29:43.291000,NOT_SPECIFIED_IN_WORKBOOK,2420
356,34.6988683,32.5295526,2022-05-22T06:29:47.885000,NOT_SPECIFIED_IN_WORKBOOK,2421
356,34.698829,32.5295108,2022-05-22T06:29:51.981000,NOT_SPECIFIED_IN_WORKBOOK,2422
356,34.6988301,32.5295033,2022-05-22T06:29:56.228000,NOT_SPECIFIED_IN_WORKBOOK,2423
356,34.6988302,32.5295033,2022-05-22T06:30:00.249000,NOT_SPECIFIED_IN_WORKBOOK,2424
356,34.6988306,32.5295027,2022-05-22T06:30:04.251000,NOT_SPECIFIED_IN_WORKBOOK,2425
356,34.6988309,32.5295023,2022-05-22T06:30:08.259000,NOT_SPECIFIED_IN_WORKBOOK,2426
356,34.698832,32.5295078,2022-05-22T06:30:13.243000,NOT_SPECIFIED_IN_WORKBOOK,2427
356,34.698832,32.529508,2022-05-22T06:30:17.231000,NOT_SPECIFIED_IN_WORKBOOK,2428
356,34.698832,32.529508,2022-05-22T06:30:21.251000,NOT_SPECIFIED_IN_WORKBOOK,2429
356,34.698832,32.529508,2022-05-22T06:30:26.243000,NOT_SPECIFIED_IN_WORKBOOK,2430
356,34.698832,32.529508,2022-05-22T06:30:30.241000,NOT_SPECIFIED_IN_WORKBOOK,2431
356,34.698832,32.529508,2022-05-22T06:30:35.240000,NOT_SPECIFIED_IN_WORKBOOK,2432
356,34.698832,32.529508,2022-05-22T06:30:39.258000,NOT_SPECIFIED_IN_WORKBOOK,2433
356,34.6988318,32.5295062,2022-05-22T06:30:44.233000,NOT_SPECIFIED_IN_WORKBOOK,2434
356,34.6988351,32.5295065,2022-05-22T06:30:49.220000,NOT_SPECIFIED_IN_WORKBOOK,2435
356,34.6988384,32.5295055,2022-05-22T06:30:53.246000,NOT_SPECIFIED_IN_WORKBOOK,2436
356,34.6988406,32.5295075,2022-05-22T06:30:57.382000,NOT_SPECIFIED_IN_WORKBOOK,2437
356,34.6988414,32.5295067,2022-05-22T06:31:02.251000,NOT_SPECIFIED_IN_WORKBOOK,2438
356,34.6988406,32.5295077,2022-05-22T06:31:07.251000,NOT_SPECIFIED_IN_WORKBOOK,2439
356,34.6988396,32.5295072,2022-05-22T06:31:12.245000,NOT_SPECIFIED_IN_WORKBOOK,2440
356,34.6988395,32.5295069,2022-05-22T06:31:16.269000,NOT_SPECIFIED_IN_WORKBOOK,2441
356,34.6988399,32.5295092,2022-05-22T06:31:20.254000,NOT_SPECIFIED_IN_WORKBOOK,2442
356,34.69888,32.5294981,2022-05-22T06:31:25.528000,NOT_SPECIFIED_IN_WORKBOOK,2443
356,34.6988237,32.5295099,2022-05-22T06:31:30.309000,NOT_SPECIFIED_IN_WORKBOOK,2444
356,34.6988259,32.5295055,2022-05-22T06:31:34.320000,NOT_SPECIFIED_IN_WORKBOOK,2445
356,34.6988259,32.5295053,2022-05-22T06:31:39.301000,NOT_SPECIFIED_IN_WORKBOOK,2446
356,34.6988259,32.5295053,2022-05-22T06:31:43.309000,NOT_SPECIFIED_IN_WORKBOOK,2447
356,34.6988259,32.5295053,2022-05-22T06:31:48.298000,NOT_SPECIFIED_IN_WORKBOOK,2448
356,34.6988259,32.5295053,2022-05-22T06:31:53.273000,NOT_SPECIFIED_IN_WORKBOOK,2449
356,34.6988259,32.5295053,2022-05-22T06:31:57.316000,NOT_SPECIFIED_IN_WORKBOOK,2450
356,34.6988253,32.5295068,2022-05-22T06:32:01.321000,NOT_SPECIFIED_IN_WORKBOOK,2451
356,34.698823,32.5295101,2022-05-22T06:32:06.327000,NOT_SPECIFIED_IN_WORKBOOK,2452
356,34.6988237,32.5295094,2022-05-22T06:32:10.546000,NOT_SPECIFIED_IN_WORKBOOK,2453
356,34.6988341,32.5295097,2022-05-22T06:32:15.317000,NOT_SPECIFIED_IN_WORKBOOK,2454
356,34.6988404,32.5295138,2022-05-22T06:32:19.326000,NOT_SPECIFIED_IN_WORKBOOK,2455
356,34.6988452,32.5295151,2022-05-22T06:32:23.326000,NOT_SPECIFIED_IN_WORKBOOK,2456
356,34.6988474,32.5295144,2022-05-22T06:32:27.344000,NOT_SPECIFIED_IN_WORKBOOK,2457
356,34.698847,32.5295157,2022-05-22T06:32:32.355000,NOT_SPECIFIED_IN_WORKBOOK,2458
356,34.698847,32.5295157,2022-05-22T06:32:37.343000,NOT_SPECIFIED_IN_WORKBOOK,2459
356,34.6988562,32.5295148,2022-05-22T06:32:42.301000,NOT_SPECIFIED_IN_WORKBOOK,2460
356,34.6988567,32.5295152,2022-05-22T06:32:46.324000,NOT_SPECIFIED_IN_WORKBOOK,2461
356,34.6988567,32.5295152,2022-05-22T06:32:50.327000,NOT_SPECIFIED_IN_WORKBOOK,2462
356,34.6988567,32.5295152,2022-05-22T06:32:55.349000,NOT_SPECIFIED_IN_WORKBOOK,2463
356,34.6988567,32.5295152,2022-05-22T06:32:59.340000,NOT_SPECIFIED_IN_WORKBOOK,2464
356,34.6988567,32.5295152,2022-05-22T06:33:04.349000,NOT_SPECIFIED_IN_WORKBOOK,2465
356,34.6988567,32.5295152,2022-05-22T06:33:09.342000,NOT_SPECIFIED_IN_WORKBOOK,2466
356,34.6988497,32.5295077,2022-05-22T06:33:13.329000,NOT_SPECIFIED_IN_WORKBOOK,2467
356,34.6988486,32.5295039,2022-05-22T06:33:18.318000,NOT_SPECIFIED_IN_WORKBOOK,2468
356,34.6988486,32.5295039,2022-05-22T06:33:23.343000,NOT_SPECIFIED_IN_WORKBOOK,2469
356,34.6988486,32.5295039,2022-05-22T06:33:27.350000,NOT_SPECIFIED_IN_WORKBOOK,2470
356,34.6988486,32.5295039,2022-05-22T06:33:32.339000,NOT_SPECIFIED_IN_WORKBOOK,2471
356,34.6988486,32.5295039,2022-05-22T06:33:37.318000,NOT_SPECIFIED_IN_WORKBOOK,2472
356,34.6988486,32.5295039,2022-05-22T06:33:41.318000,NOT_SPECIFIED_IN_WORKBOOK,2473
356,34.6988486,32.5295039,2022-05-22T06:33:45.332000,NOT_SPECIFIED_IN_WORKBOOK,2474
356,34.6988486,32.5295039,2022-05-22T06:33:50.325000,NOT_SPECIFIED_IN_WORKBOOK,2475
356,34.6988486,32.5295039,2022-05-22T06:33:55.283000,NOT_SPECIFIED_IN_WORKBOOK,2476
356,34.6988486,32.5295039,2022-05-22T06:33:59.325000,NOT_SPECIFIED_IN_WORKBOOK,2477
356,34.6988486,32.5295039,2022-05-22T06:34:03.333000,NOT_SPECIFIED_IN_WORKBOOK,2478
356,34.6988486,32.5295039,2022-05-22T06:34:08.294000,NOT_SPECIFIED_IN_WORKBOOK,2479
356,34.6988486,32.5295039,2022-05-22T06:34:12.325000,NOT_SPECIFIED_IN_WORKBOOK,2480
356,34.6988486,32.5295039,2022-05-22T06:34:16.326000,NOT_SPECIFIED_IN_WORKBOOK,2481
356,34.6988486,32.5295039,2022-05-22T06:34:21.330000,NOT_SPECIFIED_IN_WORKBOOK,2482
356,34.6988486,32.5295039,2022-05-22T06:34:25.323000,NOT_SPECIFIED_IN_WORKBOOK,2483
356,34.6988486,32.5295039,2022-05-22T06:34:29.349000,NOT_SPECIFIED_IN_WORKBOOK,2484
356,34.6988598,32.5295102,2022-05-22T06:34:34.312000,NOT_SPECIFIED_IN_WORKBOOK,2485
356,34.6988536,32.5295053,2022-05-22T06:34:39.326000,NOT_SPECIFIED_IN_WORKBOOK,2486
356,34.6988534,32.5295066,2022-05-22T06:34:43.581000,NOT_SPECIFIED_IN_WORKBOOK,2487
356,34.6988877,32.5294954,2022-05-22T06:34:48.263000,NOT_SPECIFIED_IN_WORKBOOK,2488
356,34.6988962,32.529485,2022-05-22T06:34:52.314000,NOT_SPECIFIED_IN_WORKBOOK,2489
356,34.6989136,32.5294727,2022-05-22T06:34:56.340000,NOT_SPECIFIED_IN_WORKBOOK,2490
356,34.6989559,32.5294349,2022-05-22T06:35:00.729000,NOT_SPECIFIED_IN_WORKBOOK,2491
356,34.698976,32.5293792,2022-05-22T06:35:05.332000,NOT_SPECIFIED_IN_WORKBOOK,2492
356,34.6989751,32.5293675,2022-05-22T06:35:09.780000,NOT_SPECIFIED_IN_WORKBOOK,2493
356,34.6990006,32.5293318,2022-05-22T06:35:14.302000,NOT_SPECIFIED_IN_WORKBOOK,2494
356,34.6990209,32.5293295,2022-05-22T06:35:18.335000,NOT_SPECIFIED_IN_WORKBOOK,2495
356,34.6990308,32.5293192,2022-05-22T06:35:23.349000,NOT_SPECIFIED_IN_WORKBOOK,2496
356,34.6990546,32.5293089,2022-05-22T06:35:27.904000,NOT_SPECIFIED_IN_WORKBOOK,2497
356,34.6991066,32.5292893,2022-05-22T06:35:32.316000,NOT_SPECIFIED_IN_WORKBOOK,2498
356,34.6991398,32.5292519,2022-05-22T06:35:37.241000,NOT_SPECIFIED_IN_WORKBOOK,2499
356,34.6991331,32.5292505,2022-05-22T06:35:41.330000,NOT_SPECIFIED_IN_WORKBOOK,2500
356,34.6991263,32.5292506,2022-05-22T06:35:46.356000,NOT_SPECIFIED_IN_WORKBOOK,2501
356,34.6991284,32.5292517,2022-05-22T06:35:50.341000,NOT_SPECIFIED_IN_WORKBOOK,2502
356,34.699147,32.5292567,2022-05-22T06:35:55.214000,NOT_SPECIFIED_IN_WORKBOOK,2503
356,34.6991562,32.5292503,2022-05-22T06:35:59.319000,NOT_SPECIFIED_IN_WORKBOOK,2504
356,34.699161,32.5292416,2022-05-22T06:36:04.179000,NOT_SPECIFIED_IN_WORKBOOK,2505
356,34.699215,32.5292184,2022-05-22T06:36:08.279000,NOT_SPECIFIED_IN_WORKBOOK,2506
356,34.6992599,32.529212,2022-05-22T06:36:12.337000,NOT_SPECIFIED_IN_WORKBOOK,2507
356,34.6992983,32.5291948,2022-05-22T06:36:16.321000,NOT_SPECIFIED_IN_WORKBOOK,2508
356,34.6993268,32.5291675,2022-05-22T06:36:20.833000,NOT_SPECIFIED_IN_WORKBOOK,2509
356,34.6993763,32.5291304,2022-05-22T06:36:25.155000,NOT_SPECIFIED_IN_WORKBOOK,2510
356,34.699418,32.529112,2022-05-22T06:36:29.349000,NOT_SPECIFIED_IN_WORKBOOK,2511
356,34.699448,32.5290991,2022-05-22T06:36:33.321000,NOT_SPECIFIED_IN_WORKBOOK,2512
356,34.6994759,32.5290608,2022-05-22T06:36:38.050000,NOT_SPECIFIED_IN_WORKBOOK,2513
356,34.6995174,32.5290272,2022-05-22T06:36:42.280000,NOT_SPECIFIED_IN_WORKBOOK,2514
356,34.6995652,32.5289947,2022-05-22T06:36:47.273000,NOT_SPECIFIED_IN_WORKBOOK,2515
356,34.6996209,32.5289675,2022-05-22T06:36:51.764000,NOT_SPECIFIED_IN_WORKBOOK,2516
356,34.6996762,32.5289664,2022-05-22T06:36:56.075000,NOT_SPECIFIED_IN_WORKBOOK,2517
356,34.699711,32.5289588,2022-05-22T06:37:00.322000,NOT_SPECIFIED_IN_WORKBOOK,2518
356,34.6997437,32.5289339,2022-05-22T06:37:05.010000,NOT_SPECIFIED_IN_WORKBOOK,2519
356,34.6997696,32.528917,2022-05-22T06:37:09.313000,NOT_SPECIFIED_IN_WORKBOOK,2520
356,34.699792,32.5289056,2022-05-22T06:37:13.922000,NOT_SPECIFIED_IN_WORKBOOK,2521
356,34.6998298,32.5289121,2022-05-22T06:37:18.017000,NOT_SPECIFIED_IN_WORKBOOK,2522
356,34.699862,32.5288819,2022-05-22T06:37:22.322000,NOT_SPECIFIED_IN_WORKBOOK,2523
356,34.699878,32.528832,2022-05-22T06:37:26.456000,NOT_SPECIFIED_IN_WORKBOOK,2524
356,34.699889,32.5287852,2022-05-22T06:37:31.271000,NOT_SPECIFIED_IN_WORKBOOK,2525
356,34.6999116,32.5287626,2022-05-22T06:37:35.322000,NOT_SPECIFIED_IN_WORKBOOK,2526
356,34.6999123,32.5287572,2022-05-22T06:37:39.312000,NOT_SPECIFIED_IN_WORKBOOK,2527
356,34.6999439,32.5287337,2022-05-22T06:37:44.158000,NOT_SPECIFIED_IN_WORKBOOK,2528
356,34.6999833,32.5287117,2022-05-22T06:37:49.169000,NOT_SPECIFIED_IN_WORKBOOK,2529
356,34.7000183,32.5287007,2022-05-22T06:37:53.307000,NOT_SPECIFIED_IN_WORKBOOK,2530
356,34.7000589,32.5286442,2022-05-22T06:37:57.658000,NOT_SPECIFIED_IN_WORKBOOK,2531
356,34.7000869,32.5286043,2022-05-22T06:38:02.095000,NOT_SPECIFIED_IN_WORKBOOK,2532
356,34.7000718,32.5285433,2022-05-22T06:38:06.322000,NOT_SPECIFIED_IN_WORKBOOK,2533
356,34.700084,32.5284914,2022-05-22T06:38:10.678000,NOT_SPECIFIED_IN_WORKBOOK,2534
356,34.7001095,32.5284467,2022-05-22T06:38:14.760000,NOT_SPECIFIED_IN_WORKBOOK,2535
356,34.7001506,32.5284043,2022-05-22T06:38:19.014000,NOT_SPECIFIED_IN_WORKBOOK,2536
356,34.7001834,32.5283585,2022-05-22T06:38:23.602000,NOT_SPECIFIED_IN_WORKBOOK,2537
356,34.700213,32.5283166,2022-05-22T06:38:27.961000,NOT_SPECIFIED_IN_WORKBOOK,2538
356,34.7002343,32.5282718,2022-05-22T06:38:32.333000,NOT_SPECIFIED_IN_WORKBOOK,2539
356,34.7002565,32.5282262,2022-05-22T06:38:36.798000,NOT_SPECIFIED_IN_WORKBOOK,2540
356,34.7002831,32.5281811,2022-05-22T06:38:41.037000,NOT_SPECIFIED_IN_WORKBOOK,2541
356,34.700305,32.5281572,2022-05-22T06:38:45.330000,NOT_SPECIFIED_IN_WORKBOOK,2542
356,34.7003154,32.5281506,2022-05-22T06:38:49.820000,NOT_SPECIFIED_IN_WORKBOOK,2543
356,34.700337,32.528095,2022-05-22T06:38:53.864000,NOT_SPECIFIED_IN_WORKBOOK,2544
356,34.7003543,32.5280531,2022-05-22T06:38:58.020000,NOT_SPECIFIED_IN_WORKBOOK,2545
356,34.7003805,32.5280173,2022-05-22T06:39:02.332000,NOT_SPECIFIED_IN_WORKBOOK,2546
356,34.7004051,32.5280074,2022-05-22T06:39:07.322000,NOT_SPECIFIED_IN_WORKBOOK,2547
356,34.700434,32.5280003,2022-05-22T06:39:11.322000,NOT_SPECIFIED_IN_WORKBOOK,2548
356,34.7004843,32.52799,2022-05-22T06:39:16.180000,NOT_SPECIFIED_IN_WORKBOOK,2549
356,34.7004985,32.5279651,2022-05-22T06:39:20.335000,NOT_SPECIFIED_IN_WORKBOOK,2550
356,34.7004948,32.5279663,2022-05-22T06:39:25.312000,NOT_SPECIFIED_IN_WORKBOOK,2551
356,34.7004931,32.5279686,2022-05-22T06:39:30.307000,NOT_SPECIFIED_IN_WORKBOOK,2552
356,34.7005004,32.5279692,2022-05-22T06:39:34.311000,NOT_SPECIFIED_IN_WORKBOOK,2553
356,34.7005269,32.5279725,2022-05-22T06:39:38.324000,NOT_SPECIFIED_IN_WORKBOOK,2554
356,34.7005377,32.5279655,2022-05-22T06:39:43.013000,NOT_SPECIFIED_IN_WORKBOOK,2555
356,34.7005771,32.5279678,2022-05-22T06:39:47.339000,NOT_SPECIFIED_IN_WORKBOOK,2556
356,34.70063,32.5279255,2022-05-22T06:39:51.731000,NOT_SPECIFIED_IN_WORKBOOK,2557
356,34.7006668,32.5278809,2022-05-22T06:39:56.314000,NOT_SPECIFIED_IN_WORKBOOK,2558
356,34.700702,32.5278232,2022-05-22T06:40:00.902000,NOT_SPECIFIED_IN_WORKBOOK,2559
356,34.7007272,32.5277728,2022-05-22T06:40:05.207000,NOT_SPECIFIED_IN_WORKBOOK,2560
356,34.7007695,32.5277446,2022-05-22T06:40:09.333000,NOT_SPECIFIED_IN_WORKBOOK,2561
356,34.700787,32.5277576,2022-05-22T06:40:13.491000,NOT_SPECIFIED_IN_WORKBOOK,2562
356,34.7008226,32.527737,2022-05-22T06:40:17.619000,NOT_SPECIFIED_IN_WORKBOOK,2563
356,34.7008565,32.5276713,2022-05-22T06:40:22.297000,NOT_SPECIFIED_IN_WORKBOOK,2564
356,34.700886,32.5276715,2022-05-22T06:40:27.341000,NOT_SPECIFIED_IN_WORKBOOK,2565
356,34.7008788,32.5276758,2022-05-22T06:40:31.349000,NOT_SPECIFIED_IN_WORKBOOK,2566
356,34.7008766,32.5276773,2022-05-22T06:40:36.324000,NOT_SPECIFIED_IN_WORKBOOK,2567
356,34.7008795,32.527672,2022-05-22T06:40:41.016000,NOT_SPECIFIED_IN_WORKBOOK,2568
356,34.7009103,32.5276331,2022-05-22T06:40:45.341000,NOT_SPECIFIED_IN_WORKBOOK,2569
356,34.7009612,32.5275517,2022-05-22T06:40:49.923000,NOT_SPECIFIED_IN_WORKBOOK,2570
356,34.7010111,32.5275151,2022-05-22T06:40:54.345000,NOT_SPECIFIED_IN_WORKBOOK,2571
356,34.7010644,32.5275153,2022-05-22T06:40:59.142000,NOT_SPECIFIED_IN_WORKBOOK,2572
356,34.7010787,32.5275186,2022-05-22T06:41:03.193000,NOT_SPECIFIED_IN_WORKBOOK,2573
356,34.701099,32.527494,2022-05-22T06:41:07.339000,NOT_SPECIFIED_IN_WORKBOOK,2574
356,34.7011109,32.5274749,2022-05-22T06:41:12.007000,NOT_SPECIFIED_IN_WORKBOOK,2575
356,34.7011213,32.5274623,2022-05-22T06:41:16.356000,NOT_SPECIFIED_IN_WORKBOOK,2576
356,34.7011246,32.5274511,2022-05-22T06:41:20.521000,NOT_SPECIFIED_IN_WORKBOOK,2577
356,34.7011457,32.527437,2022-05-22T06:41:25.303000,NOT_SPECIFIED_IN_WORKBOOK,2578
356,34.7011466,32.5274356,2022-05-22T06:41:29.336000,NOT_SPECIFIED_IN_WORKBOOK,2579
356,34.7011509,32.5274149,2022-05-22T06:41:33.945000,NOT_SPECIFIED_IN_WORKBOOK,2580
356,34.7011668,32.5273565,2022-05-22T06:41:38.278000,NOT_SPECIFIED_IN_WORKBOOK,2581
356,34.7012149,32.5273143,2022-05-22T06:41:42.310000,NOT_SPECIFIED_IN_WORKBOOK,2582
356,34.7012441,32.5273435,2022-05-22T06:41:46.779000,NOT_SPECIFIED_IN_WORKBOOK,2583
356,34.7012565,32.5273839,2022-05-22T06:41:51.330000,NOT_SPECIFIED_IN_WORKBOOK,2584
356,34.7012438,32.5273958,2022-05-22T06:41:55.316000,NOT_SPECIFIED_IN_WORKBOOK,2585
356,34.70124,32.5273912,2022-05-22T06:41:59.942000,NOT_SPECIFIED_IN_WORKBOOK,2586
356,34.7012337,32.5273853,2022-05-22T06:42:04.300000,NOT_SPECIFIED_IN_WORKBOOK,2587
356,34.7012288,32.5273855,2022-05-22T06:42:08.314000,NOT_SPECIFIED_IN_WORKBOOK,2588
356,34.7012127,32.5273665,2022-05-22T06:42:13.327000,NOT_SPECIFIED_IN_WORKBOOK,2589
356,34.7012172,32.5273152,2022-05-22T06:42:17.877000,NOT_SPECIFIED_IN_WORKBOOK,2590
356,34.7012613,32.5273042,2022-05-22T06:42:21.878000,NOT_SPECIFIED_IN_WORKBOOK,2591
356,34.7012996,32.527306,2022-05-22T06:42:26.319000,NOT_SPECIFIED_IN_WORKBOOK,2592
356,34.7013209,32.5272975,2022-05-22T06:42:30.559000,NOT_SPECIFIED_IN_WORKBOOK,2593
356,34.7013225,32.5272869,2022-05-22T06:42:35.317000,NOT_SPECIFIED_IN_WORKBOOK,2594
356,34.7013336,32.5272565,2022-05-22T06:42:39.626000,NOT_SPECIFIED_IN_WORKBOOK,2595
356,34.7013706,32.5272311,2022-05-22T06:42:44.326000,NOT_SPECIFIED_IN_WORKBOOK,2596
356,34.7014062,32.5272259,2022-05-22T06:42:48.907000,NOT_SPECIFIED_IN_WORKBOOK,2597
356,34.7014232,32.5272436,2022-05-22T06:42:53.017000,NOT_SPECIFIED_IN_WORKBOOK,2598
356,34.7014412,32.5272481,2022-05-22T06:42:57.074000,NOT_SPECIFIED_IN_WORKBOOK,2599
356,34.7014934,32.5272802,2022-05-22T06:43:01.350000,NOT_SPECIFIED_IN_WORKBOOK,2600
356,34.7015537,32.527294,2022-05-22T06:43:06.315000,NOT_SPECIFIED_IN_WORKBOOK,2601
356,34.7015691,32.5273581,2022-05-22T06:43:10.883000,NOT_SPECIFIED_IN_WORKBOOK,2602
356,34.7015761,32.5274337,2022-05-22T06:43:14.904000,NOT_SPECIFIED_IN_WORKBOOK,2603
356,34.7015556,32.5274584,2022-05-22T06:43:18.942000,NOT_SPECIFIED_IN_WORKBOOK,2604
356,34.7015663,32.5274408,2022-05-22T06:43:23.013000,NOT_SPECIFIED_IN_WORKBOOK,2605
356,34.7015832,32.5274873,2022-05-22T06:43:27.311000,NOT_SPECIFIED_IN_WORKBOOK,2606
356,34.7015867,32.5274767,2022-05-22T06:43:31.323000,NOT_SPECIFIED_IN_WORKBOOK,2607
356,34.7015622,32.5274578,2022-05-22T06:43:35.326000,NOT_SPECIFIED_IN_WORKBOOK,2608
356,34.7015485,32.5274459,2022-05-22T06:43:40.308000,NOT_SPECIFIED_IN_WORKBOOK,2609
356,34.7015832,32.5274577,2022-05-22T06:43:45.295000,NOT_SPECIFIED_IN_WORKBOOK,2610
356,34.7015944,32.5274861,2022-05-22T06:43:50.356000,NOT_SPECIFIED_IN_WORKBOOK,2611
356,34.7015897,32.5274824,2022-05-22T06:43:55.294000,NOT_SPECIFIED_IN_WORKBOOK,2612
356,34.7015835,32.5274755,2022-05-22T06:43:59.349000,NOT_SPECIFIED_IN_WORKBOOK,2613
356,34.7015792,32.5274704,2022-05-22T06:44:04.356000,NOT_SPECIFIED_IN_WORKBOOK,2614
356,34.7015561,32.527477,2022-05-22T06:44:09.346000,NOT_SPECIFIED_IN_WORKBOOK,2615
356,34.7015666,32.5274698,2022-05-22T06:44:13.919000,NOT_SPECIFIED_IN_WORKBOOK,2616
356,34.7015622,32.5274497,2022-05-22T06:44:18.031000,NOT_SPECIFIED_IN_WORKBOOK,2617
356,34.701557,32.5274405,2022-05-22T06:44:22.305000,NOT_SPECIFIED_IN_WORKBOOK,2618
356,34.7015521,32.5274432,2022-05-22T06:44:26.341000,NOT_SPECIFIED_IN_WORKBOOK,2619
356,34.7015497,32.5274465,2022-05-22T06:44:30.345000,NOT_SPECIFIED_IN_WORKBOOK,2620
356,34.701545,32.5274472,2022-05-22T06:44:35.316000,NOT_SPECIFIED_IN_WORKBOOK,2621
356,34.7015485,32.5274575,2022-05-22T06:44:39.361000,NOT_SPECIFIED_IN_WORKBOOK,2622
356,34.7015553,32.5274577,2022-05-22T06:44:44.329000,NOT_SPECIFIED_IN_WORKBOOK,2623
356,34.7015552,32.527458,2022-05-22T06:44:49.330000,NOT_SPECIFIED_IN_WORKBOOK,2624
356,34.7015564,32.5274633,2022-05-22T06:44:54.327000,NOT_SPECIFIED_IN_WORKBOOK,2625
356,34.7015565,32.5274642,2022-05-22T06:44:58.305000,NOT_SPECIFIED_IN_WORKBOOK,2626
356,34.7015564,32.5274643,2022-05-22T06:45:02.339000,NOT_SPECIFIED_IN_WORKBOOK,2627
356,34.7015564,32.5274643,2022-05-22T06:45:06.350000,NOT_SPECIFIED_IN_WORKBOOK,2628
356,34.7015564,32.5274643,2022-05-22T06:45:11.312000,NOT_SPECIFIED_IN_WORKBOOK,2629
356,34.7015564,32.5274643,2022-05-22T06:45:15.324000,NOT_SPECIFIED_IN_WORKBOOK,2630
356,34.7015571,32.5274609,2022-05-22T06:45:19.342000,NOT_SPECIFIED_IN_WORKBOOK,2631
356,34.7015751,32.5274514,2022-05-22T06:45:24.338000,NOT_SPECIFIED_IN_WORKBOOK,2632
356,34.7015792,32.5274522,2022-05-22T06:45:28.322000,NOT_SPECIFIED_IN_WORKBOOK,2633
356,34.7015829,32.5274546,2022-05-22T06:45:32.359000,NOT_SPECIFIED_IN_WORKBOOK,2634
356,34.7015829,32.5274535,2022-05-22T06:45:37.338000,NOT_SPECIFIED_IN_WORKBOOK,2635
356,34.7015822,32.5274522,2022-05-22T06:45:41.332000,NOT_SPECIFIED_IN_WORKBOOK,2636
356,34.7015833,32.5274516,2022-05-22T06:45:46.336000,NOT_SPECIFIED_IN_WORKBOOK,2637
356,34.7015864,32.5274417,2022-05-22T06:45:50.341000,NOT_SPECIFIED_IN_WORKBOOK,2638
356,34.7015834,32.527448,2022-05-22T06:45:54.334000,NOT_SPECIFIED_IN_WORKBOOK,2639
356,34.7015845,32.527442,2022-05-22T06:45:59.141000,NOT_SPECIFIED_IN_WORKBOOK,2640
356,34.7015853,32.5274348,2022-05-22T06:46:03.662000,NOT_SPECIFIED_IN_WORKBOOK,2641
356,34.7015792,32.5274344,2022-05-22T06:46:08.281000,NOT_SPECIFIED_IN_WORKBOOK,2642
356,34.7015809,32.5274496,2022-05-22T06:46:13.300000,NOT_SPECIFIED_IN_WORKBOOK,2643
356,34.7015822,32.5274564,2022-05-22T06:46:17.311000,NOT_SPECIFIED_IN_WORKBOOK,2644
356,34.7015815,32.5274582,2022-05-22T06:46:21.255000,NOT_SPECIFIED_IN_WORKBOOK,2645
356,34.7015775,32.5274457,2022-05-22T06:46:26.251000,NOT_SPECIFIED_IN_WORKBOOK,2646
356,34.701579,32.5274471,2022-05-22T06:46:30.255000,NOT_SPECIFIED_IN_WORKBOOK,2647
356,34.7015789,32.5274473,2022-05-22T06:46:35.249000,NOT_SPECIFIED_IN_WORKBOOK,2648
356,34.7015789,32.5274473,2022-05-22T06:46:40.251000,NOT_SPECIFIED_IN_WORKBOOK,2649
356,34.701574,32.5274376,2022-05-22T06:46:44.227000,NOT_SPECIFIED_IN_WORKBOOK,2650
356,34.7015647,32.5274396,2022-05-22T06:46:48.250000,NOT_SPECIFIED_IN_WORKBOOK,2651
356,34.7015648,32.5274397,2022-05-22T06:46:53.234000,NOT_SPECIFIED_IN_WORKBOOK,2652
356,34.7015648,32.5274397,2022-05-22T06:46:57.297000,NOT_SPECIFIED_IN_WORKBOOK,2653
356,34.7015648,32.5274397,2022-05-22T06:47:02.244000,NOT_SPECIFIED_IN_WORKBOOK,2654
356,34.7015648,32.5274397,2022-05-22T06:47:07.263000,NOT_SPECIFIED_IN_WORKBOOK,2655
356,34.7015801,32.52744,2022-05-22T06:47:12.241000,NOT_SPECIFIED_IN_WORKBOOK,2656
356,34.701576,32.5274428,2022-05-22T06:47:17.241000,NOT_SPECIFIED_IN_WORKBOOK,2657
356,34.701576,32.5274428,2022-05-22T06:47:22.264000,NOT_SPECIFIED_IN_WORKBOOK,2658
356,34.701576,32.5274428,2022-05-22T06:47:27.246000,NOT_SPECIFIED_IN_WORKBOOK,2659
356,34.701576,32.5274428,2022-05-22T06:47:31.257000,NOT_SPECIFIED_IN_WORKBOOK,2660
356,34.7015728,32.5274442,2022-05-22T06:47:36.249000,NOT_SPECIFIED_IN_WORKBOOK,2661
356,34.7015727,32.5274444,2022-05-22T06:47:40.257000,NOT_SPECIFIED_IN_WORKBOOK,2662
356,34.7015729,32.5274444,2022-05-22T06:47:45.261000,NOT_SPECIFIED_IN_WORKBOOK,2663
356,34.7015729,32.5274444,2022-05-22T06:47:50.238000,NOT_SPECIFIED_IN_WORKBOOK,2664
356,34.7015729,32.5274444,2022-05-22T06:47:54.270000,NOT_SPECIFIED_IN_WORKBOOK,2665
356,34.7015729,32.5274444,2022-05-22T06:47:59.266000,NOT_SPECIFIED_IN_WORKBOOK,2666
356,34.7015729,32.5274444,2022-05-22T06:48:04.257000,NOT_SPECIFIED_IN_WORKBOOK,2667
356,34.7015729,32.5274444,2022-05-22T06:48:08.288000,NOT_SPECIFIED_IN_WORKBOOK,2668
356,34.7015729,32.5274444,2022-05-22T06:48:13.270000,NOT_SPECIFIED_IN_WORKBOOK,2669
356,34.7015729,32.5274444,2022-05-22T06:48:18.283000,NOT_SPECIFIED_IN_WORKBOOK,2670
356,34.7015729,32.5274444,2022-05-22T06:48:22.277000,NOT_SPECIFIED_IN_WORKBOOK,2671
356,34.7015729,32.5274444,2022-05-22T06:48:27.301000,NOT_SPECIFIED_IN_WORKBOOK,2672
356,34.7015729,32.5274444,2022-05-22T06:48:32.272000,NOT_SPECIFIED_IN_WORKBOOK,2673
356,34.7015729,32.5274444,2022-05-22T06:48:37.270000,NOT_SPECIFIED_IN_WORKBOOK,2674
356,34.7015729,32.5274444,2022-05-22T06:48:41.277000,NOT_SPECIFIED_IN_WORKBOOK,2675
356,34.7015729,32.5274444,2022-05-22T06:48:46.288000,NOT_SPECIFIED_IN_WORKBOOK,2676
356,34.7015729,32.5274444,2022-05-22T06:48:51.267000,NOT_SPECIFIED_IN_WORKBOOK,2677
356,34.7015729,32.5274444,2022-05-22T06:48:56.286000,NOT_SPECIFIED_IN_WORKBOOK,2678
356,34.7015729,32.5274444,2022-05-22T06:49:01.279000,NOT_SPECIFIED_IN_WORKBOOK,2679
356,34.7015729,32.5274444,2022-05-22T06:49:06.279000,NOT_SPECIFIED_IN_WORKBOOK,2680
356,34.7015729,32.5274444,2022-05-22T06:49:10.270000,NOT_SPECIFIED_IN_WORKBOOK,2681
356,34.7015729,32.5274444,2022-05-22T06:49:15.440000,NOT_SPECIFIED_IN_WORKBOOK,2682
356,34.7015729,32.5274444,2022-05-22T06:49:20.248000,NOT_SPECIFIED_IN_WORKBOOK,2683
356,34.7015729,32.5274444,2022-05-22T06:49:24.274000,NOT_SPECIFIED_IN_WORKBOOK,2684
356,34.7015729,32.5274444,2022-05-22T06:49:29.280000,NOT_SPECIFIED_IN_WORKBOOK,2685
356,34.7015729,32.5274444,2022-05-22T06:49:33.269000,NOT_SPECIFIED_IN_WORKBOOK,2686
356,34.7015729,32.5274444,2022-05-22T06:49:37.285000,NOT_SPECIFIED_IN_WORKBOOK,2687
356,34.7015714,32.5274444,2022-05-22T06:49:42.254000,NOT_SPECIFIED_IN_WORKBOOK,2688
356,34.7015689,32.527442,2022-05-22T06:49:47.284000,NOT_SPECIFIED_IN_WORKBOOK,2689
356,34.7015691,32.5274418,2022-05-22T06:49:52.313000,NOT_SPECIFIED_IN_WORKBOOK,2690
356,34.7015691,32.5274418,2022-05-22T06:49:57.270000,NOT_SPECIFIED_IN_WORKBOOK,2691
356,34.7015691,32.5274418,2022-05-22T06:50:02.248000,NOT_SPECIFIED_IN_WORKBOOK,2692
356,34.7015691,32.5274418,2022-05-22T06:50:06.291000,NOT_SPECIFIED_IN_WORKBOOK,2693
356,34.7015691,32.5274418,2022-05-22T06:50:11.301000,NOT_SPECIFIED_IN_WORKBOOK,2694
356,34.7015691,32.5274418,2022-05-22T06:50:16.273000,NOT_SPECIFIED_IN_WORKBOOK,2695
356,34.7015686,32.5274419,2022-05-22T06:50:21.269000,NOT_SPECIFIED_IN_WORKBOOK,2696
356,34.7015691,32.5274418,2022-05-22T06:50:26.261000,NOT_SPECIFIED_IN_WORKBOOK,2697
356,34.7015691,32.5274418,2022-05-22T06:50:30.286000,NOT_SPECIFIED_IN_WORKBOOK,2698
356,34.7015691,32.5274418,2022-05-22T06:50:34.271000,NOT_SPECIFIED_IN_WORKBOOK,2699
356,34.7015691,32.5274418,2022-05-22T06:50:39.261000,NOT_SPECIFIED_IN_WORKBOOK,2700
356,34.7015691,32.5274418,2022-05-22T06:50:43.280000,NOT_SPECIFIED_IN_WORKBOOK,2701
356,34.7015691,32.5274418,2022-05-22T06:50:48.269000,NOT_SPECIFIED_IN_WORKBOOK,2702
356,34.7015691,32.5274418,2022-05-22T06:50:52.284000,NOT_SPECIFIED_IN_WORKBOOK,2703
356,34.7015689,32.5274402,2022-05-22T06:50:56.272000,NOT_SPECIFIED_IN_WORKBOOK,2704
356,34.7015689,32.5274402,2022-05-22T06:51:01.252000,NOT_SPECIFIED_IN_WORKBOOK,2705
356,34.7015689,32.5274402,2022-05-22T06:51:05.269000,NOT_SPECIFIED_IN_WORKBOOK,2706
356,34.7015704,32.5274357,2022-05-22T06:51:09.278000,NOT_SPECIFIED_IN_WORKBOOK,2707
356,34.7015704,32.5274357,2022-05-22T06:51:14.273000,NOT_SPECIFIED_IN_WORKBOOK,2708
356,34.7015704,32.5274357,2022-05-22T06:51:19.273000,NOT_SPECIFIED_IN_WORKBOOK,2709
356,34.7015704,32.5274357,2022-05-22T06:51:23.288000,NOT_SPECIFIED_IN_WORKBOOK,2710
356,34.7015704,32.5274357,2022-05-22T06:51:28.277000,NOT_SPECIFIED_IN_WORKBOOK,2711
356,34.7015684,32.5274347,2022-05-22T06:51:33.336000,NOT_SPECIFIED_IN_WORKBOOK,2712
356,34.7015693,32.5274345,2022-05-22T06:51:38.257000,NOT_SPECIFIED_IN_WORKBOOK,2713
356,34.7015692,32.5274345,2022-05-22T06:51:42.256000,NOT_SPECIFIED_IN_WORKBOOK,2714
356,34.7015691,32.5274335,2022-05-22T06:51:47.264000,NOT_SPECIFIED_IN_WORKBOOK,2715
356,34.701569,32.5274327,2022-05-22T06:51:51.259000,NOT_SPECIFIED_IN_WORKBOOK,2716
356,34.7015655,32.5274252,2022-05-22T06:51:55.274000,NOT_SPECIFIED_IN_WORKBOOK,2717
356,34.7015677,32.5274234,2022-05-22T06:51:59.275000,NOT_SPECIFIED_IN_WORKBOOK,2718
356,34.7015675,32.5274309,2022-05-22T06:52:04.286000,NOT_SPECIFIED_IN_WORKBOOK,2719
356,34.7015698,32.5274336,2022-05-22T06:52:09.267000,NOT_SPECIFIED_IN_WORKBOOK,2720
356,34.7015696,32.5274337,2022-05-22T06:52:13.266000,NOT_SPECIFIED_IN_WORKBOOK,2721
356,34.7015696,32.5274337,2022-05-22T06:52:17.276000,NOT_SPECIFIED_IN_WORKBOOK,2722
356,34.7015696,32.5274337,2022-05-22T06:52:22.263000,NOT_SPECIFIED_IN_WORKBOOK,2723
356,34.7015696,32.5274337,2022-05-22T06:52:26.291000,NOT_SPECIFIED_IN_WORKBOOK,2724
356,34.7015696,32.5274337,2022-05-22T06:52:31.269000,NOT_SPECIFIED_IN_WORKBOOK,2725
356,34.7015696,32.5274337,2022-05-22T06:52:36.256000,NOT_SPECIFIED_IN_WORKBOOK,2726
356,34.7015696,32.5274337,2022-05-22T06:52:40.265000,NOT_SPECIFIED_IN_WORKBOOK,2727
356,34.7015696,32.5274337,2022-05-22T06:52:45.268000,NOT_SPECIFIED_IN_WORKBOOK,2728
356,34.7015696,32.5274337,2022-05-22T06:52:49.275000,NOT_SPECIFIED_IN_WORKBOOK,2729
356,34.7015696,32.5274337,2022-05-22T06:52:54.000000,NOT_SPECIFIED_IN_WORKBOOK,2730
356,34.7015696,32.5274337,2022-05-22T06:52:58.472000,NOT_SPECIFIED_IN_WORKBOOK,2731
356,34.7015696,32.5274337,2022-05-22T06:53:03.259000,NOT_SPECIFIED_IN_WORKBOOK,2732
356,34.7015696,32.5274337,2022-05-22T06:53:08.270000,NOT_SPECIFIED_IN_WORKBOOK,2733
356,34.7015585,32.5274315,2022-05-22T06:53:12.252000,NOT_SPECIFIED_IN_WORKBOOK,2734
356,34.7015515,32.5274285,2022-05-22T06:53:16.291000,NOT_SPECIFIED_IN_WORKBOOK,2735
356,34.7015515,32.5274295,2022-05-22T06:53:20.339000,NOT_SPECIFIED_IN_WORKBOOK,2736
356,34.7015579,32.5274375,2022-05-22T06:53:24.329000,NOT_SPECIFIED_IN_WORKBOOK,2737
356,34.7015574,32.5274385,2022-05-22T06:53:29.258000,NOT_SPECIFIED_IN_WORKBOOK,2738
356,34.701557,32.5274384,2022-05-22T06:53:33.299000,NOT_SPECIFIED_IN_WORKBOOK,2739
356,34.7015571,32.5274384,2022-05-22T06:53:38.276000,NOT_SPECIFIED_IN_WORKBOOK,2740
356,34.7015571,32.5274384,2022-05-22T06:53:43.247000,NOT_SPECIFIED_IN_WORKBOOK,2741
356,34.7015571,32.5274384,2022-05-22T06:53:48.256000,NOT_SPECIFIED_IN_WORKBOOK,2742
356,34.7015571,32.5274384,2022-05-22T06:53:52.289000,NOT_SPECIFIED_IN_WORKBOOK,2743
356,34.7015571,32.5274384,2022-05-22T06:53:57.277000,NOT_SPECIFIED_IN_WORKBOOK,2744
356,34.7015571,32.5274384,2022-05-22T06:54:01.276000,NOT_SPECIFIED_IN_WORKBOOK,2745
356,34.7015571,32.5274384,2022-05-22T06:54:06.309000,NOT_SPECIFIED_IN_WORKBOOK,2746
356,34.7015571,32.5274384,2022-05-22T06:54:11.250000,NOT_SPECIFIED_IN_WORKBOOK,2747
356,34.7015571,32.5274384,2022-05-22T06:54:15.284000,NOT_SPECIFIED_IN_WORKBOOK,2748
356,34.7015571,32.5274384,2022-05-22T06:54:19.311000,NOT_SPECIFIED_IN_WORKBOOK,2749
356,34.7015719,32.5274492,2022-05-22T06:54:24.294000,NOT_SPECIFIED_IN_WORKBOOK,2750
356,34.7015735,32.5274636,2022-05-22T06:54:28.335000,NOT_SPECIFIED_IN_WORKBOOK,2751
356,34.7015728,32.5274649,2022-05-22T06:54:32.348000,NOT_SPECIFIED_IN_WORKBOOK,2752
356,34.7015729,32.527465,2022-05-22T06:54:36.354000,NOT_SPECIFIED_IN_WORKBOOK,2753
356,34.7015729,32.527465,2022-05-22T06:54:41.339000,NOT_SPECIFIED_IN_WORKBOOK,2754
356,34.7015729,32.527465,2022-05-22T06:54:45.335000,NOT_SPECIFIED_IN_WORKBOOK,2755
356,34.701567,32.5274615,2022-05-22T06:54:50.336000,NOT_SPECIFIED_IN_WORKBOOK,2756
356,34.7015644,32.5274597,2022-05-22T06:54:55.292000,NOT_SPECIFIED_IN_WORKBOOK,2757
356,34.7015649,32.5274596,2022-05-22T06:54:59.348000,NOT_SPECIFIED_IN_WORKBOOK,2758
356,34.7015649,32.5274596,2022-05-22T06:55:04.307000,NOT_SPECIFIED_IN_WORKBOOK,2759
356,34.7015649,32.5274596,2022-05-22T06:55:08.310000,NOT_SPECIFIED_IN_WORKBOOK,2760
356,34.7015649,32.5274596,2022-05-22T06:55:13.292000,NOT_SPECIFIED_IN_WORKBOOK,2761
356,34.7015649,32.5274596,2022-05-22T06:55:17.318000,NOT_SPECIFIED_IN_WORKBOOK,2762
356,34.7015601,32.5274624,2022-05-22T06:55:22.309000,NOT_SPECIFIED_IN_WORKBOOK,2763
356,34.7015754,32.5274098,2022-05-22T06:55:26.000000,NOT_SPECIFIED_IN_WORKBOOK,2764
356,34.7015756,32.5274065,2022-05-22T06:55:31.330000,NOT_SPECIFIED_IN_WORKBOOK,2765
356,34.7015756,32.5274065,2022-05-22T06:55:36.332000,NOT_SPECIFIED_IN_WORKBOOK,2766
356,34.7015821,32.5274127,2022-05-22T06:55:41.354000,NOT_SPECIFIED_IN_WORKBOOK,2767
356,34.7015851,32.5274219,2022-05-22T06:55:46.352000,NOT_SPECIFIED_IN_WORKBOOK,2768
356,34.7015801,32.5274247,2022-05-22T06:55:50.343000,NOT_SPECIFIED_IN_WORKBOOK,2769
356,34.7015731,32.5274301,2022-05-22T06:55:54.345000,NOT_SPECIFIED_IN_WORKBOOK,2770
356,34.7015754,32.527442,2022-05-22T06:55:59.344000,NOT_SPECIFIED_IN_WORKBOOK,2771
356,34.7015754,32.5274423,2022-05-22T06:56:03.326000,NOT_SPECIFIED_IN_WORKBOOK,2772
356,34.7015754,32.5274423,2022-05-22T06:56:07.361000,NOT_SPECIFIED_IN_WORKBOOK,2773
356,34.7015754,32.5274423,2022-05-22T06:56:12.300000,NOT_SPECIFIED_IN_WORKBOOK,2774
356,34.7015754,32.5274423,2022-05-22T06:56:16.336000,NOT_SPECIFIED_IN_WORKBOOK,2775
356,34.7015738,32.5274542,2022-05-22T06:56:20.332000,NOT_SPECIFIED_IN_WORKBOOK,2776
356,34.7015757,32.527455,2022-05-22T06:56:25.341000,NOT_SPECIFIED_IN_WORKBOOK,2777
356,34.7015768,32.5274543,2022-05-22T06:56:30.313000,NOT_SPECIFIED_IN_WORKBOOK,2778
356,34.7015766,32.5274543,2022-05-22T06:56:34.332000,NOT_SPECIFIED_IN_WORKBOOK,2779
356,34.7015766,32.5274543,2022-05-22T06:56:38.357000,NOT_SPECIFIED_IN_WORKBOOK,2780
356,34.7015766,32.5274543,2022-05-22T06:56:43.321000,NOT_SPECIFIED_IN_WORKBOOK,2781
356,34.7015766,32.5274543,2022-05-22T06:56:48.296000,NOT_SPECIFIED_IN_WORKBOOK,2782
356,34.7015766,32.5274543,2022-05-22T06:56:52.320000,NOT_SPECIFIED_IN_WORKBOOK,2783
356,34.7015766,32.5274543,2022-05-22T06:56:56.331000,NOT_SPECIFIED_IN_WORKBOOK,2784
356,34.7015766,32.5274543,2022-05-22T06:57:00.348000,NOT_SPECIFIED_IN_WORKBOOK,2785
356,34.7015766,32.5274543,2022-05-22T06:57:05.224000,NOT_SPECIFIED_IN_WORKBOOK,2786
356,34.7015766,32.5274543,2022-05-22T06:57:09.252000,NOT_SPECIFIED_IN_WORKBOOK,2787
356,34.7015766,32.5274543,2022-05-22T06:57:13.284000,NOT_SPECIFIED_IN_WORKBOOK,2788
356,34.7015624,32.5274496,2022-05-22T06:57:18.250000,NOT_SPECIFIED_IN_WORKBOOK,2789
356,34.7015624,32.5274496,2022-05-22T06:57:22.241000,NOT_SPECIFIED_IN_WORKBOOK,2790
356,34.7015624,32.5274496,2022-05-22T06:57:26.252000,NOT_SPECIFIED_IN_WORKBOOK,2791
356,34.7015624,32.5274496,2022-05-22T06:57:31.231000,NOT_SPECIFIED_IN_WORKBOOK,2792
356,34.7015624,32.5274496,2022-05-22T06:57:35.298000,NOT_SPECIFIED_IN_WORKBOOK,2793
356,34.7015601,32.5274516,2022-05-22T06:57:39.319000,NOT_SPECIFIED_IN_WORKBOOK,2794
356,34.701559,32.5274545,2022-05-22T06:57:43.337000,NOT_SPECIFIED_IN_WORKBOOK,2795
356,34.7015591,32.527455,2022-05-22T06:57:48.337000,NOT_SPECIFIED_IN_WORKBOOK,2796
356,34.7015591,32.527455,2022-05-22T06:57:52.354000,NOT_SPECIFIED_IN_WORKBOOK,2797
356,34.7015584,32.527486,2022-05-22T06:57:57.349000,NOT_SPECIFIED_IN_WORKBOOK,2798
356,34.701555,32.5274756,2022-05-22T06:58:02.311000,NOT_SPECIFIED_IN_WORKBOOK,2799
356,34.7015904,32.527437,2022-05-22T06:58:07.317000,NOT_SPECIFIED_IN_WORKBOOK,2800
356,34.7016204,32.5274716,2022-05-22T06:58:12.332000,NOT_SPECIFIED_IN_WORKBOOK,2801
356,34.7016589,32.5275101,2022-05-22T06:58:17.348000,NOT_SPECIFIED_IN_WORKBOOK,2802
356,34.7016828,32.5275337,2022-05-22T06:58:21.346000,NOT_SPECIFIED_IN_WORKBOOK,2803
356,34.7016879,32.5275448,2022-05-22T06:58:25.346000,NOT_SPECIFIED_IN_WORKBOOK,2804
356,34.7017026,32.5275849,2022-05-22T06:58:30.090000,NOT_SPECIFIED_IN_WORKBOOK,2805
356,34.701716,32.5276006,2022-05-22T06:58:34.333000,NOT_SPECIFIED_IN_WORKBOOK,2806
356,34.7017225,32.5276165,2022-05-22T06:58:39.335000,NOT_SPECIFIED_IN_WORKBOOK,2807
356,34.7017342,32.5276197,2022-05-22T06:58:44.349000,NOT_SPECIFIED_IN_WORKBOOK,2808
356,34.7017416,32.5276369,2022-05-22T06:58:49.332000,NOT_SPECIFIED_IN_WORKBOOK,2809
356,34.7017443,32.5276427,2022-05-22T06:58:53.328000,NOT_SPECIFIED_IN_WORKBOOK,2810
356,34.7017474,32.5276531,2022-05-22T06:58:57.484000,NOT_SPECIFIED_IN_WORKBOOK,2811
356,34.7017667,32.527664,2022-05-22T06:59:02.291000,NOT_SPECIFIED_IN_WORKBOOK,2812
356,34.7017725,32.527666,2022-05-22T06:59:06.334000,NOT_SPECIFIED_IN_WORKBOOK,2813
356,34.7017739,32.527668,2022-05-22T06:59:10.333000,NOT_SPECIFIED_IN_WORKBOOK,2814
356,34.7017756,32.5276683,2022-05-22T06:59:14.353000,NOT_SPECIFIED_IN_WORKBOOK,2815
356,34.7017756,32.5276692,2022-05-22T06:59:19.328000,NOT_SPECIFIED_IN_WORKBOOK,2816
356,34.7017739,32.5276697,2022-05-22T06:59:23.338000,NOT_SPECIFIED_IN_WORKBOOK,2817
356,34.7017741,32.5276698,2022-05-22T06:59:28.337000,NOT_SPECIFIED_IN_WORKBOOK,2818
356,34.7017741,32.5276698,2022-05-22T06:59:33.350000,NOT_SPECIFIED_IN_WORKBOOK,2819
356,34.7017741,32.5276698,2022-05-22T06:59:38.347000,NOT_SPECIFIED_IN_WORKBOOK,2820
356,34.7017692,32.5276695,2022-05-22T06:59:43.327000,NOT_SPECIFIED_IN_WORKBOOK,2821
356,34.7017634,32.5276674,2022-05-22T06:59:48.309000,NOT_SPECIFIED_IN_WORKBOOK,2822
356,34.7017584,32.5276716,2022-05-22T06:59:52.340000,NOT_SPECIFIED_IN_WORKBOOK,2823
356,34.701719,32.527669,2022-05-22T06:59:56.335000,NOT_SPECIFIED_IN_WORKBOOK,2824
356,34.7016769,32.527694,2022-05-22T07:00:01.019000,NOT_SPECIFIED_IN_WORKBOOK,2825
356,34.7016732,32.5277263,2022-05-22T07:00:05.322000,NOT_SPECIFIED_IN_WORKBOOK,2826
356,34.7016698,32.5277292,2022-05-22T07:00:09.966000,NOT_SPECIFIED_IN_WORKBOOK,2827
356,34.7016432,32.5277797,2022-05-22T07:00:14.310000,NOT_SPECIFIED_IN_WORKBOOK,2828
356,34.7016159,32.5278374,2022-05-22T07:00:18.688000,NOT_SPECIFIED_IN_WORKBOOK,2829
356,34.7016112,32.5278866,2022-05-22T07:00:23.017000,NOT_SPECIFIED_IN_WORKBOOK,2830
356,34.7016542,32.5279101,2022-05-22T07:00:27.084000,NOT_SPECIFIED_IN_WORKBOOK,2831
356,34.7016716,32.5279253,2022-05-22T07:00:31.326000,NOT_SPECIFIED_IN_WORKBOOK,2832
356,34.7016464,32.5279349,2022-05-22T07:00:35.339000,NOT_SPECIFIED_IN_WORKBOOK,2833
356,34.701611,32.5279486,2022-05-22T07:00:39.807000,NOT_SPECIFIED_IN_WORKBOOK,2834
356,34.7015991,32.5279418,2022-05-22T07:00:44.311000,NOT_SPECIFIED_IN_WORKBOOK,2835
356,34.7016017,32.5279373,2022-05-22T07:00:48.330000,NOT_SPECIFIED_IN_WORKBOOK,2836
356,34.7016031,32.5279343,2022-05-22T07:00:52.812000,NOT_SPECIFIED_IN_WORKBOOK,2837
356,34.701573,32.5279193,2022-05-22T07:00:57.213000,NOT_SPECIFIED_IN_WORKBOOK,2838
356,34.7015199,32.5279206,2022-05-22T07:01:01.332000,NOT_SPECIFIED_IN_WORKBOOK,2839
356,34.7014915,32.5279256,2022-05-22T07:01:05.328000,NOT_SPECIFIED_IN_WORKBOOK,2840
356,34.7014859,32.5279488,2022-05-22T07:01:10.312000,NOT_SPECIFIED_IN_WORKBOOK,2841
356,34.7014657,32.5279415,2022-05-22T07:01:14.652000,NOT_SPECIFIED_IN_WORKBOOK,2842
356,34.7014273,32.5279214,2022-05-22T07:01:19.106000,NOT_SPECIFIED_IN_WORKBOOK,2843
356,34.7013881,32.5279334,2022-05-22T07:01:23.147000,NOT_SPECIFIED_IN_WORKBOOK,2844
356,34.7013506,32.5279343,2022-05-22T07:01:27.247000,NOT_SPECIFIED_IN_WORKBOOK,2845
356,34.701306,32.5279356,2022-05-22T07:01:32.017000,NOT_SPECIFIED_IN_WORKBOOK,2846
356,34.7012618,32.5279397,2022-05-22T07:01:36.121000,NOT_SPECIFIED_IN_WORKBOOK,2847
356,34.7012404,32.5279589,2022-05-22T07:01:40.276000,NOT_SPECIFIED_IN_WORKBOOK,2848
356,34.7012396,32.5279706,2022-05-22T07:01:44.352000,NOT_SPECIFIED_IN_WORKBOOK,2849
356,34.701184,32.5279685,2022-05-22T07:01:49.198000,NOT_SPECIFIED_IN_WORKBOOK,2850
356,34.7011339,32.5280065,2022-05-22T07:01:53.249000,NOT_SPECIFIED_IN_WORKBOOK,2851
356,34.701138,32.5280587,2022-05-22T07:01:57.305000,NOT_SPECIFIED_IN_WORKBOOK,2852
356,34.7011377,32.5281012,2022-05-22T07:02:01.336000,NOT_SPECIFIED_IN_WORKBOOK,2853
356,34.7011374,32.5281567,2022-05-22T07:02:05.631000,NOT_SPECIFIED_IN_WORKBOOK,2854
356,34.7011466,32.528217,2022-05-22T07:02:09.963000,NOT_SPECIFIED_IN_WORKBOOK,2855
356,34.7011561,32.5282707,2022-05-22T07:02:14.320000,NOT_SPECIFIED_IN_WORKBOOK,2856
356,34.7011672,32.5283214,2022-05-22T07:02:18.636000,NOT_SPECIFIED_IN_WORKBOOK,2857
356,34.7011668,32.5283397,2022-05-22T07:02:22.921000,NOT_SPECIFIED_IN_WORKBOOK,2858
356,34.7011674,32.5283589,2022-05-22T07:02:27.041000,NOT_SPECIFIED_IN_WORKBOOK,2859
356,34.7011735,32.5284159,2022-05-22T07:02:31.061000,NOT_SPECIFIED_IN_WORKBOOK,2860
356,34.7011831,32.5284731,2022-05-22T07:02:35.266000,NOT_SPECIFIED_IN_WORKBOOK,2861
356,34.7011954,32.5285213,2022-05-22T07:02:39.329000,NOT_SPECIFIED_IN_WORKBOOK,2862
356,34.7012053,32.5285544,2022-05-22T07:02:44.344000,NOT_SPECIFIED_IN_WORKBOOK,2863
356,34.7011989,32.5285494,2022-05-22T07:02:48.323000,NOT_SPECIFIED_IN_WORKBOOK,2864
356,34.7011948,32.5285488,2022-05-22T07:02:53.321000,NOT_SPECIFIED_IN_WORKBOOK,2865
356,34.7011887,32.5285519,2022-05-22T07:02:57.749000,NOT_SPECIFIED_IN_WORKBOOK,2866
356,34.7011449,32.5285564,2022-05-22T07:03:01.935000,NOT_SPECIFIED_IN_WORKBOOK,2867
356,34.7010903,32.5285637,2022-05-22T07:03:06.211000,NOT_SPECIFIED_IN_WORKBOOK,2868
356,34.7010464,32.5285846,2022-05-22T07:03:10.284000,NOT_SPECIFIED_IN_WORKBOOK,2869
356,34.7009897,32.5285781,2022-05-22T07:03:14.920000,NOT_SPECIFIED_IN_WORKBOOK,2870
356,34.7009777,32.5285556,2022-05-22T07:03:19.270000,NOT_SPECIFIED_IN_WORKBOOK,2871
356,34.7009885,32.52856,2022-05-22T07:03:23.330000,NOT_SPECIFIED_IN_WORKBOOK,2872
356,34.7009915,32.5285595,2022-05-22T07:03:28.341000,NOT_SPECIFIED_IN_WORKBOOK,2873
356,34.7009919,32.5285605,2022-05-22T07:03:33.339000,NOT_SPECIFIED_IN_WORKBOOK,2874
356,34.7009934,32.5285659,2022-05-22T07:03:37.324000,NOT_SPECIFIED_IN_WORKBOOK,2875
356,34.7009903,32.5285683,2022-05-22T07:03:42.304000,NOT_SPECIFIED_IN_WORKBOOK,2876
356,34.7009768,32.5285382,2022-05-22T07:03:46.763000,NOT_SPECIFIED_IN_WORKBOOK,2877
356,34.700971,32.5284755,2022-05-22T07:03:50.920000,NOT_SPECIFIED_IN_WORKBOOK,2878
356,34.7009502,32.5284246,2022-05-22T07:03:55.335000,NOT_SPECIFIED_IN_WORKBOOK,2879
356,34.7009034,32.5284011,2022-05-22T07:03:59.737000,NOT_SPECIFIED_IN_WORKBOOK,2880
356,34.7008873,32.5283514,2022-05-22T07:04:04.122000,NOT_SPECIFIED_IN_WORKBOOK,2881
356,34.7008919,32.5283281,2022-05-22T07:04:08.321000,NOT_SPECIFIED_IN_WORKBOOK,2882
356,34.7009032,32.5283276,2022-05-22T07:04:12.336000,NOT_SPECIFIED_IN_WORKBOOK,2883
356,34.7009034,32.5283213,2022-05-22T07:04:17.333000,NOT_SPECIFIED_IN_WORKBOOK,2884
356,34.7009005,32.5283165,2022-05-22T07:04:21.323000,NOT_SPECIFIED_IN_WORKBOOK,2885
356,34.7008941,32.5283093,2022-05-22T07:04:25.345000,NOT_SPECIFIED_IN_WORKBOOK,2886
356,34.7008371,32.5283057,2022-05-22T07:04:29.767000,NOT_SPECIFIED_IN_WORKBOOK,2887
356,34.7008108,32.5283096,2022-05-22T07:04:33.787000,NOT_SPECIFIED_IN_WORKBOOK,2888
356,34.7007721,32.5283382,2022-05-22T07:04:38.273000,NOT_SPECIFIED_IN_WORKBOOK,2889
356,34.7007442,32.5283321,2022-05-22T07:04:42.261000,NOT_SPECIFIED_IN_WORKBOOK,2890
356,34.7007433,32.5283272,2022-05-22T07:04:46.326000,NOT_SPECIFIED_IN_WORKBOOK,2891
356,34.7007432,32.5283287,2022-05-22T07:04:50.333000,NOT_SPECIFIED_IN_WORKBOOK,2892
356,34.7007446,32.5283254,2022-05-22T07:04:55.333000,NOT_SPECIFIED_IN_WORKBOOK,2893
356,34.7007469,32.5283232,2022-05-22T07:04:59.326000,NOT_SPECIFIED_IN_WORKBOOK,2894
356,34.7007515,32.5283276,2022-05-22T07:05:04.323000,NOT_SPECIFIED_IN_WORKBOOK,2895
356,34.7007519,32.5283279,2022-05-22T07:05:09.332000,NOT_SPECIFIED_IN_WORKBOOK,2896
356,34.7007523,32.5283279,2022-05-22T07:05:14.336000,NOT_SPECIFIED_IN_WORKBOOK,2897
356,34.7007527,32.5283279,2022-05-22T07:05:19.349000,NOT_SPECIFIED_IN_WORKBOOK,2898
356,34.7007527,32.5283279,2022-05-22T07:05:23.339000,NOT_SPECIFIED_IN_WORKBOOK,2899
356,34.7007527,32.5283279,2022-05-22T07:05:28.324000,NOT_SPECIFIED_IN_WORKBOOK,2900
356,34.7007527,32.5283279,2022-05-22T07:05:32.357000,NOT_SPECIFIED_IN_WORKBOOK,2901
356,34.7007527,32.5283279,2022-05-22T07:05:36.351000,NOT_SPECIFIED_IN_WORKBOOK,2902
356,34.7007527,32.5283279,2022-05-22T07:05:41.330000,NOT_SPECIFIED_IN_WORKBOOK,2903
356,34.7007527,32.5283279,2022-05-22T07:05:46.350000,NOT_SPECIFIED_IN_WORKBOOK,2904
356,34.7007571,32.5283291,2022-05-22T07:05:51.314000,NOT_SPECIFIED_IN_WORKBOOK,2905
356,34.7007791,32.5283518,2022-05-22T07:05:55.334000,NOT_SPECIFIED_IN_WORKBOOK,2906
356,34.7007628,32.5284352,2022-05-22T07:05:59.774000,NOT_SPECIFIED_IN_WORKBOOK,2907
356,34.700766,32.5284791,2022-05-22T07:06:04.329000,NOT_SPECIFIED_IN_WORKBOOK,2908
356,34.7007472,32.5284921,2022-05-22T07:06:09.331000,NOT_SPECIFIED_IN_WORKBOOK,2909
356,34.7007551,32.5285393,2022-05-22T07:06:14.232000,NOT_SPECIFIED_IN_WORKBOOK,2910
356,34.7007496,32.5285685,2022-05-22T07:06:19.025000,NOT_SPECIFIED_IN_WORKBOOK,2911
356,34.7007544,32.5285671,2022-05-22T07:06:23.152000,NOT_SPECIFIED_IN_WORKBOOK,2912
356,34.7007662,32.5285838,2022-05-22T07:06:27.329000,NOT_SPECIFIED_IN_WORKBOOK,2913
356,34.7007619,32.528595,2022-05-22T07:06:32.331000,NOT_SPECIFIED_IN_WORKBOOK,2914
356,34.7007609,32.5285962,2022-05-22T07:06:36.889000,NOT_SPECIFIED_IN_WORKBOOK,2915
356,34.7007518,32.5285796,2022-05-22T07:06:41.343000,NOT_SPECIFIED_IN_WORKBOOK,2916
356,34.7007313,32.5285573,2022-05-22T07:06:45.806000,NOT_SPECIFIED_IN_WORKBOOK,2917
356,34.700707,32.5285206,2022-05-22T07:06:50.216000,NOT_SPECIFIED_IN_WORKBOOK,2918
356,34.7006907,32.528482,2022-05-22T07:06:54.325000,NOT_SPECIFIED_IN_WORKBOOK,2919
356,34.7006726,32.528445,2022-05-22T07:06:58.300000,NOT_SPECIFIED_IN_WORKBOOK,2920
356,34.7006261,32.5284151,2022-05-22T07:07:03.125000,NOT_SPECIFIED_IN_WORKBOOK,2921
356,34.7006446,32.5283594,2022-05-22T07:07:07.765000,NOT_SPECIFIED_IN_WORKBOOK,2922
356,34.7005999,32.528342,2022-05-22T07:07:11.806000,NOT_SPECIFIED_IN_WORKBOOK,2923
356,34.7005519,32.5283872,2022-05-22T07:07:16.328000,NOT_SPECIFIED_IN_WORKBOOK,2924
356,34.7005012,32.5284178,2022-05-22T07:07:21.017000,NOT_SPECIFIED_IN_WORKBOOK,2925
356,34.700521,32.5285033,2022-05-22T07:07:25.255000,NOT_SPECIFIED_IN_WORKBOOK,2926
356,34.7005312,32.5285417,2022-05-22T07:07:30.250000,NOT_SPECIFIED_IN_WORKBOOK,2927
356,34.7005331,32.5285345,2022-05-22T07:07:35.222000,NOT_SPECIFIED_IN_WORKBOOK,2928
356,34.7005364,32.5285292,2022-05-22T07:07:39.261000,NOT_SPECIFIED_IN_WORKBOOK,2929
356,34.7005422,32.5286032,2022-05-22T07:07:44.078000,NOT_SPECIFIED_IN_WORKBOOK,2930
356,34.7005238,32.5286611,2022-05-22T07:07:48.222000,NOT_SPECIFIED_IN_WORKBOOK,2931
356,34.7005168,32.5287054,2022-05-22T07:07:52.240000,NOT_SPECIFIED_IN_WORKBOOK,2932
356,34.7004687,32.5287152,2022-05-22T07:07:56.314000,NOT_SPECIFIED_IN_WORKBOOK,2933
356,34.7004332,32.5287412,2022-05-22T07:08:00.620000,NOT_SPECIFIED_IN_WORKBOOK,2934
356,34.7003923,32.5287442,2022-05-22T07:08:04.776000,NOT_SPECIFIED_IN_WORKBOOK,2935
356,34.7003499,32.5287637,2022-05-22T07:08:09.098000,NOT_SPECIFIED_IN_WORKBOOK,2936
356,34.7003177,32.5287935,2022-05-22T07:08:13.696000,NOT_SPECIFIED_IN_WORKBOOK,2937
356,34.700301,32.5288506,2022-05-22T07:08:17.909000,NOT_SPECIFIED_IN_WORKBOOK,2938
356,34.7002958,32.5288828,2022-05-22T07:08:22.255000,NOT_SPECIFIED_IN_WORKBOOK,2939
356,34.7002929,32.528889,2022-05-22T07:08:26.336000,NOT_SPECIFIED_IN_WORKBOOK,2940
356,34.7002822,32.5289164,2022-05-22T07:08:31.324000,NOT_SPECIFIED_IN_WORKBOOK,2941
356,34.7002744,32.5289496,2022-05-22T07:08:35.339000,NOT_SPECIFIED_IN_WORKBOOK,2942
356,34.7002592,32.5289986,2022-05-22T07:08:39.308000,NOT_SPECIFIED_IN_WORKBOOK,2943
356,34.7002794,32.5290576,2022-05-22T07:08:44.184000,NOT_SPECIFIED_IN_WORKBOOK,2944
356,34.7003036,32.5290967,2022-05-22T07:08:48.281000,NOT_SPECIFIED_IN_WORKBOOK,2945
356,34.700296,32.5291301,2022-05-22T07:08:53.002000,NOT_SPECIFIED_IN_WORKBOOK,2946
356,34.7002773,32.5291589,2022-05-22T07:08:57.181000,NOT_SPECIFIED_IN_WORKBOOK,2947
356,34.7002319,32.5292094,2022-05-22T07:09:02.096000,NOT_SPECIFIED_IN_WORKBOOK,2948
356,34.7001982,32.5292549,2022-05-22T07:09:06.320000,NOT_SPECIFIED_IN_WORKBOOK,2949
356,34.700193,32.5293128,2022-05-22T07:09:10.323000,NOT_SPECIFIED_IN_WORKBOOK,2950
356,34.7001884,32.5293651,2022-05-22T07:09:14.343000,NOT_SPECIFIED_IN_WORKBOOK,2951
356,34.7001834,32.5293765,2022-05-22T07:09:18.836000,NOT_SPECIFIED_IN_WORKBOOK,2952
356,34.7001609,32.5294317,2022-05-22T07:09:23.346000,NOT_SPECIFIED_IN_WORKBOOK,2953
356,34.7001484,32.5294911,2022-05-22T07:09:27.734000,NOT_SPECIFIED_IN_WORKBOOK,2954
356,34.7001395,32.5295011,2022-05-22T07:09:32.348000,NOT_SPECIFIED_IN_WORKBOOK,2955
356,34.7001175,32.5295421,2022-05-22T07:09:36.662000,NOT_SPECIFIED_IN_WORKBOOK,2956
356,34.7000841,32.5295913,2022-05-22T07:09:41.318000,NOT_SPECIFIED_IN_WORKBOOK,2957
356,34.7000543,32.5296393,2022-05-22T07:09:46.253000,NOT_SPECIFIED_IN_WORKBOOK,2958
356,34.700024,32.5296914,2022-05-22T07:09:51.070000,NOT_SPECIFIED_IN_WORKBOOK,2959
356,34.6999954,32.5297261,2022-05-22T07:09:55.327000,NOT_SPECIFIED_IN_WORKBOOK,2960
356,34.6999863,32.5297291,2022-05-22T07:09:59.908000,NOT_SPECIFIED_IN_WORKBOOK,2961
356,34.6999617,32.529759,2022-05-22T07:10:03.984000,NOT_SPECIFIED_IN_WORKBOOK,2962
356,34.6999405,32.5298165,2022-05-22T07:10:08.765000,NOT_SPECIFIED_IN_WORKBOOK,2963
356,34.6999313,32.5298647,2022-05-22T07:10:12.893000,NOT_SPECIFIED_IN_WORKBOOK,2964
356,34.6999189,32.5299336,2022-05-22T07:10:18.165000,NOT_SPECIFIED_IN_WORKBOOK,2965
356,34.6999058,32.5299807,2022-05-22T07:10:22.331000,NOT_SPECIFIED_IN_WORKBOOK,2966
356,34.6999183,32.5300155,2022-05-22T07:10:26.964000,NOT_SPECIFIED_IN_WORKBOOK,2967
356,34.699935,32.5300526,2022-05-22T07:10:31.312000,NOT_SPECIFIED_IN_WORKBOOK,2968
356,34.6999486,32.5301032,2022-05-22T07:10:36.200000,NOT_SPECIFIED_IN_WORKBOOK,2969
356,34.6999485,32.5301426,2022-05-22T07:10:40.741000,NOT_SPECIFIED_IN_WORKBOOK,2970
356,34.6999619,32.5301741,2022-05-22T07:10:45.324000,NOT_SPECIFIED_IN_WORKBOOK,2971
356,34.6999473,32.5302022,2022-05-22T07:10:49.981000,NOT_SPECIFIED_IN_WORKBOOK,2972
356,34.6999082,32.5302287,2022-05-22T07:10:54.219000,NOT_SPECIFIED_IN_WORKBOOK,2973
356,34.6998718,32.5302741,2022-05-22T07:10:58.801000,NOT_SPECIFIED_IN_WORKBOOK,2974
356,34.6998385,32.5303119,2022-05-22T07:11:03.117000,NOT_SPECIFIED_IN_WORKBOOK,2975
356,34.6997943,32.5303546,2022-05-22T07:11:08.270000,NOT_SPECIFIED_IN_WORKBOOK,2976
356,34.6997545,32.5304084,2022-05-22T07:11:13.333000,NOT_SPECIFIED_IN_WORKBOOK,2977
356,34.6996878,32.5303967,2022-05-22T07:11:18.348000,NOT_SPECIFIED_IN_WORKBOOK,2978
356,34.6996408,32.5304169,2022-05-22T07:11:22.492000,NOT_SPECIFIED_IN_WORKBOOK,2979
356,34.6995864,32.5304512,2022-05-22T07:11:26.864000,NOT_SPECIFIED_IN_WORKBOOK,2980
356,34.6995431,32.5304812,2022-05-22T07:11:31.989000,NOT_SPECIFIED_IN_WORKBOOK,2981
356,34.6995126,32.5305362,2022-05-22T07:11:36.294000,NOT_SPECIFIED_IN_WORKBOOK,2982
356,34.699462,32.5305731,2022-05-22T07:11:40.871000,NOT_SPECIFIED_IN_WORKBOOK,2983
356,34.6994044,32.5305945,2022-05-22T07:11:45.334000,NOT_SPECIFIED_IN_WORKBOOK,2984
356,34.6993511,32.5305816,2022-05-22T07:11:49.335000,NOT_SPECIFIED_IN_WORKBOOK,2985
356,34.6992858,32.5305948,2022-05-22T07:11:54.248000,NOT_SPECIFIED_IN_WORKBOOK,2986
356,34.6992373,32.5306438,2022-05-22T07:11:59.369000,NOT_SPECIFIED_IN_WORKBOOK,2987
356,34.6992388,32.5306541,2022-05-22T07:12:04.360000,NOT_SPECIFIED_IN_WORKBOOK,2988
356,34.6992257,32.5306641,2022-05-22T07:12:08.980000,NOT_SPECIFIED_IN_WORKBOOK,2989
356,34.6992157,32.5306831,2022-05-22T07:12:13.311000,NOT_SPECIFIED_IN_WORKBOOK,2990
356,34.6992269,32.5306814,2022-05-22T07:12:17.347000,NOT_SPECIFIED_IN_WORKBOOK,2991
356,34.6992307,32.5306801,2022-05-22T07:12:21.898000,NOT_SPECIFIED_IN_WORKBOOK,2992
356,34.699226,32.5306908,2022-05-22T07:12:26.306000,NOT_SPECIFIED_IN_WORKBOOK,2993
356,34.6992281,32.5306944,2022-05-22T07:12:30.346000,NOT_SPECIFIED_IN_WORKBOOK,2994
356,34.6992284,32.5306976,2022-05-22T07:12:35.329000,NOT_SPECIFIED_IN_WORKBOOK,2995
356,34.6992283,32.530699,2022-05-22T07:12:40.333000,NOT_SPECIFIED_IN_WORKBOOK,2996
356,34.6992279,32.530698,2022-05-22T07:12:44.333000,NOT_SPECIFIED_IN_WORKBOOK,2997
356,34.6992329,32.5306929,2022-05-22T07:12:48.357000,NOT_SPECIFIED_IN_WORKBOOK,2998
356,34.6992329,32.5306924,2022-05-22T07:12:53.337000,NOT_SPECIFIED_IN_WORKBOOK,2999
356,34.6992329,32.5306924,2022-05-22T07:12:58.341000,NOT_SPECIFIED_IN_WORKBOOK,3000
356,34.6992329,32.5306924,2022-05-22T07:13:03.330000,NOT_SPECIFIED_IN_WORKBOOK,3001
356,34.6992329,32.5306924,2022-05-22T07:13:08.328000,NOT_SPECIFIED_IN_WORKBOOK,3002
356,34.6992329,32.5306924,2022-05-22T07:13:13.324000,NOT_SPECIFIED_IN_WORKBOOK,3003
356,34.6992329,32.5306924,2022-05-22T07:13:17.331000,NOT_SPECIFIED_IN_WORKBOOK,3004
356,34.6992329,32.5306924,2022-05-22T07:13:21.329000,NOT_SPECIFIED_IN_WORKBOOK,3005
356,34.6992329,32.5306924,2022-05-22T07:13:26.318000,NOT_SPECIFIED_IN_WORKBOOK,3006
356,34.6992329,32.5306924,2022-05-22T07:13:30.325000,NOT_SPECIFIED_IN_WORKBOOK,3007
356,34.6992329,32.5306924,2022-05-22T07:13:34.343000,NOT_SPECIFIED_IN_WORKBOOK,3008
356,34.6992329,32.5306924,2022-05-22T07:13:39.322000,NOT_SPECIFIED_IN_WORKBOOK,3009
356,34.6992329,32.5306924,2022-05-22T07:13:44.343000,NOT_SPECIFIED_IN_WORKBOOK,3010
356,34.6992329,32.5306924,2022-05-22T07:13:49.346000,NOT_SPECIFIED_IN_WORKBOOK,3011
356,34.6992329,32.5306924,2022-05-22T07:13:53.327000,NOT_SPECIFIED_IN_WORKBOOK,3012
356,34.6992329,32.5306924,2022-05-22T07:13:58.345000,NOT_SPECIFIED_IN_WORKBOOK,3013
356,34.6992329,32.5306924,2022-05-22T07:14:02.320000,NOT_SPECIFIED_IN_WORKBOOK,3014
356,34.6992329,32.5306924,2022-05-22T07:14:07.319000,NOT_SPECIFIED_IN_WORKBOOK,3015
356,34.6992329,32.5306924,2022-05-22T07:14:11.327000,NOT_SPECIFIED_IN_WORKBOOK,3016
356,34.6992329,32.5306924,2022-05-22T07:14:16.237000,NOT_SPECIFIED_IN_WORKBOOK,3017
356,34.6992329,32.5306924,2022-05-22T07:14:20.354000,NOT_SPECIFIED_IN_WORKBOOK,3018
356,34.6992329,32.5306924,2022-05-22T07:14:25.350000,NOT_SPECIFIED_IN_WORKBOOK,3019
356,34.6992329,32.5306924,2022-05-22T07:14:30.340000,NOT_SPECIFIED_IN_WORKBOOK,3020
356,34.6992329,32.5306924,2022-05-22T07:14:34.337000,NOT_SPECIFIED_IN_WORKBOOK,3021
356,34.6992329,32.5306924,2022-05-22T07:14:39.321000,NOT_SPECIFIED_IN_WORKBOOK,3022
356,34.6992329,32.5306924,2022-05-22T07:14:43.342000,NOT_SPECIFIED_IN_WORKBOOK,3023
356,34.6992329,32.5306924,2022-05-22T07:14:47.334000,NOT_SPECIFIED_IN_WORKBOOK,3024
356,34.6992329,32.5306924,2022-05-22T07:14:52.340000,NOT_SPECIFIED_IN_WORKBOOK,3025
356,34.6992329,32.5306924,2022-05-22T07:14:56.356000,NOT_SPECIFIED_IN_WORKBOOK,3026
356,34.6992329,32.5306924,2022-05-22T07:15:01.337000,NOT_SPECIFIED_IN_WORKBOOK,3027
356,34.6992329,32.5306924,2022-05-22T07:15:05.337000,NOT_SPECIFIED_IN_WORKBOOK,3028
356,34.6992329,32.5306924,2022-05-22T07:15:10.320000,NOT_SPECIFIED_IN_WORKBOOK,3029
356,34.6992329,32.5306924,2022-05-22T07:15:14.328000,NOT_SPECIFIED_IN_WORKBOOK,3030
356,34.6992329,32.5306924,2022-05-22T07:15:19.320000,NOT_SPECIFIED_IN_WORKBOOK,3031
356,34.6992329,32.5306924,2022-05-22T07:15:23.326000,NOT_SPECIFIED_IN_WORKBOOK,3032
356,34.6992329,32.5306924,2022-05-22T07:15:28.323000,NOT_SPECIFIED_IN_WORKBOOK,3033
356,34.6992378,32.5306881,2022-05-22T07:15:33.350000,NOT_SPECIFIED_IN_WORKBOOK,3034
356,34.6992378,32.5306881,2022-05-22T07:15:38.300000,NOT_SPECIFIED_IN_WORKBOOK,3035
356,34.6992378,32.5306881,2022-05-22T07:15:42.310000,NOT_SPECIFIED_IN_WORKBOOK,3036
356,34.6992378,32.5306881,2022-05-22T07:15:46.656000,NOT_SPECIFIED_IN_WORKBOOK,3037
356,34.6992378,32.5306881,2022-05-22T07:15:51.326000,NOT_SPECIFIED_IN_WORKBOOK,3038
356,34.6992378,32.5306881,2022-05-22T07:15:55.353000,NOT_SPECIFIED_IN_WORKBOOK,3039
356,34.6992421,32.5306834,2022-05-22T07:16:00.324000,NOT_SPECIFIED_IN_WORKBOOK,3040
356,34.6992474,32.5306793,2022-05-22T07:16:05.321000,NOT_SPECIFIED_IN_WORKBOOK,3041
356,34.6992454,32.53067,2022-05-22T07:16:10.338000,NOT_SPECIFIED_IN_WORKBOOK,3042
356,34.6992472,32.5306671,2022-05-22T07:16:15.343000,NOT_SPECIFIED_IN_WORKBOOK,3043
356,34.6992489,32.5306663,2022-05-22T07:16:20.321000,NOT_SPECIFIED_IN_WORKBOOK,3044
356,34.6992489,32.5306663,2022-05-22T07:16:24.323000,NOT_SPECIFIED_IN_WORKBOOK,3045
356,34.6992489,32.5306663,2022-05-22T07:16:28.332000,NOT_SPECIFIED_IN_WORKBOOK,3046
356,34.6992489,32.5306663,2022-05-22T07:16:33.321000,NOT_SPECIFIED_IN_WORKBOOK,3047
356,34.6992489,32.5306663,2022-05-22T07:16:37.318000,NOT_SPECIFIED_IN_WORKBOOK,3048
356,34.6992489,32.5306663,2022-05-22T07:16:41.319000,NOT_SPECIFIED_IN_WORKBOOK,3049
356,34.6992489,32.5306663,2022-05-22T07:16:46.326000,NOT_SPECIFIED_IN_WORKBOOK,3050
356,34.6992489,32.5306663,2022-05-22T07:16:50.357000,NOT_SPECIFIED_IN_WORKBOOK,3051
356,34.6992489,32.5306663,2022-05-22T07:16:55.310000,NOT_SPECIFIED_IN_WORKBOOK,3052
356,34.6992489,32.5306663,2022-05-22T07:16:59.329000,NOT_SPECIFIED_IN_WORKBOOK,3053
356,34.6992489,32.5306663,2022-05-22T07:17:04.332000,NOT_SPECIFIED_IN_WORKBOOK,3054
356,34.6992489,32.5306663,2022-05-22T07:17:09.323000,NOT_SPECIFIED_IN_WORKBOOK,3055
356,34.6992461,32.5306684,2022-05-22T07:17:13.329000,NOT_SPECIFIED_IN_WORKBOOK,3056
356,34.6992476,32.5306651,2022-05-22T07:17:17.345000,NOT_SPECIFIED_IN_WORKBOOK,3057
356,34.6992475,32.5306642,2022-05-22T07:17:22.333000,NOT_SPECIFIED_IN_WORKBOOK,3058
356,34.6992475,32.5306642,2022-05-22T07:17:27.339000,NOT_SPECIFIED_IN_WORKBOOK,3059
356,34.6992475,32.5306642,2022-05-22T07:17:31.363000,NOT_SPECIFIED_IN_WORKBOOK,3060
356,34.6992475,32.5306642,2022-05-22T07:17:36.323000,NOT_SPECIFIED_IN_WORKBOOK,3061
356,34.6992475,32.5306642,2022-05-22T07:17:40.329000,NOT_SPECIFIED_IN_WORKBOOK,3062
356,34.6992475,32.5306642,2022-05-22T07:17:44.340000,NOT_SPECIFIED_IN_WORKBOOK,3063
356,34.6992475,32.5306642,2022-05-22T07:17:48.355000,NOT_SPECIFIED_IN_WORKBOOK,3064
356,34.6992475,32.5306642,2022-05-22T07:17:52.357000,NOT_SPECIFIED_IN_WORKBOOK,3065
356,34.6992475,32.5306642,2022-05-22T07:17:57.348000,NOT_SPECIFIED_IN_WORKBOOK,3066
356,34.6992475,32.5306642,2022-05-22T07:18:02.334000,NOT_SPECIFIED_IN_WORKBOOK,3067
356,34.6992475,32.5306642,2022-05-22T07:18:07.341000,NOT_SPECIFIED_IN_WORKBOOK,3068
356,34.6992475,32.5306642,2022-05-22T07:18:12.345000,NOT_SPECIFIED_IN_WORKBOOK,3069
356,34.6992475,32.5306642,2022-05-22T07:18:16.339000,NOT_SPECIFIED_IN_WORKBOOK,3070
356,34.6992482,32.5306649,2022-05-22T07:18:21.331000,NOT_SPECIFIED_IN_WORKBOOK,3071
356,34.6992542,32.5306715,2022-05-22T07:18:26.350000,NOT_SPECIFIED_IN_WORKBOOK,3072
356,34.6992545,32.5306719,2022-05-22T07:18:31.324000,NOT_SPECIFIED_IN_WORKBOOK,3073
356,34.6992545,32.5306719,2022-05-22T07:18:36.326000,NOT_SPECIFIED_IN_WORKBOOK,3074
356,34.6992545,32.5306719,2022-05-22T07:18:40.343000,NOT_SPECIFIED_IN_WORKBOOK,3075
356,34.6992545,32.5306719,2022-05-22T07:18:44.336000,NOT_SPECIFIED_IN_WORKBOOK,3076
356,34.6992545,32.5306719,2022-05-22T07:18:49.331000,NOT_SPECIFIED_IN_WORKBOOK,3077
356,34.6992545,32.5306719,2022-05-22T07:18:53.376000,NOT_SPECIFIED_IN_WORKBOOK,3078
356,34.6992545,32.5306719,2022-05-22T07:18:58.363000,NOT_SPECIFIED_IN_WORKBOOK,3079
356,34.6992545,32.5306719,2022-05-22T07:19:02.364000,NOT_SPECIFIED_IN_WORKBOOK,3080
356,34.6992545,32.5306719,2022-05-22T07:19:07.299000,NOT_SPECIFIED_IN_WORKBOOK,3081
356,34.6992545,32.5306719,2022-05-22T07:19:11.325000,NOT_SPECIFIED_IN_WORKBOOK,3082
356,34.6992545,32.5306719,2022-05-22T07:19:15.336000,NOT_SPECIFIED_IN_WORKBOOK,3083
356,34.6992545,32.5306719,2022-05-22T07:19:19.338000,NOT_SPECIFIED_IN_WORKBOOK,3084
356,34.6992545,32.5306719,2022-05-22T07:19:24.333000,NOT_SPECIFIED_IN_WORKBOOK,3085
356,34.6992545,32.5306719,2022-05-22T07:19:28.339000,NOT_SPECIFIED_IN_WORKBOOK,3086
356,34.6992545,32.5306719,2022-05-22T07:19:33.336000,NOT_SPECIFIED_IN_WORKBOOK,3087
356,34.6992545,32.5306719,2022-05-22T07:19:37.330000,NOT_SPECIFIED_IN_WORKBOOK,3088
356,34.6992545,32.5306719,2022-05-22T07:19:41.347000,NOT_SPECIFIED_IN_WORKBOOK,3089
356,34.6992545,32.5306719,2022-05-22T07:19:45.333000,NOT_SPECIFIED_IN_WORKBOOK,3090
356,34.6992545,32.5306719,2022-05-22T07:19:50.337000,NOT_SPECIFIED_IN_WORKBOOK,3091
356,34.6992545,32.5306719,2022-05-22T07:19:54.351000,NOT_SPECIFIED_IN_WORKBOOK,3092
356,34.6992545,32.5306719,2022-05-22T07:19:59.337000,NOT_SPECIFIED_IN_WORKBOOK,3093
356,34.6992545,32.5306719,2022-05-22T07:20:03.349000,NOT_SPECIFIED_IN_WORKBOOK,3094
356,34.6992545,32.5306719,2022-05-22T07:20:08.344000,NOT_SPECIFIED_IN_WORKBOOK,3095
356,34.6992545,32.5306719,2022-05-22T07:20:12.337000,NOT_SPECIFIED_IN_WORKBOOK,3096
356,34.6992545,32.5306719,2022-05-22T07:20:16.335000,NOT_SPECIFIED_IN_WORKBOOK,3097
356,34.6992545,32.5306719,2022-05-22T07:20:20.357000,NOT_SPECIFIED_IN_WORKBOOK,3098
356,34.6992545,32.5306719,2022-05-22T07:20:25.321000,NOT_SPECIFIED_IN_WORKBOOK,3099
356,34.6992593,32.5306618,2022-05-22T07:20:30.338000,NOT_SPECIFIED_IN_WORKBOOK,3100
356,34.6992664,32.5306473,2022-05-22T07:20:35.353000,NOT_SPECIFIED_IN_WORKBOOK,3101
356,34.6992669,32.5306481,2022-05-22T07:20:40.325000,NOT_SPECIFIED_IN_WORKBOOK,3102
356,34.6992665,32.5306481,2022-05-22T07:20:44.332000,NOT_SPECIFIED_IN_WORKBOOK,3103
356,34.6992665,32.5306481,2022-05-22T07:20:48.306000,NOT_SPECIFIED_IN_WORKBOOK,3104
356,34.6992665,32.5306481,2022-05-22T07:20:53.310000,NOT_SPECIFIED_IN_WORKBOOK,3105
356,34.6992665,32.5306481,2022-05-22T07:20:57.314000,NOT_SPECIFIED_IN_WORKBOOK,3106
356,34.6992665,32.5306481,2022-05-22T07:21:02.330000,NOT_SPECIFIED_IN_WORKBOOK,3107
356,34.6992665,32.5306481,2022-05-22T07:21:07.329000,NOT_SPECIFIED_IN_WORKBOOK,3108
356,34.6992651,32.5306373,2022-05-22T07:21:12.325000,NOT_SPECIFIED_IN_WORKBOOK,3109
356,34.6992664,32.5306357,2022-05-22T07:21:17.340000,NOT_SPECIFIED_IN_WORKBOOK,3110
356,34.6992662,32.5306356,2022-05-22T07:21:22.330000,NOT_SPECIFIED_IN_WORKBOOK,3111
356,34.6992662,32.5306356,2022-05-22T07:21:27.328000,NOT_SPECIFIED_IN_WORKBOOK,3112
356,34.6992662,32.5306356,2022-05-22T07:21:31.324000,NOT_SPECIFIED_IN_WORKBOOK,3113
356,34.6992662,32.5306356,2022-05-22T07:21:35.346000,NOT_SPECIFIED_IN_WORKBOOK,3114
356,34.6992662,32.5306356,2022-05-22T07:21:40.349000,NOT_SPECIFIED_IN_WORKBOOK,3115
356,34.6992662,32.5306356,2022-05-22T07:21:44.349000,NOT_SPECIFIED_IN_WORKBOOK,3116
356,34.6992662,32.5306356,2022-05-22T07:21:49.346000,NOT_SPECIFIED_IN_WORKBOOK,3117
356,34.6992662,32.5306356,2022-05-22T07:21:54.330000,NOT_SPECIFIED_IN_WORKBOOK,3118
356,34.6992662,32.5306356,2022-05-22T07:21:59.323000,NOT_SPECIFIED_IN_WORKBOOK,3119
356,34.6992662,32.5306356,2022-05-22T07:22:04.356000,NOT_SPECIFIED_IN_WORKBOOK,3120
356,34.6992662,32.5306356,2022-05-22T07:22:08.332000,NOT_SPECIFIED_IN_WORKBOOK,3121
356,34.6992662,32.5306356,2022-05-22T07:22:12.336000,NOT_SPECIFIED_IN_WORKBOOK,3122
356,34.6992662,32.5306356,2022-05-22T07:22:16.332000,NOT_SPECIFIED_IN_WORKBOOK,3123
356,34.6992565,32.5306392,2022-05-22T07:22:21.318000,NOT_SPECIFIED_IN_WORKBOOK,3124
356,34.6992687,32.5306396,2022-05-22T07:22:25.353000,NOT_SPECIFIED_IN_WORKBOOK,3125
356,34.6992687,32.5306397,2022-05-22T07:22:30.339000,NOT_SPECIFIED_IN_WORKBOOK,3126
356,34.6992684,32.5306397,2022-05-22T07:22:35.343000,NOT_SPECIFIED_IN_WORKBOOK,3127
356,34.6992755,32.5306258,2022-05-22T07:22:40.354000,NOT_SPECIFIED_IN_WORKBOOK,3128
356,34.6992803,32.5306203,2022-05-22T07:22:45.332000,NOT_SPECIFIED_IN_WORKBOOK,3129
356,34.6992808,32.5306204,2022-05-22T07:22:49.358000,NOT_SPECIFIED_IN_WORKBOOK,3130
356,34.6992808,32.5306204,2022-05-22T07:22:54.328000,NOT_SPECIFIED_IN_WORKBOOK,3131
356,34.6992808,32.5306204,2022-05-22T07:22:58.341000,NOT_SPECIFIED_IN_WORKBOOK,3132
356,34.6992844,32.5306255,2022-05-22T07:23:03.349000,NOT_SPECIFIED_IN_WORKBOOK,3133
356,34.6992854,32.5306301,2022-05-22T07:23:07.331000,NOT_SPECIFIED_IN_WORKBOOK,3134
356,34.6992854,32.5306301,2022-05-22T07:23:12.343000,NOT_SPECIFIED_IN_WORKBOOK,3135
356,34.6992854,32.5306301,2022-05-22T07:23:17.334000,NOT_SPECIFIED_IN_WORKBOOK,3136
356,34.6992854,32.5306301,2022-05-22T07:23:22.329000,NOT_SPECIFIED_IN_WORKBOOK,3137
356,34.699286,32.5306314,2022-05-22T07:23:26.358000,NOT_SPECIFIED_IN_WORKBOOK,3138
356,34.6992849,32.5306348,2022-05-22T07:23:31.340000,NOT_SPECIFIED_IN_WORKBOOK,3139
356,34.6992848,32.5306351,2022-05-22T07:23:35.331000,NOT_SPECIFIED_IN_WORKBOOK,3140
356,34.6992849,32.5306351,2022-05-22T07:23:40.311000,NOT_SPECIFIED_IN_WORKBOOK,3141
356,34.6992849,32.5306351,2022-05-22T07:23:44.344000,NOT_SPECIFIED_IN_WORKBOOK,3142
356,34.699276,32.5306406,2022-05-22T07:23:48.371000,NOT_SPECIFIED_IN_WORKBOOK,3143
356,34.6992698,32.5306331,2022-05-22T07:23:53.332000,NOT_SPECIFIED_IN_WORKBOOK,3144
356,34.699265,32.5306126,2022-05-22T07:23:57.317000,NOT_SPECIFIED_IN_WORKBOOK,3145
356,34.6992698,32.5306208,2022-05-22T07:24:01.325000,NOT_SPECIFIED_IN_WORKBOOK,3146
356,34.6992797,32.5306208,2022-05-22T07:24:06.339000,NOT_SPECIFIED_IN_WORKBOOK,3147
356,34.69928,32.5306206,2022-05-22T07:24:11.342000,NOT_SPECIFIED_IN_WORKBOOK,3148
356,34.6992799,32.5306206,2022-05-22T07:24:15.320000,NOT_SPECIFIED_IN_WORKBOOK,3149
356,34.6992799,32.5306206,2022-05-22T07:24:20.338000,NOT_SPECIFIED_IN_WORKBOOK,3150
356,34.6992799,32.5306206,2022-05-22T07:24:25.334000,NOT_SPECIFIED_IN_WORKBOOK,3151
356,34.6992748,32.5306247,2022-05-22T07:24:30.316000,NOT_SPECIFIED_IN_WORKBOOK,3152
356,34.6992717,32.5306271,2022-05-22T07:24:35.342000,NOT_SPECIFIED_IN_WORKBOOK,3153
356,34.6992719,32.5306271,2022-05-22T07:24:40.332000,NOT_SPECIFIED_IN_WORKBOOK,3154
356,34.6992719,32.5306271,2022-05-22T07:24:45.337000,NOT_SPECIFIED_IN_WORKBOOK,3155
356,34.6992719,32.5306271,2022-05-22T07:24:49.350000,NOT_SPECIFIED_IN_WORKBOOK,3156
356,34.6992717,32.5306329,2022-05-22T07:24:54.302000,NOT_SPECIFIED_IN_WORKBOOK,3157
356,34.6992718,32.5306326,2022-05-22T07:24:58.326000,NOT_SPECIFIED_IN_WORKBOOK,3158
356,34.6992717,32.5306326,2022-05-22T07:25:03.321000,NOT_SPECIFIED_IN_WORKBOOK,3159
356,34.6992717,32.5306326,2022-05-22T07:25:07.342000,NOT_SPECIFIED_IN_WORKBOOK,3160
356,34.6992717,32.5306326,2022-05-22T07:25:12.322000,NOT_SPECIFIED_IN_WORKBOOK,3161
356,34.6992708,32.5306415,2022-05-22T07:25:16.355000,NOT_SPECIFIED_IN_WORKBOOK,3162
356,34.6992616,32.5306318,2022-05-22T07:25:20.342000,NOT_SPECIFIED_IN_WORKBOOK,3163
356,34.699278,32.5306482,2022-05-22T07:25:25.346000,NOT_SPECIFIED_IN_WORKBOOK,3164
356,34.6992725,32.5306554,2022-05-22T07:25:30.339000,NOT_SPECIFIED_IN_WORKBOOK,3165
356,34.6992645,32.5306505,2022-05-22T07:25:35.320000,NOT_SPECIFIED_IN_WORKBOOK,3166
356,34.699265,32.5306503,2022-05-22T07:25:40.325000,NOT_SPECIFIED_IN_WORKBOOK,3167
356,34.6992652,32.5306503,2022-05-22T07:25:44.351000,NOT_SPECIFIED_IN_WORKBOOK,3168
356,34.6992652,32.5306503,2022-05-22T07:25:49.323000,NOT_SPECIFIED_IN_WORKBOOK,3169
356,34.6992652,32.5306503,2022-05-22T07:25:53.340000,NOT_SPECIFIED_IN_WORKBOOK,3170
356,34.6992652,32.5306503,2022-05-22T07:25:58.347000,NOT_SPECIFIED_IN_WORKBOOK,3171
356,34.6992652,32.5306503,2022-05-22T07:26:02.632000,NOT_SPECIFIED_IN_WORKBOOK,3172
356,34.6992652,32.5306503,2022-05-22T07:26:07.329000,NOT_SPECIFIED_IN_WORKBOOK,3173
356,34.6992652,32.5306503,2022-05-22T07:26:11.333000,NOT_SPECIFIED_IN_WORKBOOK,3174
356,34.6992652,32.5306503,2022-05-22T07:26:16.358000,NOT_SPECIFIED_IN_WORKBOOK,3175
356,34.6992652,32.5306503,2022-05-22T07:26:20.371000,NOT_SPECIFIED_IN_WORKBOOK,3176
356,34.6992652,32.5306503,2022-05-22T07:26:25.319000,NOT_SPECIFIED_IN_WORKBOOK,3177
356,34.6992652,32.5306503,2022-05-22T07:26:30.325000,NOT_SPECIFIED_IN_WORKBOOK,3178
356,34.6992652,32.5306503,2022-05-22T07:26:34.365000,NOT_SPECIFIED_IN_WORKBOOK,3179
356,34.6992652,32.5306503,2022-05-22T07:26:39.346000,NOT_SPECIFIED_IN_WORKBOOK,3180
356,34.699261,32.5306476,2022-05-22T07:26:44.335000,NOT_SPECIFIED_IN_WORKBOOK,3181
356,34.6992626,32.5306502,2022-05-22T07:26:48.321000,NOT_SPECIFIED_IN_WORKBOOK,3182
356,34.6992624,32.5306504,2022-05-22T07:26:53.382000,NOT_SPECIFIED_IN_WORKBOOK,3183
356,34.6992624,32.5306504,2022-05-22T07:26:57.352000,NOT_SPECIFIED_IN_WORKBOOK,3184
356,34.6992624,32.5306504,2022-05-22T07:27:02.327000,NOT_SPECIFIED_IN_WORKBOOK,3185
356,34.6992605,32.5306461,2022-05-22T07:27:07.334000,NOT_SPECIFIED_IN_WORKBOOK,3186
356,34.699257,32.5306359,2022-05-22T07:27:12.315000,NOT_SPECIFIED_IN_WORKBOOK,3187
356,34.6992484,32.5306195,2022-05-22T07:27:16.329000,NOT_SPECIFIED_IN_WORKBOOK,3188
356,34.6992455,32.5306016,2022-05-22T07:27:21.341000,NOT_SPECIFIED_IN_WORKBOOK,3189
356,34.6992694,32.5305467,2022-05-22T07:27:25.359000,NOT_SPECIFIED_IN_WORKBOOK,3190
356,34.6993179,32.5305275,2022-05-22T07:27:29.320000,NOT_SPECIFIED_IN_WORKBOOK,3191
356,34.6993538,32.5305092,2022-05-22T07:27:33.316000,NOT_SPECIFIED_IN_WORKBOOK,3192
356,34.69937,32.5304899,2022-05-22T07:27:37.337000,NOT_SPECIFIED_IN_WORKBOOK,3193
356,34.6994023,32.5304423,2022-05-22T07:27:42.287000,NOT_SPECIFIED_IN_WORKBOOK,3194
356,34.6994339,32.530418,2022-05-22T07:27:46.342000,NOT_SPECIFIED_IN_WORKBOOK,3195
356,34.6994686,32.5303543,2022-05-22T07:27:51.332000,NOT_SPECIFIED_IN_WORKBOOK,3196
356,34.6994812,32.5303205,2022-05-22T07:27:55.337000,NOT_SPECIFIED_IN_WORKBOOK,3197
356,34.6994938,32.5302717,2022-05-22T07:28:00.347000,NOT_SPECIFIED_IN_WORKBOOK,3198
356,34.6995041,32.5302292,2022-05-22T07:28:05.334000,NOT_SPECIFIED_IN_WORKBOOK,3199
356,34.6995073,32.5301624,2022-05-22T07:28:10.341000,NOT_SPECIFIED_IN_WORKBOOK,3200
356,34.6995099,32.530104,2022-05-22T07:28:14.319000,NOT_SPECIFIED_IN_WORKBOOK,3201
356,34.6995125,32.5300318,2022-05-22T07:28:19.328000,NOT_SPECIFIED_IN_WORKBOOK,3202
356,34.6995145,32.5299406,2022-05-22T07:28:24.330000,NOT_SPECIFIED_IN_WORKBOOK,3203
356,34.6995204,32.529866,2022-05-22T07:28:28.325000,NOT_SPECIFIED_IN_WORKBOOK,3204
356,34.6995442,32.5296795,2022-05-22T07:28:33.332000,NOT_SPECIFIED_IN_WORKBOOK,3205
356,34.6995439,32.5295539,2022-05-22T07:28:38.332000,NOT_SPECIFIED_IN_WORKBOOK,3206
356,34.699518,32.5294765,2022-05-22T07:28:43.322000,NOT_SPECIFIED_IN_WORKBOOK,3207
356,34.6994544,32.529455,2022-05-22T07:28:47.326000,NOT_SPECIFIED_IN_WORKBOOK,3208
356,34.6993969,32.5294377,2022-05-22T07:28:51.345000,NOT_SPECIFIED_IN_WORKBOOK,3209
356,34.6993502,32.5294189,2022-05-22T07:28:55.332000,NOT_SPECIFIED_IN_WORKBOOK,3210
356,34.6993039,32.5293983,2022-05-22T07:29:00.326000,NOT_SPECIFIED_IN_WORKBOOK,3211
356,34.6992473,32.5293847,2022-05-22T07:29:05.324000,NOT_SPECIFIED_IN_WORKBOOK,3212
356,34.699175,32.5293485,2022-05-22T07:29:10.338000,NOT_SPECIFIED_IN_WORKBOOK,3213
356,34.6991112,32.5293447,2022-05-22T07:29:15.311000,NOT_SPECIFIED_IN_WORKBOOK,3214
356,34.6990834,32.52938,2022-05-22T07:29:19.330000,NOT_SPECIFIED_IN_WORKBOOK,3215
356,34.6990463,32.5294436,2022-05-22T07:29:24.333000,NOT_SPECIFIED_IN_WORKBOOK,3216
356,34.699031,32.5295004,2022-05-22T07:29:29.310000,NOT_SPECIFIED_IN_WORKBOOK,3217
356,34.6990113,32.5295414,2022-05-22T07:29:33.337000,NOT_SPECIFIED_IN_WORKBOOK,3218
356,34.6989994,32.5295432,2022-05-22T07:29:37.340000,NOT_SPECIFIED_IN_WORKBOOK,3219
356,34.6989986,32.5295505,2022-05-22T07:29:41.329000,NOT_SPECIFIED_IN_WORKBOOK,3220
356,34.6989924,32.5295705,2022-05-22T07:29:46.341000,NOT_SPECIFIED_IN_WORKBOOK,3221
356,34.6989929,32.5295715,2022-05-22T07:29:50.326000,NOT_SPECIFIED_IN_WORKBOOK,3222
356,34.6989931,32.5295715,2022-05-22T07:29:55.326000,NOT_SPECIFIED_IN_WORKBOOK,3223
356,34.6989914,32.5295775,2022-05-22T07:29:59.322000,NOT_SPECIFIED_IN_WORKBOOK,3224
356,34.6989616,32.5296254,2022-05-22T07:30:03.348000,NOT_SPECIFIED_IN_WORKBOOK,3225
356,34.698983,32.5296597,2022-05-22T07:30:08.338000,NOT_SPECIFIED_IN_WORKBOOK,3226
356,34.6989792,32.5296547,2022-05-22T07:30:13.345000,NOT_SPECIFIED_IN_WORKBOOK,3227
356,34.6989791,32.5296544,2022-05-22T07:30:17.349000,NOT_SPECIFIED_IN_WORKBOOK,3228
356,34.6989738,32.5296608,2022-05-22T07:30:22.324000,NOT_SPECIFIED_IN_WORKBOOK,3229
356,34.6989694,32.5296689,2022-05-22T07:30:26.310000,NOT_SPECIFIED_IN_WORKBOOK,3230
356,34.698973,32.5296693,2022-05-22T07:30:30.320000,NOT_SPECIFIED_IN_WORKBOOK,3231
356,34.6989726,32.5296723,2022-05-22T07:30:34.333000,NOT_SPECIFIED_IN_WORKBOOK,3232
356,34.6989725,32.5296727,2022-05-22T07:30:38.331000,NOT_SPECIFIED_IN_WORKBOOK,3233
356,34.6989725,32.5296727,2022-05-22T07:30:43.318000,NOT_SPECIFIED_IN_WORKBOOK,3234
356,34.6989725,32.5296727,2022-05-22T07:30:47.317000,NOT_SPECIFIED_IN_WORKBOOK,3235
356,34.6989725,32.5296727,2022-05-22T07:30:52.349000,NOT_SPECIFIED_IN_WORKBOOK,3236
356,34.6989725,32.5296727,2022-05-22T07:30:57.316000,NOT_SPECIFIED_IN_WORKBOOK,3237
356,34.6989737,32.5296805,2022-05-22T07:31:01.321000,NOT_SPECIFIED_IN_WORKBOOK,3238
356,34.6989737,32.5296811,2022-05-22T07:31:06.331000,NOT_SPECIFIED_IN_WORKBOOK,3239
356,34.6989737,32.5296811,2022-05-22T07:31:10.356000,NOT_SPECIFIED_IN_WORKBOOK,3240
356,34.6989724,32.5296903,2022-05-22T07:31:15.329000,NOT_SPECIFIED_IN_WORKBOOK,3241
356,34.698972,32.5296913,2022-05-22T07:31:20.348000,NOT_SPECIFIED_IN_WORKBOOK,3242
356,34.698972,32.5296913,2022-05-22T07:31:25.330000,NOT_SPECIFIED_IN_WORKBOOK,3243
356,34.698972,32.5296913,2022-05-22T07:31:30.340000,NOT_SPECIFIED_IN_WORKBOOK,3244
356,34.698972,32.5296913,2022-05-22T07:31:35.327000,NOT_SPECIFIED_IN_WORKBOOK,3245
356,34.6989527,32.5296891,2022-05-22T07:31:39.324000,NOT_SPECIFIED_IN_WORKBOOK,3246
356,34.6989034,32.5297116,2022-05-22T07:31:44.352000,NOT_SPECIFIED_IN_WORKBOOK,3247
356,34.6988742,32.5297148,2022-05-22T07:31:49.328000,NOT_SPECIFIED_IN_WORKBOOK,3248
356,34.6988639,32.5297017,2022-05-22T07:31:53.311000,NOT_SPECIFIED_IN_WORKBOOK,3249
357,34.7113862,32.4978448,2022-05-22T06:29:38.000000,NOT_SPECIFIED_IN_WORKBOOK,3250
357,34.6988075,32.529503,2022-05-22T06:29:41.536000,NOT_SPECIFIED_IN_WORKBOOK,3251
357,34.6988338,32.5295573,2022-05-22T06:29:45.504000,NOT_SPECIFIED_IN_WORKBOOK,3252
357,34.6988564,32.5295561,2022-05-22T06:29:50.476000,NOT_SPECIFIED_IN_WORKBOOK,3253
357,34.6988569,32.5295367,2022-05-22T06:29:54.484000,NOT_SPECIFIED_IN_WORKBOOK,3254
357,34.6988661,32.5295273,2022-05-22T06:29:59.465000,NOT_SPECIFIED_IN_WORKBOOK,3255
357,34.6988573,32.5295323,2022-05-22T06:30:03.454000,NOT_SPECIFIED_IN_WORKBOOK,3256
357,34.6988527,32.5295304,2022-05-22T06:30:08.460000,NOT_SPECIFIED_IN_WORKBOOK,3257
357,34.6988523,32.5295301,2022-05-22T06:30:12.458000,NOT_SPECIFIED_IN_WORKBOOK,3258
357,34.6988523,32.5295301,2022-05-22T06:30:16.454000,NOT_SPECIFIED_IN_WORKBOOK,3259
357,34.6988523,32.5295301,2022-05-22T06:30:20.466000,NOT_SPECIFIED_IN_WORKBOOK,3260
357,34.6988523,32.5295301,2022-05-22T06:30:24.481000,NOT_SPECIFIED_IN_WORKBOOK,3261
357,34.6988523,32.5295301,2022-05-22T06:30:28.474000,NOT_SPECIFIED_IN_WORKBOOK,3262
357,34.6988523,32.5295301,2022-05-22T06:30:32.490000,NOT_SPECIFIED_IN_WORKBOOK,3263
357,34.6988523,32.5295301,2022-05-22T06:30:37.461000,NOT_SPECIFIED_IN_WORKBOOK,3264
357,34.6988523,32.5295301,2022-05-22T06:30:42.462000,NOT_SPECIFIED_IN_WORKBOOK,3265
357,34.6988523,32.5295301,2022-05-22T06:30:46.479000,NOT_SPECIFIED_IN_WORKBOOK,3266
357,34.6988523,32.5295301,2022-05-22T06:30:51.460000,NOT_SPECIFIED_IN_WORKBOOK,3267
357,34.6988523,32.5295301,2022-05-22T06:30:56.481000,NOT_SPECIFIED_IN_WORKBOOK,3268
357,34.6988523,32.5295301,2022-05-22T06:31:01.492000,NOT_SPECIFIED_IN_WORKBOOK,3269
357,34.6988523,32.5295301,2022-05-22T06:31:06.458000,NOT_SPECIFIED_IN_WORKBOOK,3270
357,34.6988537,32.5295297,2022-05-22T06:31:11.421000,NOT_SPECIFIED_IN_WORKBOOK,3271
357,34.6988536,32.529531,2022-05-22T06:31:15.485000,NOT_SPECIFIED_IN_WORKBOOK,3272
357,34.6988529,32.5295288,2022-05-22T06:31:19.479000,NOT_SPECIFIED_IN_WORKBOOK,3273
357,34.6988521,32.5295289,2022-05-22T06:31:24.482000,NOT_SPECIFIED_IN_WORKBOOK,3274
357,34.6988528,32.5295299,2022-05-22T06:31:28.473000,NOT_SPECIFIED_IN_WORKBOOK,3275
357,34.6988523,32.5295301,2022-05-22T06:31:33.486000,NOT_SPECIFIED_IN_WORKBOOK,3276
357,34.6988523,32.5295301,2022-05-22T06:31:37.522000,NOT_SPECIFIED_IN_WORKBOOK,3277
357,34.6988523,32.5295301,2022-05-22T06:31:42.512000,NOT_SPECIFIED_IN_WORKBOOK,3278
357,34.6988523,32.5295301,2022-05-22T06:31:47.491000,NOT_SPECIFIED_IN_WORKBOOK,3279
357,34.6988523,32.5295301,2022-05-22T06:31:51.484000,NOT_SPECIFIED_IN_WORKBOOK,3280
357,34.6988523,32.5295301,2022-05-22T06:31:56.483000,NOT_SPECIFIED_IN_WORKBOOK,3281
357,34.6988523,32.5295301,2022-05-22T06:32:00.486000,NOT_SPECIFIED_IN_WORKBOOK,3282
357,34.6988523,32.5295301,2022-05-22T06:32:05.506000,NOT_SPECIFIED_IN_WORKBOOK,3283
357,34.6988523,32.5295301,2022-05-22T06:32:10.484000,NOT_SPECIFIED_IN_WORKBOOK,3284
357,34.6988523,32.5295301,2022-05-22T06:32:15.482000,NOT_SPECIFIED_IN_WORKBOOK,3285
357,34.6988523,32.5295301,2022-05-22T06:32:19.482000,NOT_SPECIFIED_IN_WORKBOOK,3286
357,34.6988523,32.5295301,2022-05-22T06:32:23.485000,NOT_SPECIFIED_IN_WORKBOOK,3287
357,34.6988523,32.5295301,2022-05-22T06:32:27.486000,NOT_SPECIFIED_IN_WORKBOOK,3288
357,34.6988523,32.5295301,2022-05-22T06:32:32.484000,NOT_SPECIFIED_IN_WORKBOOK,3289
357,34.6988523,32.5295301,2022-05-22T06:32:37.500000,NOT_SPECIFIED_IN_WORKBOOK,3290
357,34.6988523,32.5295301,2022-05-22T06:32:41.491000,NOT_SPECIFIED_IN_WORKBOOK,3291
357,34.6988523,32.5295301,2022-05-22T06:32:45.504000,NOT_SPECIFIED_IN_WORKBOOK,3292
357,34.6988523,32.5295301,2022-05-22T06:32:50.486000,NOT_SPECIFIED_IN_WORKBOOK,3293
357,34.6988523,32.5295301,2022-05-22T06:32:55.464000,NOT_SPECIFIED_IN_WORKBOOK,3294
357,34.6988523,32.5295301,2022-05-22T06:33:00.481000,NOT_SPECIFIED_IN_WORKBOOK,3295
357,34.6988523,32.5295301,2022-05-22T06:33:05.460000,NOT_SPECIFIED_IN_WORKBOOK,3296
357,34.6988523,32.5295301,2022-05-22T06:33:09.480000,NOT_SPECIFIED_IN_WORKBOOK,3297
357,34.6988523,32.5295301,2022-05-22T06:33:14.484000,NOT_SPECIFIED_IN_WORKBOOK,3298
357,34.6988523,32.5295301,2022-05-22T06:33:19.506000,NOT_SPECIFIED_IN_WORKBOOK,3299
357,34.6988523,32.5295301,2022-05-22T06:33:23.472000,NOT_SPECIFIED_IN_WORKBOOK,3300
357,34.6988523,32.5295301,2022-05-22T06:33:27.482000,NOT_SPECIFIED_IN_WORKBOOK,3301
357,34.6988523,32.5295301,2022-05-22T06:33:32.481000,NOT_SPECIFIED_IN_WORKBOOK,3302
357,34.6988523,32.5295301,2022-05-22T06:33:37.507000,NOT_SPECIFIED_IN_WORKBOOK,3303
357,34.6988523,32.5295301,2022-05-22T06:33:41.478000,NOT_SPECIFIED_IN_WORKBOOK,3304
357,34.6988523,32.5295301,2022-05-22T06:33:45.475000,NOT_SPECIFIED_IN_WORKBOOK,3305
357,34.6988523,32.5295301,2022-05-22T06:33:50.480000,NOT_SPECIFIED_IN_WORKBOOK,3306
357,34.6988523,32.5295301,2022-05-22T06:33:54.481000,NOT_SPECIFIED_IN_WORKBOOK,3307
357,34.6988523,32.5295301,2022-05-22T06:33:58.480000,NOT_SPECIFIED_IN_WORKBOOK,3308
357,34.6988523,32.5295301,2022-05-22T06:34:03.483000,NOT_SPECIFIED_IN_WORKBOOK,3309
357,34.6988523,32.5295301,2022-05-22T06:34:08.483000,NOT_SPECIFIED_IN_WORKBOOK,3310
357,34.6988383,32.5295166,2022-05-22T06:34:13.480000,NOT_SPECIFIED_IN_WORKBOOK,3311
357,34.6988348,32.5295132,2022-05-22T06:34:18.451000,NOT_SPECIFIED_IN_WORKBOOK,3312
357,34.6988348,32.5295132,2022-05-22T06:34:22.506000,NOT_SPECIFIED_IN_WORKBOOK,3313
357,34.6988354,32.5295104,2022-05-22T06:34:27.475000,NOT_SPECIFIED_IN_WORKBOOK,3314
357,34.6988351,32.52951,2022-05-22T06:34:31.483000,NOT_SPECIFIED_IN_WORKBOOK,3315
357,34.6988451,32.5295071,2022-05-22T06:34:35.476000,NOT_SPECIFIED_IN_WORKBOOK,3316
357,34.6988654,32.5295094,2022-05-22T06:34:40.176000,NOT_SPECIFIED_IN_WORKBOOK,3317
357,34.6988787,32.5295032,2022-05-22T06:34:44.486000,NOT_SPECIFIED_IN_WORKBOOK,3318
357,34.6988941,32.5294946,2022-05-22T06:34:49.336000,NOT_SPECIFIED_IN_WORKBOOK,3319
357,34.6989249,32.5294622,2022-05-22T06:34:53.488000,NOT_SPECIFIED_IN_WORKBOOK,3320
357,34.6989423,32.5294072,2022-05-22T06:34:58.296000,NOT_SPECIFIED_IN_WORKBOOK,3321
357,34.6989593,32.5293886,2022-05-22T06:35:03.117000,NOT_SPECIFIED_IN_WORKBOOK,3322
357,34.6989641,32.5293681,2022-05-22T06:35:07.256000,NOT_SPECIFIED_IN_WORKBOOK,3323
357,34.6990028,32.5293459,2022-05-22T06:35:11.655000,NOT_SPECIFIED_IN_WORKBOOK,3324
357,34.6990385,32.5293347,2022-05-22T06:35:15.776000,NOT_SPECIFIED_IN_WORKBOOK,3325
357,34.6990478,32.5293249,2022-05-22T06:35:20.482000,NOT_SPECIFIED_IN_WORKBOOK,3326
357,34.6990485,32.5293249,2022-05-22T06:35:24.896000,NOT_SPECIFIED_IN_WORKBOOK,3327
357,34.6990803,32.5293261,2022-05-22T06:35:29.169000,NOT_SPECIFIED_IN_WORKBOOK,3328
357,34.6991226,32.5293414,2022-05-22T06:35:33.135000,NOT_SPECIFIED_IN_WORKBOOK,3329
357,34.699155,32.5293271,2022-05-22T06:35:37.316000,NOT_SPECIFIED_IN_WORKBOOK,3330
357,34.69915,32.5293069,2022-05-22T06:35:41.483000,NOT_SPECIFIED_IN_WORKBOOK,3331
357,34.6991435,32.529304,2022-05-22T06:35:45.478000,NOT_SPECIFIED_IN_WORKBOOK,3332
357,34.6991425,32.5292987,2022-05-22T06:35:49.484000,NOT_SPECIFIED_IN_WORKBOOK,3333
357,34.6991511,32.5292979,2022-05-22T06:35:53.485000,NOT_SPECIFIED_IN_WORKBOOK,3334
357,34.6991736,32.5292958,2022-05-22T06:35:58.137000,NOT_SPECIFIED_IN_WORKBOOK,3335
357,34.6992235,32.5293246,2022-05-22T06:36:02.158000,NOT_SPECIFIED_IN_WORKBOOK,3336
357,34.6992651,32.5293651,2022-05-22T06:36:06.473000,NOT_SPECIFIED_IN_WORKBOOK,3337
357,34.6993173,32.5293563,2022-05-22T06:36:10.478000,NOT_SPECIFIED_IN_WORKBOOK,3338
357,34.6993406,32.52928,2022-05-22T06:36:14.977000,NOT_SPECIFIED_IN_WORKBOOK,3339
357,34.6993388,32.529206,2022-05-22T06:36:19.176000,NOT_SPECIFIED_IN_WORKBOOK,3340
357,34.6993762,32.5291846,2022-05-22T06:36:23.256000,NOT_SPECIFIED_IN_WORKBOOK,3341
357,34.6993994,32.5291906,2022-05-22T06:36:27.482000,NOT_SPECIFIED_IN_WORKBOOK,3342
357,34.6993942,32.5291945,2022-05-22T06:36:31.487000,NOT_SPECIFIED_IN_WORKBOOK,3343
357,34.6993916,32.5291894,2022-05-22T06:36:35.469000,NOT_SPECIFIED_IN_WORKBOOK,3344
357,34.6993909,32.5291886,2022-05-22T06:36:39.463000,NOT_SPECIFIED_IN_WORKBOOK,3345
357,34.6993894,32.5291894,2022-05-22T06:36:44.467000,NOT_SPECIFIED_IN_WORKBOOK,3346
357,34.6993929,32.5291824,2022-05-22T06:36:48.475000,NOT_SPECIFIED_IN_WORKBOOK,3347
357,34.6994302,32.5291711,2022-05-22T06:36:53.296000,NOT_SPECIFIED_IN_WORKBOOK,3348
357,34.6995078,32.5291337,2022-05-22T06:36:57.397000,NOT_SPECIFIED_IN_WORKBOOK,3349
357,34.6995696,32.5290989,2022-05-22T06:37:01.477000,NOT_SPECIFIED_IN_WORKBOOK,3350
357,34.6996381,32.529055,2022-05-22T06:37:06.416000,NOT_SPECIFIED_IN_WORKBOOK,3351
357,34.6996936,32.5290186,2022-05-22T06:37:10.477000,NOT_SPECIFIED_IN_WORKBOOK,3352
357,34.6997383,32.5289724,2022-05-22T06:37:14.482000,NOT_SPECIFIED_IN_WORKBOOK,3353
357,34.6997801,32.5289419,2022-05-22T06:37:18.486000,NOT_SPECIFIED_IN_WORKBOOK,3354
357,34.6998363,32.5289501,2022-05-22T06:37:22.502000,NOT_SPECIFIED_IN_WORKBOOK,3355
357,34.6998926,32.5289313,2022-05-22T06:37:27.073000,NOT_SPECIFIED_IN_WORKBOOK,3356
357,34.6999309,32.5288998,2022-05-22T06:37:31.077000,NOT_SPECIFIED_IN_WORKBOOK,3357
357,34.6999631,32.5288406,2022-05-22T06:37:35.465000,NOT_SPECIFIED_IN_WORKBOOK,3358
357,34.699986,32.5287939,2022-05-22T06:37:39.477000,NOT_SPECIFIED_IN_WORKBOOK,3359
357,34.700022,32.5287359,2022-05-22T06:37:44.156000,NOT_SPECIFIED_IN_WORKBOOK,3360
357,34.7000496,32.5286878,2022-05-22T06:37:48.316000,NOT_SPECIFIED_IN_WORKBOOK,3361
357,34.7000642,32.5286396,2022-05-22T06:37:52.482000,NOT_SPECIFIED_IN_WORKBOOK,3362
357,34.7000894,32.5286084,2022-05-22T06:37:56.501000,NOT_SPECIFIED_IN_WORKBOOK,3363
357,34.700113,32.5285596,2022-05-22T06:38:01.093000,NOT_SPECIFIED_IN_WORKBOOK,3364
357,34.7001432,32.5285419,2022-05-22T06:38:05.421000,NOT_SPECIFIED_IN_WORKBOOK,3365
357,34.7001896,32.5285467,2022-05-22T06:38:10.077000,NOT_SPECIFIED_IN_WORKBOOK,3366
357,34.7002203,32.5284965,2022-05-22T06:38:14.195000,NOT_SPECIFIED_IN_WORKBOOK,3367
357,34.7002374,32.5284531,2022-05-22T06:38:18.356000,NOT_SPECIFIED_IN_WORKBOOK,3368
357,34.7002654,32.5284156,2022-05-22T06:38:22.458000,NOT_SPECIFIED_IN_WORKBOOK,3369
357,34.7002921,32.5283952,2022-05-22T06:38:26.872000,NOT_SPECIFIED_IN_WORKBOOK,3370
357,34.7003269,32.5283681,2022-05-22T06:38:31.357000,NOT_SPECIFIED_IN_WORKBOOK,3371
357,34.7003482,32.5283248,2022-05-22T06:38:35.485000,NOT_SPECIFIED_IN_WORKBOOK,3372
357,34.7003799,32.5282865,2022-05-22T06:38:39.776000,NOT_SPECIFIED_IN_WORKBOOK,3373
357,34.7004189,32.528245,2022-05-22T06:38:44.411000,NOT_SPECIFIED_IN_WORKBOOK,3374
357,34.7004546,32.5282271,2022-05-22T06:38:48.479000,NOT_SPECIFIED_IN_WORKBOOK,3375
357,34.7004847,32.5282128,2022-05-22T06:38:52.458000,NOT_SPECIFIED_IN_WORKBOOK,3376
357,34.7005301,32.5281907,2022-05-22T06:38:56.874000,NOT_SPECIFIED_IN_WORKBOOK,3377
357,34.7005598,32.5281613,2022-05-22T06:39:00.876000,NOT_SPECIFIED_IN_WORKBOOK,3378
357,34.7005835,32.5281096,2022-05-22T06:39:05.341000,NOT_SPECIFIED_IN_WORKBOOK,3379
357,34.7006269,32.5280938,2022-05-22T06:39:09.481000,NOT_SPECIFIED_IN_WORKBOOK,3380
357,34.7006548,32.5281008,2022-05-22T06:39:13.756000,NOT_SPECIFIED_IN_WORKBOOK,3381
357,34.7006754,32.528073,2022-05-22T06:39:18.136000,NOT_SPECIFIED_IN_WORKBOOK,3382
357,34.7006797,32.5280538,2022-05-22T06:39:22.480000,NOT_SPECIFIED_IN_WORKBOOK,3383
357,34.700695,32.5280598,2022-05-22T06:39:26.872000,NOT_SPECIFIED_IN_WORKBOOK,3384
357,34.7007247,32.5280366,2022-05-22T06:39:31.195000,NOT_SPECIFIED_IN_WORKBOOK,3385
357,34.7007506,32.5280026,2022-05-22T06:39:35.484000,NOT_SPECIFIED_IN_WORKBOOK,3386
357,34.7007821,32.5280024,2022-05-22T06:39:39.482000,NOT_SPECIFIED_IN_WORKBOOK,3387
357,34.7008016,32.527974,2022-05-22T06:39:44.467000,NOT_SPECIFIED_IN_WORKBOOK,3388
357,34.700816,32.5279561,2022-05-22T06:39:49.444000,NOT_SPECIFIED_IN_WORKBOOK,3389
357,34.7008307,32.5279254,2022-05-22T06:39:54.452000,NOT_SPECIFIED_IN_WORKBOOK,3390
357,34.7008371,32.5278995,2022-05-22T06:39:58.444000,NOT_SPECIFIED_IN_WORKBOOK,3391
357,34.7008631,32.527839,2022-05-22T06:40:02.790000,NOT_SPECIFIED_IN_WORKBOOK,3392
357,34.7008787,32.5277926,2022-05-22T06:40:07.000000,NOT_SPECIFIED_IN_WORKBOOK,3393
357,34.7009063,32.5277587,2022-05-22T06:40:11.269000,NOT_SPECIFIED_IN_WORKBOOK,3394
357,34.7009373,32.5277203,2022-05-22T06:40:15.887000,NOT_SPECIFIED_IN_WORKBOOK,3395
357,34.7009566,32.5276989,2022-05-22T06:40:20.187000,NOT_SPECIFIED_IN_WORKBOOK,3396
357,34.7009712,32.5277241,2022-05-22T06:40:24.831000,NOT_SPECIFIED_IN_WORKBOOK,3397
357,34.7009831,32.5276937,2022-05-22T06:40:29.050000,NOT_SPECIFIED_IN_WORKBOOK,3398
357,34.701006,32.5276492,2022-05-22T06:40:33.151000,NOT_SPECIFIED_IN_WORKBOOK,3399
357,34.701017,32.5276487,2022-05-22T06:40:37.486000,NOT_SPECIFIED_IN_WORKBOOK,3400
357,34.7010157,32.5276516,2022-05-22T06:40:41.467000,NOT_SPECIFIED_IN_WORKBOOK,3401
357,34.7010149,32.527648,2022-05-22T06:40:45.906000,NOT_SPECIFIED_IN_WORKBOOK,3402
357,34.7010311,32.5276132,2022-05-22T06:40:50.452000,NOT_SPECIFIED_IN_WORKBOOK,3403
357,34.7010691,32.5275531,2022-05-22T06:40:55.459000,NOT_SPECIFIED_IN_WORKBOOK,3404
357,34.7010848,32.5274961,2022-05-22T06:40:59.929000,NOT_SPECIFIED_IN_WORKBOOK,3405
357,34.7011031,32.5274357,2022-05-22T06:41:04.374000,NOT_SPECIFIED_IN_WORKBOOK,3406
357,34.7011296,32.5274355,2022-05-22T06:41:08.482000,NOT_SPECIFIED_IN_WORKBOOK,3407
357,34.7011494,32.527452,2022-05-22T06:41:12.970000,NOT_SPECIFIED_IN_WORKBOOK,3408
357,34.7011574,32.5274663,2022-05-22T06:41:17.432000,NOT_SPECIFIED_IN_WORKBOOK,3409
357,34.701166,32.5274954,2022-05-22T06:41:22.489000,NOT_SPECIFIED_IN_WORKBOOK,3410
357,34.7011735,32.5275031,2022-05-22T06:41:26.473000,NOT_SPECIFIED_IN_WORKBOOK,3411
357,34.7011785,32.5275084,2022-05-22T06:41:31.473000,NOT_SPECIFIED_IN_WORKBOOK,3412
357,34.7011744,32.5275218,2022-05-22T06:41:35.972000,NOT_SPECIFIED_IN_WORKBOOK,3413
357,34.7011817,32.5275732,2022-05-22T06:41:40.505000,NOT_SPECIFIED_IN_WORKBOOK,3414
357,34.7012038,32.5275936,2022-05-22T06:41:45.173000,NOT_SPECIFIED_IN_WORKBOOK,3415
357,34.7012219,32.5275854,2022-05-22T06:41:49.433000,NOT_SPECIFIED_IN_WORKBOOK,3416
357,34.7012156,32.5275705,2022-05-22T06:41:53.670000,NOT_SPECIFIED_IN_WORKBOOK,3417
357,34.7012236,32.5275875,2022-05-22T06:41:58.455000,NOT_SPECIFIED_IN_WORKBOOK,3418
357,34.7012664,32.5276022,2022-05-22T06:42:03.413000,NOT_SPECIFIED_IN_WORKBOOK,3419
357,34.7012974,32.5275911,2022-05-22T06:42:07.483000,NOT_SPECIFIED_IN_WORKBOOK,3420
357,34.7013083,32.527585,2022-05-22T06:42:11.508000,NOT_SPECIFIED_IN_WORKBOOK,3421
357,34.7013114,32.5275735,2022-05-22T06:42:15.951000,NOT_SPECIFIED_IN_WORKBOOK,3422
357,34.7013174,32.5275415,2022-05-22T06:42:20.483000,NOT_SPECIFIED_IN_WORKBOOK,3423
357,34.7013157,32.5275055,2022-05-22T06:42:25.486000,NOT_SPECIFIED_IN_WORKBOOK,3424
357,34.701294,32.5274902,2022-05-22T06:42:30.493000,NOT_SPECIFIED_IN_WORKBOOK,3425
357,34.7012815,32.5274934,2022-05-22T06:42:34.485000,NOT_SPECIFIED_IN_WORKBOOK,3426
357,34.7012891,32.5274794,2022-05-22T06:42:38.710000,NOT_SPECIFIED_IN_WORKBOOK,3427
357,34.7012943,32.5274439,2022-05-22T06:42:43.111000,NOT_SPECIFIED_IN_WORKBOOK,3428
357,34.701307,32.5274201,2022-05-22T06:42:47.481000,NOT_SPECIFIED_IN_WORKBOOK,3429
357,34.7013091,32.5274159,2022-05-22T06:42:51.000000,NOT_SPECIFIED_IN_WORKBOOK,3430
357,34.7013136,32.527404,2022-05-22T06:42:56.171000,NOT_SPECIFIED_IN_WORKBOOK,3431
357,34.7013396,32.5273573,2022-05-22T06:43:00.484000,NOT_SPECIFIED_IN_WORKBOOK,3432
357,34.7013826,32.527326,2022-05-22T06:43:04.832000,NOT_SPECIFIED_IN_WORKBOOK,3433
357,34.7014249,32.5273083,2022-05-22T06:43:09.131000,NOT_SPECIFIED_IN_WORKBOOK,3434
357,34.701479,32.527322,2022-05-22T06:43:13.791000,NOT_SPECIFIED_IN_WORKBOOK,3435
357,34.7015152,32.5273647,2022-05-22T06:43:17.808000,NOT_SPECIFIED_IN_WORKBOOK,3436
357,34.7015554,32.5274046,2022-05-22T06:43:21.952000,NOT_SPECIFIED_IN_WORKBOOK,3437
357,34.701587,32.5274381,2022-05-22T06:43:26.461000,NOT_SPECIFIED_IN_WORKBOOK,3438
357,34.7015858,32.5274469,2022-05-22T06:43:31.464000,NOT_SPECIFIED_IN_WORKBOOK,3439
357,34.7015801,32.5274488,2022-05-22T06:43:35.464000,NOT_SPECIFIED_IN_WORKBOOK,3440
357,34.7015742,32.5274503,2022-05-22T06:43:40.465000,NOT_SPECIFIED_IN_WORKBOOK,3441
357,34.7015697,32.5274557,2022-05-22T06:43:45.456000,NOT_SPECIFIED_IN_WORKBOOK,3442
357,34.7015634,32.5274812,2022-05-22T06:43:49.449000,NOT_SPECIFIED_IN_WORKBOOK,3443
357,34.7015653,32.5274832,2022-05-22T06:43:53.462000,NOT_SPECIFIED_IN_WORKBOOK,3444
357,34.7015659,32.5274846,2022-05-22T06:43:58.469000,NOT_SPECIFIED_IN_WORKBOOK,3445
357,34.7015659,32.5274855,2022-05-22T06:44:03.478000,NOT_SPECIFIED_IN_WORKBOOK,3446
357,34.7015654,32.5274858,2022-05-22T06:44:08.488000,NOT_SPECIFIED_IN_WORKBOOK,3447
357,34.7015745,32.5274913,2022-05-22T06:44:13.477000,NOT_SPECIFIED_IN_WORKBOOK,3448
357,34.7015863,32.5274673,2022-05-22T06:44:17.527000,NOT_SPECIFIED_IN_WORKBOOK,3449
357,34.7015851,32.5274438,2022-05-22T06:44:21.495000,NOT_SPECIFIED_IN_WORKBOOK,3450
357,34.7015796,32.5274383,2022-05-22T06:44:26.482000,NOT_SPECIFIED_IN_WORKBOOK,3451
357,34.7015784,32.5274371,2022-05-22T06:44:30.483000,NOT_SPECIFIED_IN_WORKBOOK,3452
357,34.7015703,32.5274419,2022-05-22T06:44:35.485000,NOT_SPECIFIED_IN_WORKBOOK,3453
357,34.7015686,32.5274426,2022-05-22T06:44:39.489000,NOT_SPECIFIED_IN_WORKBOOK,3454
357,34.7015694,32.5274416,2022-05-22T06:44:44.469000,NOT_SPECIFIED_IN_WORKBOOK,3455
357,34.7015695,32.5274414,2022-05-22T06:44:48.483000,NOT_SPECIFIED_IN_WORKBOOK,3456
357,34.7015723,32.5274389,2022-05-22T06:44:52.480000,NOT_SPECIFIED_IN_WORKBOOK,3457
357,34.7015854,32.5274131,2022-05-22T06:44:56.512000,NOT_SPECIFIED_IN_WORKBOOK,3458
357,34.7015874,32.5273729,2022-05-22T06:45:00.494000,NOT_SPECIFIED_IN_WORKBOOK,3459
357,34.701584,32.5273578,2022-05-22T06:45:05.489000,NOT_SPECIFIED_IN_WORKBOOK,3460
357,34.7015842,32.5273555,2022-05-22T06:45:09.488000,NOT_SPECIFIED_IN_WORKBOOK,3461
357,34.7015847,32.5273568,2022-05-22T06:45:14.486000,NOT_SPECIFIED_IN_WORKBOOK,3462
357,34.7015875,32.5273558,2022-05-22T06:45:19.457000,NOT_SPECIFIED_IN_WORKBOOK,3463
357,34.7015959,32.5273834,2022-05-22T06:45:24.313000,NOT_SPECIFIED_IN_WORKBOOK,3464
357,34.7015863,32.5274084,2022-05-22T06:45:28.485000,NOT_SPECIFIED_IN_WORKBOOK,3465
357,34.7015769,32.5274145,2022-05-22T06:45:32.480000,NOT_SPECIFIED_IN_WORKBOOK,3466
357,34.7015722,32.5274197,2022-05-22T06:45:37.444000,NOT_SPECIFIED_IN_WORKBOOK,3467
357,34.7015706,32.5274289,2022-05-22T06:45:41.481000,NOT_SPECIFIED_IN_WORKBOOK,3468
357,34.7015725,32.5274377,2022-05-22T06:45:45.510000,NOT_SPECIFIED_IN_WORKBOOK,3469
357,34.7015726,32.5274383,2022-05-22T06:45:49.478000,NOT_SPECIFIED_IN_WORKBOOK,3470
357,34.7015726,32.5274382,2022-05-22T06:45:53.484000,NOT_SPECIFIED_IN_WORKBOOK,3471
357,34.7015727,32.5274388,2022-05-22T06:45:58.483000,NOT_SPECIFIED_IN_WORKBOOK,3472
357,34.7015728,32.5274398,2022-05-22T06:46:03.473000,NOT_SPECIFIED_IN_WORKBOOK,3473
357,34.7015632,32.5274333,2022-05-22T06:46:08.448000,NOT_SPECIFIED_IN_WORKBOOK,3474
357,34.701569,32.5274418,2022-05-22T06:46:12.472000,NOT_SPECIFIED_IN_WORKBOOK,3475
357,34.7015695,32.5274458,2022-05-22T06:46:17.491000,NOT_SPECIFIED_IN_WORKBOOK,3476
357,34.7015701,32.5274419,2022-05-22T06:46:22.485000,NOT_SPECIFIED_IN_WORKBOOK,3477
357,34.7015702,32.5274415,2022-05-22T06:46:27.471000,NOT_SPECIFIED_IN_WORKBOOK,3478
357,34.7015709,32.5274436,2022-05-22T06:46:32.486000,NOT_SPECIFIED_IN_WORKBOOK,3479
357,34.7015716,32.5274302,2022-05-22T06:46:37.488000,NOT_SPECIFIED_IN_WORKBOOK,3480
357,34.7015826,32.5274172,2022-05-22T06:46:42.509000,NOT_SPECIFIED_IN_WORKBOOK,3481
357,34.701584,32.52742,2022-05-22T06:46:46.466000,NOT_SPECIFIED_IN_WORKBOOK,3482
357,34.7015846,32.5274196,2022-05-22T06:46:50.475000,NOT_SPECIFIED_IN_WORKBOOK,3483
357,34.7015822,32.527415,2022-05-22T06:46:55.051000,NOT_SPECIFIED_IN_WORKBOOK,3484
357,34.701577,32.5274053,2022-05-22T06:46:59.456000,NOT_SPECIFIED_IN_WORKBOOK,3485
357,34.7015828,32.5274327,2022-05-22T06:47:04.446000,NOT_SPECIFIED_IN_WORKBOOK,3486
357,34.7015763,32.5274164,2022-05-22T06:47:08.455000,NOT_SPECIFIED_IN_WORKBOOK,3487
357,34.7015819,32.5274299,2022-05-22T06:47:13.450000,NOT_SPECIFIED_IN_WORKBOOK,3488
357,34.7015942,32.5274193,2022-05-22T06:47:17.447000,NOT_SPECIFIED_IN_WORKBOOK,3489
357,34.7015818,32.527425,2022-05-22T06:47:21.449000,NOT_SPECIFIED_IN_WORKBOOK,3490
357,34.7015773,32.5274293,2022-05-22T06:47:26.446000,NOT_SPECIFIED_IN_WORKBOOK,3491
357,34.7015769,32.5274302,2022-05-22T06:47:31.452000,NOT_SPECIFIED_IN_WORKBOOK,3492
357,34.7015776,32.5274341,2022-05-22T06:47:35.445000,NOT_SPECIFIED_IN_WORKBOOK,3493
357,34.7015776,32.5274287,2022-05-22T06:47:40.444000,NOT_SPECIFIED_IN_WORKBOOK,3494
357,34.7015887,32.5274341,2022-05-22T06:47:44.446000,NOT_SPECIFIED_IN_WORKBOOK,3495
357,34.701589,32.5274331,2022-05-22T06:47:49.441000,NOT_SPECIFIED_IN_WORKBOOK,3496
357,34.7015894,32.5274331,2022-05-22T06:47:53.442000,NOT_SPECIFIED_IN_WORKBOOK,3497
357,34.7015894,32.5274331,2022-05-22T06:47:57.466000,NOT_SPECIFIED_IN_WORKBOOK,3498
357,34.7015894,32.5274301,2022-05-22T06:48:02.443000,NOT_SPECIFIED_IN_WORKBOOK,3499
357,34.7015857,32.5274238,2022-05-22T06:48:06.455000,NOT_SPECIFIED_IN_WORKBOOK,3500
357,34.7015857,32.5274287,2022-05-22T06:48:11.455000,NOT_SPECIFIED_IN_WORKBOOK,3501
357,34.7015873,32.5274294,2022-05-22T06:48:15.461000,NOT_SPECIFIED_IN_WORKBOOK,3502
357,34.7015887,32.5274299,2022-05-22T06:48:20.468000,NOT_SPECIFIED_IN_WORKBOOK,3503
357,34.7015887,32.5274299,2022-05-22T06:48:25.442000,NOT_SPECIFIED_IN_WORKBOOK,3504
357,34.7015887,32.5274299,2022-05-22T06:48:30.462000,NOT_SPECIFIED_IN_WORKBOOK,3505
357,34.7015887,32.5274299,2022-05-22T06:48:34.466000,NOT_SPECIFIED_IN_WORKBOOK,3506
357,34.7015887,32.5274299,2022-05-22T06:48:38.457000,NOT_SPECIFIED_IN_WORKBOOK,3507
357,34.7015855,32.5274243,2022-05-22T06:48:42.463000,NOT_SPECIFIED_IN_WORKBOOK,3508
357,34.7015807,32.5274185,2022-05-22T06:48:47.467000,NOT_SPECIFIED_IN_WORKBOOK,3509
357,34.7015816,32.5274211,2022-05-22T06:48:52.482000,NOT_SPECIFIED_IN_WORKBOOK,3510
357,34.7015818,32.5274213,2022-05-22T06:48:57.467000,NOT_SPECIFIED_IN_WORKBOOK,3511
357,34.7015818,32.5274213,2022-05-22T06:49:02.459000,NOT_SPECIFIED_IN_WORKBOOK,3512
357,34.7015818,32.5274213,2022-05-22T06:49:06.455000,NOT_SPECIFIED_IN_WORKBOOK,3513
357,34.7015818,32.5274213,2022-05-22T06:49:10.466000,NOT_SPECIFIED_IN_WORKBOOK,3514
357,34.7015808,32.5274165,2022-05-22T06:49:14.467000,NOT_SPECIFIED_IN_WORKBOOK,3515
357,34.701579,32.5274249,2022-05-22T06:49:19.466000,NOT_SPECIFIED_IN_WORKBOOK,3516
357,34.7015813,32.5274285,2022-05-22T06:49:24.443000,NOT_SPECIFIED_IN_WORKBOOK,3517
357,34.7015813,32.5274285,2022-05-22T06:49:28.454000,NOT_SPECIFIED_IN_WORKBOOK,3518
357,34.7015813,32.5274285,2022-05-22T06:49:32.476000,NOT_SPECIFIED_IN_WORKBOOK,3519
357,34.7015807,32.5274215,2022-05-22T06:49:37.463000,NOT_SPECIFIED_IN_WORKBOOK,3520
357,34.7015808,32.5274079,2022-05-22T06:49:42.462000,NOT_SPECIFIED_IN_WORKBOOK,3521
357,34.7015843,32.5274145,2022-05-22T06:49:47.466000,NOT_SPECIFIED_IN_WORKBOOK,3522
357,34.701587,32.5274178,2022-05-22T06:49:52.468000,NOT_SPECIFIED_IN_WORKBOOK,3523
357,34.7015872,32.527418,2022-05-22T06:49:57.441000,NOT_SPECIFIED_IN_WORKBOOK,3524
357,34.7015889,32.5274127,2022-05-22T06:50:02.444000,NOT_SPECIFIED_IN_WORKBOOK,3525
357,34.7015898,32.5274141,2022-05-22T06:50:07.444000,NOT_SPECIFIED_IN_WORKBOOK,3526
357,34.7015894,32.5274154,2022-05-22T06:50:11.460000,NOT_SPECIFIED_IN_WORKBOOK,3527
357,34.7015892,32.5274158,2022-05-22T06:50:15.465000,NOT_SPECIFIED_IN_WORKBOOK,3528
357,34.7015895,32.527416,2022-05-22T06:50:20.449000,NOT_SPECIFIED_IN_WORKBOOK,3529
357,34.7015867,32.5274151,2022-05-22T06:50:25.444000,NOT_SPECIFIED_IN_WORKBOOK,3530
357,34.7015816,32.5274157,2022-05-22T06:50:29.459000,NOT_SPECIFIED_IN_WORKBOOK,3531
357,34.7015865,32.5273972,2022-05-22T06:50:33.469000,NOT_SPECIFIED_IN_WORKBOOK,3532
357,34.7015948,32.5273807,2022-05-22T06:50:37.471000,NOT_SPECIFIED_IN_WORKBOOK,3533
357,34.7015974,32.5273815,2022-05-22T06:50:42.480000,NOT_SPECIFIED_IN_WORKBOOK,3534
357,34.7015974,32.5273816,2022-05-22T06:50:47.475000,NOT_SPECIFIED_IN_WORKBOOK,3535
357,34.7015974,32.5273816,2022-05-22T06:50:52.460000,NOT_SPECIFIED_IN_WORKBOOK,3536
357,34.7015981,32.5273884,2022-05-22T06:50:56.473000,NOT_SPECIFIED_IN_WORKBOOK,3537
357,34.7015959,32.52739,2022-05-22T06:51:01.473000,NOT_SPECIFIED_IN_WORKBOOK,3538
357,34.7015922,32.5273867,2022-05-22T06:51:06.444000,NOT_SPECIFIED_IN_WORKBOOK,3539
357,34.7015919,32.5273831,2022-05-22T06:51:11.443000,NOT_SPECIFIED_IN_WORKBOOK,3540
357,34.7015899,32.5273785,2022-05-22T06:51:15.461000,NOT_SPECIFIED_IN_WORKBOOK,3541
357,34.701586,32.5273847,2022-05-22T06:51:19.000000,NOT_SPECIFIED_IN_WORKBOOK,3542
357,34.7015825,32.5273944,2022-05-22T06:51:24.494000,NOT_SPECIFIED_IN_WORKBOOK,3543
357,34.7015829,32.5273967,2022-05-22T06:51:29.472000,NOT_SPECIFIED_IN_WORKBOOK,3544
357,34.7015829,32.5273969,2022-05-22T06:51:33.468000,NOT_SPECIFIED_IN_WORKBOOK,3545
357,34.7015829,32.5273969,2022-05-22T06:51:37.455000,NOT_SPECIFIED_IN_WORKBOOK,3546
357,34.7015829,32.5273969,2022-05-22T06:51:41.463000,NOT_SPECIFIED_IN_WORKBOOK,3547
357,34.7015806,32.5274023,2022-05-22T06:51:45.465000,NOT_SPECIFIED_IN_WORKBOOK,3548
357,34.7015784,32.5274061,2022-05-22T06:51:49.467000,NOT_SPECIFIED_IN_WORKBOOK,3549
357,34.7015773,32.5274094,2022-05-22T06:51:54.494000,NOT_SPECIFIED_IN_WORKBOOK,3550
357,34.7015773,32.5274094,2022-05-22T06:51:59.467000,NOT_SPECIFIED_IN_WORKBOOK,3551
357,34.7015773,32.5274094,2022-05-22T06:52:04.467000,NOT_SPECIFIED_IN_WORKBOOK,3552
357,34.7015773,32.5274094,2022-05-22T06:52:08.468000,NOT_SPECIFIED_IN_WORKBOOK,3553
357,34.7015737,32.52741,2022-05-22T06:52:12.478000,NOT_SPECIFIED_IN_WORKBOOK,3554
357,34.7015754,32.5274233,2022-05-22T06:52:17.479000,NOT_SPECIFIED_IN_WORKBOOK,3555
357,34.7015765,32.5274259,2022-05-22T06:52:22.502000,NOT_SPECIFIED_IN_WORKBOOK,3556
357,34.7015766,32.527426,2022-05-22T06:52:27.488000,NOT_SPECIFIED_IN_WORKBOOK,3557
357,34.7015766,32.527426,2022-05-22T06:52:32.483000,NOT_SPECIFIED_IN_WORKBOOK,3558
357,34.7015766,32.527426,2022-05-22T06:52:37.472000,NOT_SPECIFIED_IN_WORKBOOK,3559
357,34.7015766,32.527426,2022-05-22T06:52:42.468000,NOT_SPECIFIED_IN_WORKBOOK,3560
357,34.7015766,32.527426,2022-05-22T06:52:46.464000,NOT_SPECIFIED_IN_WORKBOOK,3561
357,34.7015766,32.527426,2022-05-22T06:52:50.493000,NOT_SPECIFIED_IN_WORKBOOK,3562
357,34.7015766,32.527426,2022-05-22T06:52:54.489000,NOT_SPECIFIED_IN_WORKBOOK,3563
357,34.7015766,32.527426,2022-05-22T06:52:59.472000,NOT_SPECIFIED_IN_WORKBOOK,3564
357,34.7015786,32.5274232,2022-05-22T06:53:04.453000,NOT_SPECIFIED_IN_WORKBOOK,3565
357,34.7015864,32.5274215,2022-05-22T06:53:08.457000,NOT_SPECIFIED_IN_WORKBOOK,3566
357,34.7015674,32.5274071,2022-05-22T06:53:13.444000,NOT_SPECIFIED_IN_WORKBOOK,3567
357,34.7015715,32.5274081,2022-05-22T06:53:17.467000,NOT_SPECIFIED_IN_WORKBOOK,3568
357,34.7015748,32.5274097,2022-05-22T06:53:22.466000,NOT_SPECIFIED_IN_WORKBOOK,3569
357,34.7015767,32.5274213,2022-05-22T06:53:27.484000,NOT_SPECIFIED_IN_WORKBOOK,3570
357,34.7015855,32.5274149,2022-05-22T06:53:31.492000,NOT_SPECIFIED_IN_WORKBOOK,3571
357,34.7015856,32.5274241,2022-05-22T06:53:36.475000,NOT_SPECIFIED_IN_WORKBOOK,3572
357,34.7015849,32.5274543,2022-05-22T06:53:41.463000,NOT_SPECIFIED_IN_WORKBOOK,3573
357,34.7015842,32.5274568,2022-05-22T06:53:45.470000,NOT_SPECIFIED_IN_WORKBOOK,3574
357,34.7015842,32.5274568,2022-05-22T06:53:49.486000,NOT_SPECIFIED_IN_WORKBOOK,3575
357,34.7015846,32.5274545,2022-05-22T06:53:54.478000,NOT_SPECIFIED_IN_WORKBOOK,3576
357,34.7015846,32.5274544,2022-05-22T06:53:58.478000,NOT_SPECIFIED_IN_WORKBOOK,3577
357,34.7015846,32.5274544,2022-05-22T06:54:02.486000,NOT_SPECIFIED_IN_WORKBOOK,3578
357,34.7015807,32.5274657,2022-05-22T06:54:07.473000,NOT_SPECIFIED_IN_WORKBOOK,3579
357,34.7015787,32.5274587,2022-05-22T06:54:12.465000,NOT_SPECIFIED_IN_WORKBOOK,3580
357,34.7015776,32.5274541,2022-05-22T06:54:16.469000,NOT_SPECIFIED_IN_WORKBOOK,3581
357,34.7015776,32.527454,2022-05-22T06:54:20.482000,NOT_SPECIFIED_IN_WORKBOOK,3582
357,34.7015776,32.527454,2022-05-22T06:54:25.469000,NOT_SPECIFIED_IN_WORKBOOK,3583
357,34.7015776,32.527454,2022-05-22T06:54:30.483000,NOT_SPECIFIED_IN_WORKBOOK,3584
357,34.7015775,32.5274534,2022-05-22T06:54:35.468000,NOT_SPECIFIED_IN_WORKBOOK,3585
357,34.7015774,32.5274527,2022-05-22T06:54:40.481000,NOT_SPECIFIED_IN_WORKBOOK,3586
357,34.7015774,32.5274527,2022-05-22T06:54:44.475000,NOT_SPECIFIED_IN_WORKBOOK,3587
357,34.7015779,32.5274518,2022-05-22T06:54:48.475000,NOT_SPECIFIED_IN_WORKBOOK,3588
357,34.7015786,32.5274509,2022-05-22T06:54:52.485000,NOT_SPECIFIED_IN_WORKBOOK,3589
357,34.7015786,32.5274508,2022-05-22T06:54:57.463000,NOT_SPECIFIED_IN_WORKBOOK,3590
357,34.7015791,32.5274494,2022-05-22T06:55:01.480000,NOT_SPECIFIED_IN_WORKBOOK,3591
357,34.7015823,32.5274476,2022-05-22T06:55:06.458000,NOT_SPECIFIED_IN_WORKBOOK,3592
357,34.7015869,32.527458,2022-05-22T06:55:10.456000,NOT_SPECIFIED_IN_WORKBOOK,3593
357,34.7016006,32.5274753,2022-05-22T06:55:14.512000,NOT_SPECIFIED_IN_WORKBOOK,3594
357,34.7016006,32.5274697,2022-05-22T06:55:19.468000,NOT_SPECIFIED_IN_WORKBOOK,3595
357,34.7016025,32.5274596,2022-05-22T06:55:24.483000,NOT_SPECIFIED_IN_WORKBOOK,3596
357,34.7016022,32.5274603,2022-05-22T06:55:28.000000,NOT_SPECIFIED_IN_WORKBOOK,3597
357,34.701602,32.5274607,2022-05-22T06:55:33.000000,NOT_SPECIFIED_IN_WORKBOOK,3598
357,34.7016019,32.5274609,2022-05-22T06:55:37.521000,NOT_SPECIFIED_IN_WORKBOOK,3599
357,34.7016039,32.5274574,2022-05-22T06:55:42.489000,NOT_SPECIFIED_IN_WORKBOOK,3600
357,34.7016037,32.5274577,2022-05-22T06:55:47.486000,NOT_SPECIFIED_IN_WORKBOOK,3601
357,34.7016026,32.5274563,2022-05-22T06:55:52.451000,NOT_SPECIFIED_IN_WORKBOOK,3602
357,34.7016007,32.5274531,2022-05-22T06:55:56.466000,NOT_SPECIFIED_IN_WORKBOOK,3603
357,34.7015925,32.5273996,2022-05-22T06:56:01.466000,NOT_SPECIFIED_IN_WORKBOOK,3604
357,34.701587,32.5273619,2022-05-22T06:56:06.480000,NOT_SPECIFIED_IN_WORKBOOK,3605
357,34.7015832,32.5273576,2022-05-22T06:56:11.470000,NOT_SPECIFIED_IN_WORKBOOK,3606
357,34.7015816,32.5273601,2022-05-22T06:56:15.470000,NOT_SPECIFIED_IN_WORKBOOK,3607
357,34.7015792,32.5273653,2022-05-22T06:56:20.474000,NOT_SPECIFIED_IN_WORKBOOK,3608
357,34.7015888,32.5274122,2022-05-22T06:56:25.468000,NOT_SPECIFIED_IN_WORKBOOK,3609
357,34.7015861,32.5274343,2022-05-22T06:56:30.461000,NOT_SPECIFIED_IN_WORKBOOK,3610
357,34.7015844,32.5274326,2022-05-22T06:56:34.473000,NOT_SPECIFIED_IN_WORKBOOK,3611
357,34.7015842,32.5274323,2022-05-22T06:56:39.483000,NOT_SPECIFIED_IN_WORKBOOK,3612
357,34.7015842,32.5274322,2022-05-22T06:56:44.466000,NOT_SPECIFIED_IN_WORKBOOK,3613
357,34.7015761,32.5274321,2022-05-22T06:56:49.471000,NOT_SPECIFIED_IN_WORKBOOK,3614
357,34.7015618,32.5274377,2022-05-22T06:56:54.493000,NOT_SPECIFIED_IN_WORKBOOK,3615
357,34.7015654,32.5274472,2022-05-22T06:56:59.466000,NOT_SPECIFIED_IN_WORKBOOK,3616
357,34.7015643,32.5274452,2022-05-22T06:57:04.460000,NOT_SPECIFIED_IN_WORKBOOK,3617
357,34.701565,32.5274449,2022-05-22T06:57:09.452000,NOT_SPECIFIED_IN_WORKBOOK,3618
357,34.7015656,32.5274193,2022-05-22T06:57:13.478000,NOT_SPECIFIED_IN_WORKBOOK,3619
357,34.7015656,32.5274328,2022-05-22T06:57:17.482000,NOT_SPECIFIED_IN_WORKBOOK,3620
357,34.7015612,32.5274485,2022-05-22T06:57:21.482000,NOT_SPECIFIED_IN_WORKBOOK,3621
357,34.7015732,32.527426,2022-05-22T06:57:26.484000,NOT_SPECIFIED_IN_WORKBOOK,3622
357,34.7015708,32.5274265,2022-05-22T06:57:31.479000,NOT_SPECIFIED_IN_WORKBOOK,3623
357,34.7015697,32.527426,2022-05-22T06:57:35.479000,NOT_SPECIFIED_IN_WORKBOOK,3624
357,34.7015694,32.5274259,2022-05-22T06:57:39.464000,NOT_SPECIFIED_IN_WORKBOOK,3625
357,34.7015738,32.527429,2022-05-22T06:57:43.454000,NOT_SPECIFIED_IN_WORKBOOK,3626
357,34.7015722,32.5274288,2022-05-22T06:57:48.451000,NOT_SPECIFIED_IN_WORKBOOK,3627
357,34.7015702,32.527427,2022-05-22T06:57:52.466000,NOT_SPECIFIED_IN_WORKBOOK,3628
357,34.7015695,32.5274261,2022-05-22T06:57:56.479000,NOT_SPECIFIED_IN_WORKBOOK,3629
357,34.7015659,32.5274325,2022-05-22T06:58:00.485000,NOT_SPECIFIED_IN_WORKBOOK,3630
357,34.7015644,32.5274155,2022-05-22T06:58:04.490000,NOT_SPECIFIED_IN_WORKBOOK,3631
357,34.701628,32.5274451,2022-05-22T06:58:09.509000,NOT_SPECIFIED_IN_WORKBOOK,3632
357,34.7016809,32.5274871,2022-05-22T06:58:14.485000,NOT_SPECIFIED_IN_WORKBOOK,3633
357,34.7017119,32.527495,2022-05-22T06:58:19.477000,NOT_SPECIFIED_IN_WORKBOOK,3634
357,34.7017217,32.5275143,2022-05-22T06:58:23.480000,NOT_SPECIFIED_IN_WORKBOOK,3635
357,34.7017469,32.5275353,2022-05-22T06:58:28.489000,NOT_SPECIFIED_IN_WORKBOOK,3636
357,34.701764,32.527575,2022-05-22T06:58:32.484000,NOT_SPECIFIED_IN_WORKBOOK,3637
357,34.7017713,32.5276151,2022-05-22T06:58:36.484000,NOT_SPECIFIED_IN_WORKBOOK,3638
357,34.7017855,32.5276579,2022-05-22T06:58:41.489000,NOT_SPECIFIED_IN_WORKBOOK,3639
357,34.7017832,32.5276972,2022-05-22T06:58:45.488000,NOT_SPECIFIED_IN_WORKBOOK,3640
357,34.7017845,32.5277082,2022-05-22T06:58:49.494000,NOT_SPECIFIED_IN_WORKBOOK,3641
357,34.7017851,32.5277056,2022-05-22T06:58:54.520000,NOT_SPECIFIED_IN_WORKBOOK,3642
357,34.7017846,32.5277054,2022-05-22T06:58:58.486000,NOT_SPECIFIED_IN_WORKBOOK,3643
357,34.7017845,32.5277053,2022-05-22T06:59:02.507000,NOT_SPECIFIED_IN_WORKBOOK,3644
357,34.7017844,32.5277053,2022-05-22T06:59:07.461000,NOT_SPECIFIED_IN_WORKBOOK,3645
357,34.7017844,32.5277053,2022-05-22T06:59:12.463000,NOT_SPECIFIED_IN_WORKBOOK,3646
357,34.7017844,32.5277053,2022-05-22T06:59:16.477000,NOT_SPECIFIED_IN_WORKBOOK,3647
357,34.7017844,32.5277053,2022-05-22T06:59:20.483000,NOT_SPECIFIED_IN_WORKBOOK,3648
357,34.7017844,32.5277053,2022-05-22T06:59:24.480000,NOT_SPECIFIED_IN_WORKBOOK,3649
357,34.7017844,32.5277053,2022-05-22T06:59:29.485000,NOT_SPECIFIED_IN_WORKBOOK,3650
357,34.7017821,32.527704,2022-05-22T06:59:33.489000,NOT_SPECIFIED_IN_WORKBOOK,3651
357,34.7017518,32.5277029,2022-05-22T06:59:37.491000,NOT_SPECIFIED_IN_WORKBOOK,3652
357,34.701709,32.5277382,2022-05-22T06:59:42.484000,NOT_SPECIFIED_IN_WORKBOOK,3653
357,34.7016775,32.5277783,2022-05-22T06:59:47.482000,NOT_SPECIFIED_IN_WORKBOOK,3654
357,34.701666,32.5278047,2022-05-22T06:59:51.509000,NOT_SPECIFIED_IN_WORKBOOK,3655
357,34.7016539,32.5278313,2022-05-22T06:59:56.497000,NOT_SPECIFIED_IN_WORKBOOK,3656
357,34.7016511,32.5278299,2022-05-22T07:00:01.481000,NOT_SPECIFIED_IN_WORKBOOK,3657
357,34.7016407,32.5278696,2022-05-22T07:00:05.482000,NOT_SPECIFIED_IN_WORKBOOK,3658
357,34.7016456,32.5279193,2022-05-22T07:00:09.461000,NOT_SPECIFIED_IN_WORKBOOK,3659
357,34.701617,32.5279445,2022-05-22T07:00:13.463000,NOT_SPECIFIED_IN_WORKBOOK,3660
357,34.7015916,32.5279527,2022-05-22T07:00:18.463000,NOT_SPECIFIED_IN_WORKBOOK,3661
357,34.7015384,32.5279321,2022-05-22T07:00:23.483000,NOT_SPECIFIED_IN_WORKBOOK,3662
357,34.7015192,32.5279376,2022-05-22T07:00:28.477000,NOT_SPECIFIED_IN_WORKBOOK,3663
357,34.7015492,32.527931,2022-05-22T07:00:33.439000,NOT_SPECIFIED_IN_WORKBOOK,3664
357,34.7015744,32.5279251,2022-05-22T07:00:37.467000,NOT_SPECIFIED_IN_WORKBOOK,3665
357,34.7015741,32.5279243,2022-05-22T07:00:42.477000,NOT_SPECIFIED_IN_WORKBOOK,3666
357,34.7015739,32.5279242,2022-05-22T07:00:47.467000,NOT_SPECIFIED_IN_WORKBOOK,3667
357,34.7015734,32.527927,2022-05-22T07:00:52.474000,NOT_SPECIFIED_IN_WORKBOOK,3668
357,34.7015304,32.527925,2022-05-22T07:00:57.483000,NOT_SPECIFIED_IN_WORKBOOK,3669
357,34.7014772,32.5279319,2022-05-22T07:01:02.483000,NOT_SPECIFIED_IN_WORKBOOK,3670
357,34.7014487,32.5279335,2022-05-22T07:01:06.480000,NOT_SPECIFIED_IN_WORKBOOK,3671
357,34.7014017,32.5279463,2022-05-22T07:01:11.504000,NOT_SPECIFIED_IN_WORKBOOK,3672
357,34.7013672,32.5279554,2022-05-22T07:01:15.483000,NOT_SPECIFIED_IN_WORKBOOK,3673
357,34.7013351,32.5279609,2022-05-22T07:01:19.467000,NOT_SPECIFIED_IN_WORKBOOK,3674
357,34.7013334,32.5279618,2022-05-22T07:01:23.485000,NOT_SPECIFIED_IN_WORKBOOK,3675
357,34.7013225,32.5279648,2022-05-22T07:01:27.494000,NOT_SPECIFIED_IN_WORKBOOK,3676
357,34.701268,32.5279617,2022-05-22T07:01:32.485000,NOT_SPECIFIED_IN_WORKBOOK,3677
357,34.7012302,32.5279625,2022-05-22T07:01:36.464000,NOT_SPECIFIED_IN_WORKBOOK,3678
357,34.7011823,32.5279839,2022-05-22T07:01:41.461000,NOT_SPECIFIED_IN_WORKBOOK,3679
357,34.7011446,32.528012,2022-05-22T07:01:45.502000,NOT_SPECIFIED_IN_WORKBOOK,3680
357,34.7011068,32.5280426,2022-05-22T07:01:49.472000,NOT_SPECIFIED_IN_WORKBOOK,3681
357,34.7010617,32.5280832,2022-05-22T07:01:54.459000,NOT_SPECIFIED_IN_WORKBOOK,3682
357,34.7010331,32.5281138,2022-05-22T07:01:58.483000,NOT_SPECIFIED_IN_WORKBOOK,3683
357,34.7009936,32.5281419,2022-05-22T07:02:03.475000,NOT_SPECIFIED_IN_WORKBOOK,3684
357,34.7009606,32.5281726,2022-05-22T07:02:08.485000,NOT_SPECIFIED_IN_WORKBOOK,3685
357,34.7009679,32.5282248,2022-05-22T07:02:13.513000,NOT_SPECIFIED_IN_WORKBOOK,3686
357,34.7009811,32.5282765,2022-05-22T07:02:17.477000,NOT_SPECIFIED_IN_WORKBOOK,3687
357,34.7009825,32.5283298,2022-05-22T07:02:21.491000,NOT_SPECIFIED_IN_WORKBOOK,3688
357,34.7009878,32.5283774,2022-05-22T07:02:25.492000,NOT_SPECIFIED_IN_WORKBOOK,3689
357,34.7009977,32.5284325,2022-05-22T07:02:30.512000,NOT_SPECIFIED_IN_WORKBOOK,3690
357,34.7010005,32.5284751,2022-05-22T07:02:34.491000,NOT_SPECIFIED_IN_WORKBOOK,3691
357,34.7009984,32.528528,2022-05-22T07:02:39.476000,NOT_SPECIFIED_IN_WORKBOOK,3692
357,34.7010026,32.5285592,2022-05-22T07:02:43.483000,NOT_SPECIFIED_IN_WORKBOOK,3693
357,34.7010023,32.5285558,2022-05-22T07:02:48.484000,NOT_SPECIFIED_IN_WORKBOOK,3694
357,34.7009995,32.5285188,2022-05-22T07:02:52.513000,NOT_SPECIFIED_IN_WORKBOOK,3695
357,34.7009862,32.5284481,2022-05-22T07:02:57.481000,NOT_SPECIFIED_IN_WORKBOOK,3696
357,34.7009783,32.528391,2022-05-22T07:03:01.483000,NOT_SPECIFIED_IN_WORKBOOK,3697
357,34.7009741,32.5283251,2022-05-22T07:03:06.484000,NOT_SPECIFIED_IN_WORKBOOK,3698
357,34.7009702,32.5282901,2022-05-22T07:03:10.480000,NOT_SPECIFIED_IN_WORKBOOK,3699
357,34.7009677,32.5282447,2022-05-22T07:03:14.508000,NOT_SPECIFIED_IN_WORKBOOK,3700
357,34.7009645,32.5282074,2022-05-22T07:03:18.480000,NOT_SPECIFIED_IN_WORKBOOK,3701
357,34.7009586,32.5281666,2022-05-22T07:03:22.493000,NOT_SPECIFIED_IN_WORKBOOK,3702
357,34.7009827,32.5281364,2022-05-22T07:03:26.488000,NOT_SPECIFIED_IN_WORKBOOK,3703
357,34.7010138,32.5280926,2022-05-22T07:03:31.475000,NOT_SPECIFIED_IN_WORKBOOK,3704
357,34.701018,32.5280483,2022-05-22T07:03:35.475000,NOT_SPECIFIED_IN_WORKBOOK,3705
357,34.7010106,32.528044,2022-05-22T07:03:39.483000,NOT_SPECIFIED_IN_WORKBOOK,3706
357,34.7010069,32.5280441,2022-05-22T07:03:44.485000,NOT_SPECIFIED_IN_WORKBOOK,3707
357,34.7010048,32.5280379,2022-05-22T07:03:48.482000,NOT_SPECIFIED_IN_WORKBOOK,3708
357,34.7010054,32.5280397,2022-05-22T07:03:52.488000,NOT_SPECIFIED_IN_WORKBOOK,3709
357,34.7010056,32.5280391,2022-05-22T07:03:57.488000,NOT_SPECIFIED_IN_WORKBOOK,3710
357,34.7009993,32.5280379,2022-05-22T07:04:02.497000,NOT_SPECIFIED_IN_WORKBOOK,3711
359,34.6988342,32.5294464,2022-05-22T06:25:32.253000,NOT_SPECIFIED_IN_WORKBOOK,3712
359,34.6988342,32.5294464,2022-05-22T06:25:39.000000,NOT_SPECIFIED_IN_WORKBOOK,3713
359,34.6988089,32.529504,2022-05-22T06:25:48.568000,NOT_SPECIFIED_IN_WORKBOOK,3714
359,34.6988105,32.5295025,2022-05-22T06:25:58.788000,NOT_SPECIFIED_IN_WORKBOOK,3715
359,34.6988109,32.5295033,2022-05-22T06:26:08.577000,NOT_SPECIFIED_IN_WORKBOOK,3716
359,34.6988109,32.5295032,2022-05-22T06:26:18.532000,NOT_SPECIFIED_IN_WORKBOOK,3717
359,34.6988109,32.5295032,2022-05-22T06:26:28.746000,NOT_SPECIFIED_IN_WORKBOOK,3718
359,34.6988109,32.5295032,2022-05-22T06:26:38.676000,NOT_SPECIFIED_IN_WORKBOOK,3719
359,34.6988109,32.5295032,2022-05-22T06:26:49.345000,NOT_SPECIFIED_IN_WORKBOOK,3720
359,34.6988109,32.5295032,2022-05-22T06:26:58.352000,NOT_SPECIFIED_IN_WORKBOOK,3721
359,34.6988109,32.5295032,2022-05-22T06:27:08.343000,NOT_SPECIFIED_IN_WORKBOOK,3722
359,34.6988109,32.5295032,2022-05-22T06:27:18.346000,NOT_SPECIFIED_IN_WORKBOOK,3723
359,34.6988111,32.5295013,2022-05-22T06:27:26.256000,NOT_SPECIFIED_IN_WORKBOOK,3724
359,34.6988118,32.5295003,2022-05-22T06:27:31.344000,NOT_SPECIFIED_IN_WORKBOOK,3725
359,34.6988154,32.529499,2022-05-22T06:27:38.340000,NOT_SPECIFIED_IN_WORKBOOK,3726
359,34.6988114,32.5295029,2022-05-22T06:27:48.340000,NOT_SPECIFIED_IN_WORKBOOK,3727
359,34.6988179,32.5294885,2022-05-22T06:27:52.904000,NOT_SPECIFIED_IN_WORKBOOK,3728
359,34.6988117,32.529502,2022-05-22T06:27:57.338000,NOT_SPECIFIED_IN_WORKBOOK,3729
359,34.6988109,32.5295032,2022-05-22T06:28:07.339000,NOT_SPECIFIED_IN_WORKBOOK,3730
359,34.6988109,32.5295032,2022-05-22T06:28:16.348000,NOT_SPECIFIED_IN_WORKBOOK,3731
359,34.6988109,32.5295032,2022-05-22T06:28:26.366000,NOT_SPECIFIED_IN_WORKBOOK,3732
359,34.6988109,32.5295032,2022-05-22T06:28:36.334000,NOT_SPECIFIED_IN_WORKBOOK,3733
359,34.6988109,32.5295032,2022-05-22T06:28:46.348000,NOT_SPECIFIED_IN_WORKBOOK,3734
359,34.6988109,32.5295032,2022-05-22T06:28:56.356000,NOT_SPECIFIED_IN_WORKBOOK,3735
359,34.6988109,32.5295032,2022-05-22T06:29:06.336000,NOT_SPECIFIED_IN_WORKBOOK,3736
359,34.6988511,32.5295405,2022-05-22T06:29:15.347000,NOT_SPECIFIED_IN_WORKBOOK,3737
359,34.6989043,32.5295834,2022-05-22T06:29:21.468000,NOT_SPECIFIED_IN_WORKBOOK,3738
359,34.6989764,32.5296136,2022-05-22T06:29:28.838000,NOT_SPECIFIED_IN_WORKBOOK,3739
359,34.699005,32.5296295,2022-05-22T06:29:32.666000,NOT_SPECIFIED_IN_WORKBOOK,3740
359,34.6989935,32.5296289,2022-05-22T06:29:39.011000,NOT_SPECIFIED_IN_WORKBOOK,3741
359,34.6989846,32.5296262,2022-05-22T06:29:42.666000,NOT_SPECIFIED_IN_WORKBOOK,3742
359,34.6989696,32.5296149,2022-05-22T06:29:46.722000,NOT_SPECIFIED_IN_WORKBOOK,3743
359,34.6989499,32.529596,2022-05-22T06:29:51.946000,NOT_SPECIFIED_IN_WORKBOOK,3744
359,34.6988804,32.5295638,2022-05-22T06:29:59.153000,NOT_SPECIFIED_IN_WORKBOOK,3745
359,34.6988355,32.5295322,2022-05-22T06:30:05.103000,NOT_SPECIFIED_IN_WORKBOOK,3746
359,34.6988361,32.5295212,2022-05-22T06:30:11.340000,NOT_SPECIFIED_IN_WORKBOOK,3747
359,34.6988338,32.5295083,2022-05-22T06:30:18.936000,NOT_SPECIFIED_IN_WORKBOOK,3748
359,34.6988228,32.5295151,2022-05-22T06:30:28.925000,NOT_SPECIFIED_IN_WORKBOOK,3749
359,34.6988233,32.5295144,2022-05-22T06:30:39.253000,NOT_SPECIFIED_IN_WORKBOOK,3750
359,34.6988185,32.5295112,2022-05-22T06:30:49.035000,NOT_SPECIFIED_IN_WORKBOOK,3751
359,34.6988227,32.5295148,2022-05-22T06:30:59.034000,NOT_SPECIFIED_IN_WORKBOOK,3752
359,34.6988228,32.5295115,2022-05-22T06:31:09.194000,NOT_SPECIFIED_IN_WORKBOOK,3753
359,34.698821,32.5295114,2022-05-22T06:31:19.065000,NOT_SPECIFIED_IN_WORKBOOK,3754
359,34.698819,32.5295112,2022-05-22T06:31:29.019000,NOT_SPECIFIED_IN_WORKBOOK,3755
359,34.6988183,32.5295081,2022-05-22T06:31:38.330000,NOT_SPECIFIED_IN_WORKBOOK,3756
359,34.6988195,32.5295079,2022-05-22T06:31:48.330000,NOT_SPECIFIED_IN_WORKBOOK,3757
359,34.6988198,32.5295078,2022-05-22T06:31:57.346000,NOT_SPECIFIED_IN_WORKBOOK,3758
359,34.6988201,32.5295074,2022-05-22T06:32:07.340000,NOT_SPECIFIED_IN_WORKBOOK,3759
359,34.6988203,32.5295064,2022-05-22T06:32:17.325000,NOT_SPECIFIED_IN_WORKBOOK,3760
359,34.6988205,32.529507,2022-05-22T06:32:26.333000,NOT_SPECIFIED_IN_WORKBOOK,3761
359,34.6988203,32.5295082,2022-05-22T06:32:36.333000,NOT_SPECIFIED_IN_WORKBOOK,3762
359,34.6988204,32.5295086,2022-05-22T06:32:46.335000,NOT_SPECIFIED_IN_WORKBOOK,3763
359,34.6988204,32.5295082,2022-05-22T06:32:55.336000,NOT_SPECIFIED_IN_WORKBOOK,3764
359,34.6988201,32.5295084,2022-05-22T06:33:04.336000,NOT_SPECIFIED_IN_WORKBOOK,3765
359,34.6988147,32.5295074,2022-05-22T06:33:14.336000,NOT_SPECIFIED_IN_WORKBOOK,3766
359,34.6988127,32.5295081,2022-05-22T06:33:24.336000,NOT_SPECIFIED_IN_WORKBOOK,3767
359,34.6988204,32.5295098,2022-05-22T06:33:34.330000,NOT_SPECIFIED_IN_WORKBOOK,3768
359,34.6988202,32.5295077,2022-05-22T06:33:44.336000,NOT_SPECIFIED_IN_WORKBOOK,3769
359,34.6988218,32.52951,2022-05-22T06:33:54.341000,NOT_SPECIFIED_IN_WORKBOOK,3770
359,34.6988218,32.52951,2022-05-22T06:33:56.894000,NOT_SPECIFIED_IN_WORKBOOK,3771
359,34.6988213,32.5295104,2022-05-22T06:34:00.921000,NOT_SPECIFIED_IN_WORKBOOK,3772
359,34.6988288,32.5295158,2022-05-22T06:34:06.340000,NOT_SPECIFIED_IN_WORKBOOK,3773
359,34.6988361,32.5295169,2022-05-22T06:34:16.331000,NOT_SPECIFIED_IN_WORKBOOK,3774
359,34.698852,32.5295203,2022-05-22T06:34:39.771000,NOT_SPECIFIED_IN_WORKBOOK,3775
359,34.7096276,32.5357456,2022-05-22T06:34:48.175000,NOT_SPECIFIED_IN_WORKBOOK,3776
359,34.6988662,32.5294856,2022-05-22T06:35:04.699000,NOT_SPECIFIED_IN_WORKBOOK,3777
359,34.6988626,32.5294879,2022-05-22T06:35:10.921000,NOT_SPECIFIED_IN_WORKBOOK,3778
359,34.6989556,32.5294069,2022-05-22T06:35:15.360000,NOT_SPECIFIED_IN_WORKBOOK,3779
359,34.6990253,32.5293489,2022-05-22T06:35:19.758000,NOT_SPECIFIED_IN_WORKBOOK,3780
359,34.6990715,32.5293467,2022-05-22T06:35:24.153000,NOT_SPECIFIED_IN_WORKBOOK,3781
359,34.6990859,32.5293397,2022-05-22T06:35:29.108000,NOT_SPECIFIED_IN_WORKBOOK,3782
359,34.6991105,32.5293325,2022-05-22T06:35:33.323000,NOT_SPECIFIED_IN_WORKBOOK,3783
359,34.6991325,32.5293243,2022-05-22T06:35:38.438000,NOT_SPECIFIED_IN_WORKBOOK,3784
359,34.6991466,32.5293188,2022-05-22T06:35:42.995000,NOT_SPECIFIED_IN_WORKBOOK,3785
359,34.6991634,32.5293184,2022-05-22T06:35:48.282000,NOT_SPECIFIED_IN_WORKBOOK,3786
359,34.6991827,32.5293263,2022-05-22T06:35:52.517000,NOT_SPECIFIED_IN_WORKBOOK,3787
359,34.6992178,32.5293428,2022-05-22T06:35:56.903000,NOT_SPECIFIED_IN_WORKBOOK,3788
359,34.6992473,32.5293556,2022-05-22T06:36:01.008000,NOT_SPECIFIED_IN_WORKBOOK,3789
359,34.6992342,32.5293653,2022-05-22T06:37:28.456000,NOT_SPECIFIED_IN_WORKBOOK,3790
359,34.6993006,32.5293523,2022-05-22T06:37:34.591000,NOT_SPECIFIED_IN_WORKBOOK,3791
359,34.6993829,32.5293199,2022-05-22T06:37:39.154000,NOT_SPECIFIED_IN_WORKBOOK,3792
359,34.699558,32.5292498,2022-05-22T06:37:43.700000,NOT_SPECIFIED_IN_WORKBOOK,3793
359,34.6999064,32.5290367,2022-05-22T06:37:48.046000,NOT_SPECIFIED_IN_WORKBOOK,3794
359,34.6999869,32.5289261,2022-05-22T06:37:53.060000,NOT_SPECIFIED_IN_WORKBOOK,3795
359,34.7000424,32.5288504,2022-05-22T06:37:57.551000,NOT_SPECIFIED_IN_WORKBOOK,3796
359,34.700329,32.528537,2022-05-22T06:39:11.988000,NOT_SPECIFIED_IN_WORKBOOK,3797
359,34.7005771,32.528233,2022-05-22T06:39:21.339000,NOT_SPECIFIED_IN_WORKBOOK,3798
359,34.7005997,32.5282107,2022-05-22T06:39:26.185000,NOT_SPECIFIED_IN_WORKBOOK,3799
359,34.7005999,32.5282113,2022-05-22T06:39:30.344000,NOT_SPECIFIED_IN_WORKBOOK,3800
359,34.7006629,32.52819,2022-05-22T06:39:35.187000,NOT_SPECIFIED_IN_WORKBOOK,3801
359,34.7006926,32.5281712,2022-05-22T06:39:39.987000,NOT_SPECIFIED_IN_WORKBOOK,3802
359,34.7007214,32.5281581,2022-05-22T06:39:45.400000,NOT_SPECIFIED_IN_WORKBOOK,3803
359,34.7007337,32.5281435,2022-05-22T06:39:49.356000,NOT_SPECIFIED_IN_WORKBOOK,3804
359,34.7007418,32.5281348,2022-05-22T06:39:55.196000,NOT_SPECIFIED_IN_WORKBOOK,3805
359,34.7007445,32.528132,2022-05-22T06:39:58.724000,NOT_SPECIFIED_IN_WORKBOOK,3806
359,34.7007812,32.5280879,2022-05-22T06:40:04.808000,NOT_SPECIFIED_IN_WORKBOOK,3807
359,34.700798,32.5280478,2022-05-22T06:40:09.342000,NOT_SPECIFIED_IN_WORKBOOK,3808
359,34.7008164,32.5279592,2022-05-22T06:40:13.883000,NOT_SPECIFIED_IN_WORKBOOK,3809
359,34.7008315,32.5278975,2022-05-22T06:40:18.347000,NOT_SPECIFIED_IN_WORKBOOK,3810
359,34.7008837,32.527848,2022-05-22T06:40:22.532000,NOT_SPECIFIED_IN_WORKBOOK,3811
359,34.7009023,32.5277873,2022-05-22T06:40:28.346000,NOT_SPECIFIED_IN_WORKBOOK,3812
359,34.700956,32.5277495,2022-05-22T06:40:35.254000,NOT_SPECIFIED_IN_WORKBOOK,3813
359,34.7009554,32.5277569,2022-05-22T06:40:38.612000,NOT_SPECIFIED_IN_WORKBOOK,3814
359,34.7009455,32.5277639,2022-05-22T06:40:42.894000,NOT_SPECIFIED_IN_WORKBOOK,3815
359,34.7009569,32.5277473,2022-05-22T06:40:46.914000,NOT_SPECIFIED_IN_WORKBOOK,3816
359,34.7009959,32.5277244,2022-05-22T06:40:53.072000,NOT_SPECIFIED_IN_WORKBOOK,3817
359,34.7010394,32.5277274,2022-05-22T06:41:04.345000,NOT_SPECIFIED_IN_WORKBOOK,3818
359,34.7010478,32.5277482,2022-05-22T06:41:09.431000,NOT_SPECIFIED_IN_WORKBOOK,3819
359,34.7010439,32.5277432,2022-05-22T06:41:13.912000,NOT_SPECIFIED_IN_WORKBOOK,3820
359,34.7010157,32.5276455,2022-05-22T06:41:18.893000,NOT_SPECIFIED_IN_WORKBOOK,3821
359,34.7010192,32.5275829,2022-05-22T06:41:23.348000,NOT_SPECIFIED_IN_WORKBOOK,3822
359,34.7010619,32.5274749,2022-05-22T06:41:27.751000,NOT_SPECIFIED_IN_WORKBOOK,3823
359,34.7010986,32.5274413,2022-05-22T06:41:31.811000,NOT_SPECIFIED_IN_WORKBOOK,3824
359,34.7011501,32.5274645,2022-05-22T06:41:35.919000,NOT_SPECIFIED_IN_WORKBOOK,3825
359,34.7107853,32.5102233,2022-05-22T06:48:43.626000,NOT_SPECIFIED_IN_WORKBOOK,3826
359,34.7015722,32.5274405,2022-05-22T06:48:54.340000,NOT_SPECIFIED_IN_WORKBOOK,3827
359,34.7015685,32.5274392,2022-05-22T06:49:04.368000,NOT_SPECIFIED_IN_WORKBOOK,3828
359,34.7015694,32.527439,2022-05-22T06:49:13.346000,NOT_SPECIFIED_IN_WORKBOOK,3829
359,34.7015694,32.527439,2022-05-22T06:49:23.337000,NOT_SPECIFIED_IN_WORKBOOK,3830
359,34.7015694,32.527439,2022-05-22T06:49:32.358000,NOT_SPECIFIED_IN_WORKBOOK,3831
359,34.7015694,32.527439,2022-05-22T06:49:42.343000,NOT_SPECIFIED_IN_WORKBOOK,3832
359,34.7015694,32.527439,2022-05-22T06:49:51.344000,NOT_SPECIFIED_IN_WORKBOOK,3833
359,34.7015694,32.527439,2022-05-22T06:50:00.354000,NOT_SPECIFIED_IN_WORKBOOK,3834
359,34.7015694,32.527439,2022-05-22T06:50:09.361000,NOT_SPECIFIED_IN_WORKBOOK,3835
359,34.7015694,32.527439,2022-05-22T06:50:14.031000,NOT_SPECIFIED_IN_WORKBOOK,3836
359,34.7015694,32.527439,2022-05-22T06:50:19.342000,NOT_SPECIFIED_IN_WORKBOOK,3837
359,34.7015694,32.527439,2022-05-22T06:50:24.261000,NOT_SPECIFIED_IN_WORKBOOK,3838
359,34.7015694,32.527439,2022-05-22T06:50:29.343000,NOT_SPECIFIED_IN_WORKBOOK,3839
359,34.7015694,32.527439,2022-05-22T06:50:34.198000,NOT_SPECIFIED_IN_WORKBOOK,3840
359,34.7015694,32.527439,2022-05-22T06:50:39.354000,NOT_SPECIFIED_IN_WORKBOOK,3841
359,34.7015694,32.527439,2022-05-22T06:50:45.004000,NOT_SPECIFIED_IN_WORKBOOK,3842
359,34.7015694,32.527439,2022-05-22T06:50:49.331000,NOT_SPECIFIED_IN_WORKBOOK,3843
359,34.7015694,32.527439,2022-05-22T06:50:55.027000,NOT_SPECIFIED_IN_WORKBOOK,3844
359,34.7015694,32.527439,2022-05-22T06:50:59.336000,NOT_SPECIFIED_IN_WORKBOOK,3845
359,34.7015694,32.527439,2022-05-22T06:51:05.128000,NOT_SPECIFIED_IN_WORKBOOK,3846
359,34.7015694,32.527439,2022-05-22T06:51:15.070000,NOT_SPECIFIED_IN_WORKBOOK,3847
359,34.7015694,32.527439,2022-05-22T06:51:25.159000,NOT_SPECIFIED_IN_WORKBOOK,3848
359,34.7015694,32.527439,2022-05-22T06:51:35.146000,NOT_SPECIFIED_IN_WORKBOOK,3849
359,34.7015764,32.5274313,2022-05-22T06:51:45.209000,NOT_SPECIFIED_IN_WORKBOOK,3850
359,34.7015764,32.5274313,2022-05-22T06:51:55.218000,NOT_SPECIFIED_IN_WORKBOOK,3851
359,34.7015984,32.527438,2022-05-22T06:52:05.282000,NOT_SPECIFIED_IN_WORKBOOK,3852
359,34.7015813,32.5274312,2022-05-22T06:52:15.188000,NOT_SPECIFIED_IN_WORKBOOK,3853
359,34.7015783,32.5274302,2022-05-22T06:52:25.260000,NOT_SPECIFIED_IN_WORKBOOK,3854
359,34.7015776,32.52743,2022-05-22T06:52:34.329000,NOT_SPECIFIED_IN_WORKBOOK,3855
359,34.7015776,32.52743,2022-05-22T06:52:43.338000,NOT_SPECIFIED_IN_WORKBOOK,3856
359,34.7015776,32.52743,2022-05-22T06:52:53.329000,NOT_SPECIFIED_IN_WORKBOOK,3857
359,34.7015776,32.52743,2022-05-22T06:53:02.335000,NOT_SPECIFIED_IN_WORKBOOK,3858
359,34.7015776,32.52743,2022-05-22T06:53:11.347000,NOT_SPECIFIED_IN_WORKBOOK,3859
359,34.7015869,32.527435,2022-05-22T06:53:21.338000,NOT_SPECIFIED_IN_WORKBOOK,3860
359,34.7015812,32.5274297,2022-05-22T06:53:31.341000,NOT_SPECIFIED_IN_WORKBOOK,3861
359,34.7015819,32.5274288,2022-05-22T06:53:41.345000,NOT_SPECIFIED_IN_WORKBOOK,3862
359,34.7015734,32.5274366,2022-05-22T06:53:51.327000,NOT_SPECIFIED_IN_WORKBOOK,3863
359,34.7015721,32.5274314,2022-05-22T06:54:00.336000,NOT_SPECIFIED_IN_WORKBOOK,3864
359,34.7015707,32.5274301,2022-05-22T06:54:04.638000,NOT_SPECIFIED_IN_WORKBOOK,3865
359,34.7015686,32.5274297,2022-05-22T06:54:09.344000,NOT_SPECIFIED_IN_WORKBOOK,3866
359,34.7015654,32.5274322,2022-05-22T06:54:15.486000,NOT_SPECIFIED_IN_WORKBOOK,3867
359,34.7015716,32.527437,2022-05-22T06:54:19.338000,NOT_SPECIFIED_IN_WORKBOOK,3868
359,34.7015708,32.5274359,2022-05-22T06:54:25.223000,NOT_SPECIFIED_IN_WORKBOOK,3869
359,34.7015724,32.5274368,2022-05-22T06:54:29.346000,NOT_SPECIFIED_IN_WORKBOOK,3870
359,34.7015726,32.5274369,2022-05-22T06:54:35.514000,NOT_SPECIFIED_IN_WORKBOOK,3871
359,34.7015754,32.5274403,2022-05-22T06:54:39.323000,NOT_SPECIFIED_IN_WORKBOOK,3872
359,34.7015754,32.5274404,2022-05-22T06:54:45.475000,NOT_SPECIFIED_IN_WORKBOOK,3873
359,34.7015756,32.5274406,2022-05-22T06:54:55.586000,NOT_SPECIFIED_IN_WORKBOOK,3874
359,34.7015756,32.5274406,2022-05-22T06:55:05.530000,NOT_SPECIFIED_IN_WORKBOOK,3875
359,34.7015756,32.5274406,2022-05-22T06:55:15.556000,NOT_SPECIFIED_IN_WORKBOOK,3876
359,34.7015694,32.5274413,2022-05-22T06:55:25.525000,NOT_SPECIFIED_IN_WORKBOOK,3877
359,34.7015711,32.5274403,2022-05-22T06:55:35.665000,NOT_SPECIFIED_IN_WORKBOOK,3878
359,34.7015733,32.5273798,2022-05-22T06:55:45.332000,NOT_SPECIFIED_IN_WORKBOOK,3879
359,34.7015793,32.5273741,2022-05-22T06:55:50.631000,NOT_SPECIFIED_IN_WORKBOOK,3880
359,34.7015846,32.527378,2022-05-22T06:55:57.327000,NOT_SPECIFIED_IN_WORKBOOK,3881
359,34.7015936,32.5273763,2022-05-22T06:56:02.038000,NOT_SPECIFIED_IN_WORKBOOK,3882
359,34.701643,32.5273556,2022-05-22T06:56:06.312000,NOT_SPECIFIED_IN_WORKBOOK,3883
359,34.7016926,32.5273308,2022-05-22T06:56:11.747000,NOT_SPECIFIED_IN_WORKBOOK,3884
359,34.7017591,32.5273251,2022-05-22T06:56:16.314000,NOT_SPECIFIED_IN_WORKBOOK,3885
359,34.7018005,32.5273271,2022-05-22T06:56:21.404000,NOT_SPECIFIED_IN_WORKBOOK,3886
359,34.7018389,32.5273348,2022-05-22T06:56:25.559000,NOT_SPECIFIED_IN_WORKBOOK,3887
359,34.7018898,32.5273275,2022-05-22T06:56:32.341000,NOT_SPECIFIED_IN_WORKBOOK,3888
359,34.7016607,32.5277509,2022-05-22T07:00:15.665000,NOT_SPECIFIED_IN_WORKBOOK,3889
359,34.7016367,32.5278026,2022-05-22T07:00:20.106000,NOT_SPECIFIED_IN_WORKBOOK,3890
359,34.701633,32.527858,2022-05-22T07:00:24.110000,NOT_SPECIFIED_IN_WORKBOOK,3891
359,34.7016299,32.5279234,2022-05-22T07:00:28.605000,NOT_SPECIFIED_IN_WORKBOOK,3892
359,34.7016594,32.527998,2022-05-22T07:00:36.350000,NOT_SPECIFIED_IN_WORKBOOK,3893
359,34.7016895,32.528018,2022-05-22T07:00:39.506000,NOT_SPECIFIED_IN_WORKBOOK,3894
359,34.7017389,32.5280115,2022-05-22T07:00:44.233000,NOT_SPECIFIED_IN_WORKBOOK,3895
359,34.7017918,32.5280239,2022-05-22T07:00:48.926000,NOT_SPECIFIED_IN_WORKBOOK,3896
359,34.7018472,32.5280253,2022-05-22T07:00:53.084000,NOT_SPECIFIED_IN_WORKBOOK,3897
359,34.7019003,32.5280523,2022-05-22T07:00:57.568000,NOT_SPECIFIED_IN_WORKBOOK,3898
359,34.7019442,32.528076,2022-05-22T07:01:01.869000,NOT_SPECIFIED_IN_WORKBOOK,3899
359,34.7024067,32.5281428,2022-05-22T07:02:49.545000,NOT_SPECIFIED_IN_WORKBOOK,3900
359,34.7024656,32.5281578,2022-05-22T07:02:54.214000,NOT_SPECIFIED_IN_WORKBOOK,3901
359,34.7025199,32.5281725,2022-05-22T07:02:58.616000,NOT_SPECIFIED_IN_WORKBOOK,3902
359,34.7025704,32.5281824,2022-05-22T07:03:03.323000,NOT_SPECIFIED_IN_WORKBOOK,3903
359,34.702589,32.5281858,2022-05-22T07:03:07.421000,NOT_SPECIFIED_IN_WORKBOOK,3904
359,34.7025854,32.528208,2022-05-22T07:03:12.094000,NOT_SPECIFIED_IN_WORKBOOK,3905
359,34.702536,32.5281917,2022-05-22T07:03:16.416000,NOT_SPECIFIED_IN_WORKBOOK,3906
359,34.7024992,32.5281715,2022-05-22T07:03:20.618000,NOT_SPECIFIED_IN_WORKBOOK,3907
359,34.7024424,32.5281703,2022-05-22T07:03:25.212000,NOT_SPECIFIED_IN_WORKBOOK,3908
359,34.7023914,32.5281857,2022-05-22T07:03:29.975000,NOT_SPECIFIED_IN_WORKBOOK,3909
359,34.7023166,32.5281659,2022-05-22T07:03:34.663000,NOT_SPECIFIED_IN_WORKBOOK,3910
359,34.7022535,32.5281475,2022-05-22T07:03:39.122000,NOT_SPECIFIED_IN_WORKBOOK,3911
359,34.7021782,32.5281187,2022-05-22T07:03:43.812000,NOT_SPECIFIED_IN_WORKBOOK,3912
359,34.7021109,32.5281032,2022-05-22T07:03:48.159000,NOT_SPECIFIED_IN_WORKBOOK,3913
359,34.7020549,32.5281183,2022-05-22T07:03:52.407000,NOT_SPECIFIED_IN_WORKBOOK,3914
359,34.7019997,32.5281259,2022-05-22T07:03:56.495000,NOT_SPECIFIED_IN_WORKBOOK,3915
359,34.7019325,32.5281162,2022-05-22T07:04:01.347000,NOT_SPECIFIED_IN_WORKBOOK,3916
359,34.7018887,32.5280802,2022-05-22T07:04:05.495000,NOT_SPECIFIED_IN_WORKBOOK,3917
359,34.701836,32.5280268,2022-05-22T07:04:10.000000,NOT_SPECIFIED_IN_WORKBOOK,3918
359,34.7018004,32.5279868,2022-05-22T07:04:14.000000,NOT_SPECIFIED_IN_WORKBOOK,3919
359,34.7017971,32.5279244,2022-05-22T07:04:19.000000,NOT_SPECIFIED_IN_WORKBOOK,3920
359,34.7017703,32.527942,2022-05-22T07:04:25.000000,NOT_SPECIFIED_IN_WORKBOOK,3921
359,34.701719,32.5279256,2022-05-22T07:04:29.035000,NOT_SPECIFIED_IN_WORKBOOK,3922
359,34.7016561,32.527944,2022-05-22T07:04:33.617000,NOT_SPECIFIED_IN_WORKBOOK,3923
359,34.7015914,32.5279384,2022-05-22T07:04:38.092000,NOT_SPECIFIED_IN_WORKBOOK,3924
359,34.7015375,32.5279279,2022-05-22T07:04:42.659000,NOT_SPECIFIED_IN_WORKBOOK,3925
359,34.7014727,32.5279187,2022-05-22T07:04:47.200000,NOT_SPECIFIED_IN_WORKBOOK,3926
359,34.7014161,32.5279229,2022-05-22T07:04:51.872000,NOT_SPECIFIED_IN_WORKBOOK,3927
359,34.7013569,32.5279273,2022-05-22T07:04:56.352000,NOT_SPECIFIED_IN_WORKBOOK,3928
359,34.7012941,32.5279394,2022-05-22T07:05:00.776000,NOT_SPECIFIED_IN_WORKBOOK,3929
359,34.7012339,32.52793,2022-05-22T07:05:05.230000,NOT_SPECIFIED_IN_WORKBOOK,3930
359,34.701168,32.5279372,2022-05-22T07:05:09.693000,NOT_SPECIFIED_IN_WORKBOOK,3931
359,34.7011153,32.5279691,2022-05-22T07:05:14.101000,NOT_SPECIFIED_IN_WORKBOOK,3932
359,34.7010694,32.5279879,2022-05-22T07:05:18.150000,NOT_SPECIFIED_IN_WORKBOOK,3933
359,34.7010204,32.5279832,2022-05-22T07:05:23.551000,NOT_SPECIFIED_IN_WORKBOOK,3934
359,34.7010161,32.5280075,2022-05-22T07:05:27.972000,NOT_SPECIFIED_IN_WORKBOOK,3935
359,34.7009962,32.5280125,2022-05-22T07:05:32.811000,NOT_SPECIFIED_IN_WORKBOOK,3936
359,34.7009822,32.5279815,2022-05-22T07:05:37.347000,NOT_SPECIFIED_IN_WORKBOOK,3937
359,34.7009602,32.527955,2022-05-22T07:05:44.914000,NOT_SPECIFIED_IN_WORKBOOK,3938
359,34.7009625,32.5279559,2022-05-22T07:05:49.057000,NOT_SPECIFIED_IN_WORKBOOK,3939
359,34.7009507,32.5279492,2022-05-22T07:05:53.068000,NOT_SPECIFIED_IN_WORKBOOK,3940
359,34.7009413,32.5279289,2022-05-22T07:05:58.511000,NOT_SPECIFIED_IN_WORKBOOK,3941
359,34.7009117,32.5279086,2022-05-22T07:06:02.790000,NOT_SPECIFIED_IN_WORKBOOK,3942
359,34.7008463,32.5278911,2022-05-22T07:06:07.711000,NOT_SPECIFIED_IN_WORKBOOK,3943
359,34.7007883,32.5278991,2022-05-22T07:06:12.217000,NOT_SPECIFIED_IN_WORKBOOK,3944
359,34.7007414,32.5279453,2022-05-22T07:06:16.880000,NOT_SPECIFIED_IN_WORKBOOK,3945
359,34.7007026,32.528011,2022-05-22T07:06:21.490000,NOT_SPECIFIED_IN_WORKBOOK,3946
359,34.7006764,32.5280734,2022-05-22T07:06:25.773000,NOT_SPECIFIED_IN_WORKBOOK,3947
359,34.7006398,32.5281112,2022-05-22T07:06:29.818000,NOT_SPECIFIED_IN_WORKBOOK,3948
359,34.7005959,32.528162,2022-05-22T07:06:34.349000,NOT_SPECIFIED_IN_WORKBOOK,3949
359,34.7005308,32.5281936,2022-05-22T07:06:39.452000,NOT_SPECIFIED_IN_WORKBOOK,3950
359,34.7004786,32.5282295,2022-05-22T07:06:43.590000,NOT_SPECIFIED_IN_WORKBOOK,3951
359,34.7004631,32.528241,2022-05-22T07:06:47.653000,NOT_SPECIFIED_IN_WORKBOOK,3952
359,34.7004328,32.5282806,2022-05-22T07:06:52.380000,NOT_SPECIFIED_IN_WORKBOOK,3953
359,34.7003948,32.5283051,2022-05-22T07:06:56.789000,NOT_SPECIFIED_IN_WORKBOOK,3954
359,34.7003612,32.5283533,2022-05-22T07:07:00.856000,NOT_SPECIFIED_IN_WORKBOOK,3955
359,34.700305,32.5283922,2022-05-22T07:07:05.394000,NOT_SPECIFIED_IN_WORKBOOK,3956
359,34.7002403,32.5284336,2022-05-22T07:07:10.114000,NOT_SPECIFIED_IN_WORKBOOK,3957
359,34.7002007,32.5284936,2022-05-22T07:07:14.362000,NOT_SPECIFIED_IN_WORKBOOK,3958
359,34.7001585,32.5285712,2022-05-22T07:07:20.802000,NOT_SPECIFIED_IN_WORKBOOK,3959
359,34.7001361,32.5286194,2022-05-22T07:07:23.612000,NOT_SPECIFIED_IN_WORKBOOK,3960
359,34.700114,32.5286577,2022-05-22T07:07:27.710000,NOT_SPECIFIED_IN_WORKBOOK,3961
359,34.7001092,32.5287161,2022-05-22T07:07:31.711000,NOT_SPECIFIED_IN_WORKBOOK,3962
359,34.7000586,32.5287454,2022-05-22T07:07:35.712000,NOT_SPECIFIED_IN_WORKBOOK,3963
359,34.700035,32.5288038,2022-05-22T07:07:40.116000,NOT_SPECIFIED_IN_WORKBOOK,3964
359,34.6999869,32.5288568,2022-05-22T07:07:45.168000,NOT_SPECIFIED_IN_WORKBOOK,3965
359,34.6999681,32.5289244,2022-05-22T07:07:49.749000,NOT_SPECIFIED_IN_WORKBOOK,3966
359,34.699922,32.5289655,2022-05-22T07:07:54.495000,NOT_SPECIFIED_IN_WORKBOOK,3967
359,34.6999008,32.5290355,2022-05-22T07:07:59.449000,NOT_SPECIFIED_IN_WORKBOOK,3968
359,34.6998544,32.5290894,2022-05-22T07:08:04.212000,NOT_SPECIFIED_IN_WORKBOOK,3969
359,34.6998397,32.5291649,2022-05-22T07:08:09.173000,NOT_SPECIFIED_IN_WORKBOOK,3970
359,34.6998298,32.5291587,2022-05-22T07:08:13.930000,NOT_SPECIFIED_IN_WORKBOOK,3971
359,34.6998282,32.5291783,2022-05-22T07:08:18.788000,NOT_SPECIFIED_IN_WORKBOOK,3972
359,34.6998207,32.529217,2022-05-22T07:08:23.087000,NOT_SPECIFIED_IN_WORKBOOK,3973
359,34.6998347,32.5292732,2022-05-22T07:08:27.630000,NOT_SPECIFIED_IN_WORKBOOK,3974
359,34.6998362,32.5293565,2022-05-22T07:08:32.000000,NOT_SPECIFIED_IN_WORKBOOK,3975
359,34.6998141,32.5294313,2022-05-22T07:08:38.000000,NOT_SPECIFIED_IN_WORKBOOK,3976
359,34.6997759,32.5294835,2022-05-22T07:08:41.952000,NOT_SPECIFIED_IN_WORKBOOK,3977
359,34.699773,32.5295331,2022-05-22T07:08:47.714000,NOT_SPECIFIED_IN_WORKBOOK,3978
359,34.6997881,32.5295155,2022-05-22T07:08:59.230000,NOT_SPECIFIED_IN_WORKBOOK,3979
359,34.699777,32.5295366,2022-05-22T07:09:03.810000,NOT_SPECIFIED_IN_WORKBOOK,3980
359,34.6997644,32.5295634,2022-05-22T07:09:08.137000,NOT_SPECIFIED_IN_WORKBOOK,3981
359,34.6997621,32.5296362,2022-05-22T07:09:12.597000,NOT_SPECIFIED_IN_WORKBOOK,3982
359,34.6997562,32.5296822,2022-05-22T07:09:17.408000,NOT_SPECIFIED_IN_WORKBOOK,3983
359,34.6996686,32.5297152,2022-05-22T07:09:21.849000,NOT_SPECIFIED_IN_WORKBOOK,3984
359,34.699618,32.5297336,2022-05-22T07:09:26.067000,NOT_SPECIFIED_IN_WORKBOOK,3985
359,34.6995702,32.5297808,2022-05-22T07:09:30.270000,NOT_SPECIFIED_IN_WORKBOOK,3986
359,34.6995063,32.5298085,2022-05-22T07:09:35.768000,NOT_SPECIFIED_IN_WORKBOOK,3987
359,34.6995257,32.5298138,2022-05-22T07:09:39.917000,NOT_SPECIFIED_IN_WORKBOOK,3988
359,34.6995473,32.5298142,2022-05-22T07:09:44.330000,NOT_SPECIFIED_IN_WORKBOOK,3989
359,34.6995373,32.5298664,2022-05-22T07:09:48.994000,NOT_SPECIFIED_IN_WORKBOOK,3990
359,34.6995179,32.5299477,2022-05-22T07:09:54.000000,NOT_SPECIFIED_IN_WORKBOOK,3991
359,34.6995143,32.5300413,2022-05-22T07:09:58.167000,NOT_SPECIFIED_IN_WORKBOOK,3992
359,34.6995103,32.5301247,2022-05-22T07:10:03.228000,NOT_SPECIFIED_IN_WORKBOOK,3993
359,34.6995081,32.5302071,2022-05-22T07:10:08.365000,NOT_SPECIFIED_IN_WORKBOOK,3994
359,34.6994929,32.5302942,2022-05-22T07:10:13.291000,NOT_SPECIFIED_IN_WORKBOOK,3995
359,34.6994764,32.5303584,2022-05-22T07:10:17.431000,NOT_SPECIFIED_IN_WORKBOOK,3996
359,34.6994518,32.5304229,2022-05-22T07:10:22.011000,NOT_SPECIFIED_IN_WORKBOOK,3997
359,34.6994216,32.5304674,2022-05-22T07:10:26.335000,NOT_SPECIFIED_IN_WORKBOOK,3998
359,34.6993753,32.530462,2022-05-22T07:10:31.107000,NOT_SPECIFIED_IN_WORKBOOK,3999
359,34.6993384,32.5304749,2022-05-22T07:10:35.307000,NOT_SPECIFIED_IN_WORKBOOK,4000
359,34.699341,32.5305053,2022-05-22T07:10:40.000000,NOT_SPECIFIED_IN_WORKBOOK,4001
359,34.6993443,32.5305693,2022-05-22T07:10:44.000000,NOT_SPECIFIED_IN_WORKBOOK,4002
359,34.699328,32.5306148,2022-05-22T07:10:49.000000,NOT_SPECIFIED_IN_WORKBOOK,4003
359,34.6993259,32.5306626,2022-05-22T07:10:53.000000,NOT_SPECIFIED_IN_WORKBOOK,4004
359,34.699272,32.5306551,2022-05-22T07:10:58.000000,NOT_SPECIFIED_IN_WORKBOOK,4005
359,34.6992606,32.5306741,2022-05-22T07:11:02.000000,NOT_SPECIFIED_IN_WORKBOOK,4006
359,34.699256,32.5306703,2022-05-22T07:11:11.371000,NOT_SPECIFIED_IN_WORKBOOK,4007
359,34.6992586,32.5306336,2022-05-22T07:11:21.365000,NOT_SPECIFIED_IN_WORKBOOK,4008
359,34.699259,32.5306284,2022-05-22T07:11:31.398000,NOT_SPECIFIED_IN_WORKBOOK,4009
359,34.6992589,32.5306316,2022-05-22T07:11:41.000000,NOT_SPECIFIED_IN_WORKBOOK,4010
359,34.6992578,32.5306311,2022-05-22T07:11:51.000000,NOT_SPECIFIED_IN_WORKBOOK,4011
359,34.6992651,32.5306651,2022-05-22T07:12:01.000000,NOT_SPECIFIED_IN_WORKBOOK,4012
