{"features": [{"geometry": {"coordinates": [126.2242541, 33.4112828], "type": "Point"}, "properties": {"access": "unknown", "category": "shelter", "category_label": "쉼터·숙박", "coordinate_kind": "node", "model_eligible": false, "name": "정자", "opening_hours": "", "osm_id": "node/10213258567"}, "type": "Feature"}, {"geometry": {"coordinates": [126.3097309, 33.4638603], "type": "Point"}, "properties": {"access": "unknown", "category": "food", "category_label": "식당·카페", "coordinate_kind": "node", "model_eligible": true, "name": "이름 미등록 시설", "opening_hours": "", "osm_id": "node/10567997209"}, "type": "Feature"}, {"geometry": {"coordinates": [126.2740883, 33.3573695], "type": "Point"}, "properties": {"access": "unknown", "category": "transit", "category_label": "정류장·터미널", "coordinate_kind": "node", "model_eligible": true, "name": "조성동입구 (조성동 방면)", "opening_hours": "", "osm_id": "node/10692233087"}, "type": "Feature"}, {"geometry": {"coordinates": [126.2740052, 33.3579048], "type": "Point"}, "properties": {"access": "unknown", "category": "food", "category_label": "식당·카페", "coordinate_kind": "node", "model_eligible": true, "name": "상명식당", "opening_hours": "", "osm_id": "node/10692233088"}, "type": "Feature"}, {"geometry": {"coordinates": [126.277919, 33.4409944], "type": "Point"}, "properties": {"access": "unknown", "category": "shelter", "category_label": "쉼터·숙박", "coordinate_kind": "node", "model_eligible": true, "name": "마이온홈 귀덕", "opening_hours": "", "osm_id": "node/10718502142"}, "type": "Feature"}, {"geometry": {"coordinates": [126.2401198, 33.3377474], "type": "Point"}, "properties": {"access": "unknown", "category": "shelter", "category_label": "쉼터·숙박", "coordinate_kind": "node", "model_eligible": true, "name": "저지차경", "opening_hours": "", "osm_id": "node/11306820391"}, "type": "Feature"}, {"geometry": {"coordinates": [126.229432, 33.353247], "type": "Point"}, "properties": {"access": "unknown", "category": "transit", "category_label": "정류장·터미널", "coordinate_kind": "node", "model_eligible": true, "name": "홍수암", "opening_hours": "", "osm_id": "node/11338569641"}, "type": "Feature"}, {"geometry": {"coordinates": [126.229561, 33.35326], "type": "Point"}, "properties": {"access": "unknown", "category": "transit", "category_label": "정류장·터미널", "coordinate_kind": "node", "model_eligible": true, "name": "홍수암", "opening_hours": "", "osm_id": "node/11338569642"}, "type": "Feature"}, {"geometry": {"coordinates": [126.240979, 33.394211], "type": "Point"}, "properties": {"access": "unknown", "category": "transit", "category_label": "정류장·터미널", "coordinate_kind": "node", "model_eligible": true, "name": "협재해수욕장", "opening_hours": "", "osm_id": "node/11338569655"}, "type": "Feature"}, {"geometry": {"coordinates": [126.240817, 33.394233], "type": "Point"}, "properties": {"access": "unknown", "category": "transit", "category_label": "정류장·터미널", "coordinate_kind": "node", "model_eligible": true, "name": "협재해수욕장", "opening_hours": "", "osm_id": "node/11338569656"}, "type": "Feature"}, {"geometry": {"coordinates": [126.245072, 33.397723], "type": "Point"}, "properties": {"access": "unknown", "category": "transit", "category_label": "정류장·터미널", "coordinate_kind": "node", "model_eligible": true, "name": "협재리", "opening_hours": "", "osm_id": "node/11338569657"}, "type": "Feature"}, {"geometry": {"coordinates": [126.245543, 33.398218], "type": "Point"}, "properties": {"access": "unknown", "category": "transit", "category_label": "정류장·터미널", "coordinate_kind": "node", "model_eligible": true, "name": "협재리", "opening_hours": "", "osm_id": "node/11338569658"}, "type": "Feature"}, {"geometry": {"coordinates": [126.31847, 33.429197], "type": "Point"}, "properties": {"access": "unknown", "category": "transit", "category_label": "정류장·터미널", "coordinate_kind": "node", "model_eligible": true, "name": "해아미", "opening_hours": "", "osm_id": "node/11338569696"}, "type": "Feature"}, {"geometry": {"coordinates": [126.318692, 33.429783], "type": "Point"}, "properties": {"access": "unknown", "category": "transit", "category_label": "정류장·터미널", "coordinate_kind": "node", "model_eligible": true, "name": "해아미", "opening_hours": "", "osm_id": "node/11338569697"}, "type": "Feature"}, {"geometry": {"coordinates": [126.274562, 33.394622], "type": "Point"}, "properties": {"access": "unknown", "category": "transit", "category_label": "정류장·터미널", "coordinate_kind": "node", "model_eligible": true, "name": "한천동", "opening_hours": "", "osm_id": "node/11338569739"}, "type": "Feature"}, {"geometry": {"coordinates": [126.209701, 33.331855], "type": "Point"}, "properties": {"access": "unknown", "category": "transit", "category_label": "정류장·터미널", "coordinate_kind": "node", "model_eligible": true, "name": "한원상동", "opening_hours": "", "osm_id": "node/11338569752"}, "type": "Feature"}, {"geometry": {"coordinates": [126.208914, 33.33211], "type": "Point"}, "properties": {"access": "unknown", "category": "transit", "category_label": "정류장·터미널", "coordinate_kind": "node", "model_eligible": true, "name": "한원상동", "opening_hours": "", "osm_id": "node/11338569753"}, "type": "Feature"}, {"geometry": {"coordinates": [126.193225, 33.342613], "type": "Point"}, "properties": {"access": "unknown", "category": "transit", "category_label": "정류장·터미널", "coordinate_kind": "node", "model_eligible": true, "name": "한원리 초입동", "opening_hours": "", "osm_id": "node/11338569754"}, "type": "Feature"}, {"geometry": {"coordinates": [126.193315, 33.342784], "type": "Point"}, "properties": {"access": "unknown", "category": "transit", "category_label": "정류장·터미널", "coordinate_kind": "node", "model_eligible": true, "name": "한원리 초입동", "opening_hours": "", "osm_id": "node/11338569755"}, "type": "Feature"}, {"geometry": {"coordinates": [126.19715, 33.335533], "type": "Point"}, "properties": {"access": "unknown", "category": "transit", "category_label": "정류장·터미널", "coordinate_kind": "node", "model_eligible": true, "name": "한원리", "opening_hours": "", "osm_id": "node/11338569756"}, "type": "Feature"}, {"geometry": {"coordinates": [126.2003582, 33.3339804], "type": "Point"}, "properties": {"access": "unknown", "category": "transit", "category_label": "정류장·터미널", "coordinate_kind": "node", "model_eligible": true, "name": "한원리", "opening_hours": "", "osm_id": "node/11338569757"}, "type": "Feature"}, {"geometry": {"coordinates": [126.1973, 33.335333], "type": "Point"}, "properties": {"access": "unknown", "category": "transit", "category_label": "정류장·터미널", "coordinate_kind": "node", "model_eligible": true, "name": "한원리", "opening_hours": "", "osm_id": "node/11338569758"}, "type": "Feature"}, {"geometry": {"coordinates": [126.2003875, 33.3340619], "type": "Point"}, "properties": {"access": "unknown", "category": "transit", "category_label": "정류장·터미널", "coordinate_kind": "node", "model_eligible": true, "name": "한원리", "opening_hours": "", "osm_id": "node/11338569759"}, "type": "Feature"}, {"geometry": {"coordinates": [126.264602, 33.42224], "type": "Point"}, "properties": {"access": "unknown", "category": "transit", "category_label": "정류장·터미널", "coordinate_kind": "node", "model_eligible": true, "name": "한수리", "opening_hours": "", "osm_id": "node/11338569764"}, "type": "Feature"}, {"geometry": {"coordinates": [126.264086, 33.421873], "type": "Point"}, "properties": {"access": "unknown", "category": "transit", "category_label": "정류장·터미널", "coordinate_kind": "node", "model_eligible": true, "name": "한수리", "opening_hours": "", "osm_id": "node/11338569765"}, "type": "Feature"}, {"geometry": {"coordinates": [126.263357, 33.414375], "type": "Point"}, "properties": {"access": "unknown", "category": "transit", "category_label": "정류장·터미널", "coordinate_kind": "node", "model_eligible": true, "name": "한림환승정류장(한림리)", "opening_hours": "", "osm_id": "node/11338569775"}, "type": "Feature"}, {"geometry": {"coordinates": [126.264267, 33.414533], "type": "Point"}, "properties": {"access": "unknown", "category": "transit", "category_label": "정류장·터미널", "coordinate_kind": "node", "model_eligible": true, "name": "한림환승정류장(한림리)", "opening_hours": "", "osm_id": "node/11338569776"}, "type": "Feature"}, {"geometry": {"coordinates": [126.267342, 33.408921], "type": "Point"}, "properties": {"access": "unknown", "category": "transit", "category_label": "정류장·터미널", "coordinate_kind": "node", "model_eligible": true, "name": "한림체육관", "opening_hours": "", "osm_id": "node/11338569777"}, "type": "Feature"}, {"geometry": {"coordinates": [126.267211, 33.40898], "type": "Point"}, "properties": {"access": "unknown", "category": "transit", "category_label": "정류장·터미널", "coordinate_kind": "node", "model_eligible": true, "name": "한림체육관", "opening_hours": "", "osm_id": "node/11338569778"}, "type": "Feature"}, {"geometry": {"coordinates": [126.265285, 33.417787], "type": "Point"}, "properties": {"access": "unknown", "category": "transit", "category_label": "정류장·터미널", "coordinate_kind": "node", "model_eligible": true, "name": "한림천주교회", "opening_hours": "", "osm_id": "node/11338569779"}, "type": "Feature"}, {"geometry": {"coordinates": [126.264907, 33.417108], "type": "Point"}, "properties": {"access": "unknown", "category": "transit", "category_label": "정류장·터미널", "coordinate_kind": "node", "model_eligible": true, "name": "한림천주교회", "opening_hours": "", "osm_id": "node/11338569780"}, "type": "Feature"}, {"geometry": {"coordinates": [126.264833, 33.416717], "type": "Point"}, "properties": {"access": "unknown", "category": "transit", "category_label": "정류장·터미널", "coordinate_kind": "node", "model_eligible": true, "name": "한림주유소", "opening_hours": "", "osm_id": "node/11338569781"}, "type": "Feature"}, {"geometry": {"coordinates": [126.272767, 33.420517], "type": "Point"}, "properties": {"access": "unknown", "category": "transit", "category_label": "정류장·터미널", "coordinate_kind": "node", "model_eligible": true, "name": "한림오일시장", "opening_hours": "", "osm_id": "node/11338569782"}, "type": "Feature"}, {"geometry": {"coordinates": [126.273594, 33.420797], "type": "Point"}, "properties": {"access": "unknown", "category": "transit", "category_label": "정류장·터미널", "coordinate_kind": "node", "model_eligible": true, "name": "한림오일시장", "opening_hours": "", "osm_id": "node/11338569783"}, "type": "Feature"}, {"geometry": {"coordinates": [126.259606, 33.410339], "type": "Point"}, "properties": {"access": "unknown", "category": "transit", "category_label": "정류장·터미널", "coordinate_kind": "node", "model_eligible": true, "name": "한림여자 중학교", "opening_hours": "", "osm_id": "node/11338569784"}, "type": "Feature"}, {"geometry": {"coordinates": [126.259581, 33.410659], "type": "Point"}, "properties": {"access": "unknown", "category": "transit", "category_label": "정류장·터미널", "coordinate_kind": "node", "model_eligible": true, "name": "한림여자 중학교", "opening_hours": "", "osm_id": "node/11338569785"}, "type": "Feature"}, {"geometry": {"coordinates": [126.27132, 33.401612], "type": "Point"}, "properties": {"access": "unknown", "category": "transit", "category_label": "정류장·터미널", "coordinate_kind": "node", "model_eligible": true, "name": "한림발전소", "opening_hours": "", "osm_id": "node/11338569786"}, "type": "Feature"}, {"geometry": {"coordinates": [126.270838, 33.401703], "type": "Point"}, "properties": {"access": "unknown", "category": "transit", "category_label": "정류장·터미널", "coordinate_kind": "node", "model_eligible": true, "name": "한림발전소", "opening_hours": "", "osm_id": "node/11338569787"}, "type": "Feature"}, {"geometry": {"coordinates": [126.262234, 33.408717], "type": "Point"}, "properties": {"access": "unknown", "category": "transit", "category_label": "정류장·터미널", "coordinate_kind": "node", "model_eligible": true, "name": "한림농협주유소", "opening_hours": "", "osm_id": "node/11338569788"}, "type": "Feature"}, {"geometry": {"coordinates": [126.26223, 33.408552], "type": "Point"}, "properties": {"access": "unknown", "category": "transit", "category_label": "정류장·터미널", "coordinate_kind": "node", "model_eligible": true, "name": "한림농협주유소", "opening_hours": "", "osm_id": "node/11338569789"}, "type": "Feature"}, {"geometry": {"coordinates": [126.239083, 33.391817], "type": "Point"}, "properties": {"access": "unknown", "category": "transit", "category_label": "정류장·터미널", "coordinate_kind": "node", "model_eligible": true, "name": "한림공원", "opening_hours": "", "osm_id": "node/11338569790"}, "type": "Feature"}, {"geometry": {"coordinates": [126.238867, 33.391783], "type": "Point"}, "properties": {"access": "unknown", "category": "transit", "category_label": "정류장·터미널", "coordinate_kind": "node", "model_eligible": true, "name": "한림공원", "opening_hours": "", "osm_id": "node/11338569791"}, "type": "Feature"}, {"geometry": {"coordinates": [126.254267, 33.404883], "type": "Point"}, "properties": {"access": "unknown", "category": "transit", "category_label": "정류장·터미널", "coordinate_kind": "node", "model_eligible": true, "name": "한림고등학교", "opening_hours": "", "osm_id": "node/11338569792"}, "type": "Feature"}, {"geometry": {"coordinates": [126.258417, 33.399183], "type": "Point"}, "properties": {"access": "unknown", "category": "transit", "category_label": "정류장·터미널", "coordinate_kind": "node", "model_eligible": true, "name": "한림고등학교", "opening_hours": "", "osm_id": "node/11338569793"}, "type": "Feature"}, {"geometry": {"coordinates": [126.258576, 33.399152], "type": "Point"}, "properties": {"access": "unknown", "category": "transit", "category_label": "정류장·터미널", "coordinate_kind": "node", "model_eligible": true, "name": "한림고등학교", "opening_hours": "", "osm_id": "node/11338569794"}, "type": "Feature"}, {"geometry": {"coordinates": [126.28425, 33.412017], "type": "Point"}, "properties": {"access": "unknown", "category": "transit", "category_label": "정류장·터미널", "coordinate_kind": "node", "model_eligible": true, "name": "한림3리", "opening_hours": "", "osm_id": "node/11338569795"}, "type": "Feature"}, {"geometry": {"coordinates": [126.2841, 33.4122], "type": "Point"}, "properties": {"access": "unknown", "category": "transit", "category_label": "정류장·터미널", "coordinate_kind": "node", "model_eligible": true, "name": "한림3리", "opening_hours": "", "osm_id": "node/11338569796"}, "type": "Feature"}, {"geometry": {"coordinates": [126.266047, 33.409236], "type": "Point"}, "properties": {"access": "unknown", "category": "transit", "category_label": "정류장·터미널", "coordinate_kind": "node", "model_eligible": true, "name": "한림2리", "opening_hours": "", "osm_id": "node/11338569797"}, "type": "Feature"}, {"geometry": {"coordinates": [126.269352, 33.413832], "type": "Point"}, "properties": {"access": "unknown", "category": "transit", "category_label": "정류장·터미널", "coordinate_kind": "node", "model_eligible": true, "name": "한림2리", "opening_hours": "", "osm_id": "node/11338569798"}, "type": "Feature"}, {"geometry": {"coordinates": [126.26915, 33.414017], "type": "Point"}, "properties": {"access": "unknown", "category": "transit", "category_label": "정류장·터미널", "coordinate_kind": "node", "model_eligible": true, "name": "한림2리", "opening_hours": "", "osm_id": "node/11338569799"}, "type": "Feature"}, {"geometry": {"coordinates": [126.312778, 33.462429], "type": "Point"}, "properties": {"access": "unknown", "category": "transit", "category_label": "정류장·터미널", "coordinate_kind": "node", "model_eligible": true, "name": "한담동", "opening_hours": "", "osm_id": "node/11338569828"}, "type": "Feature"}, {"geometry": {"coordinates": [126.312689, 33.462636], "type": "Point"}, "properties": {"access": "unknown", "category": "transit", "category_label": "정류장·터미널", "coordinate_kind": "node", "model_eligible": true, "name": "한담동", "opening_hours": "", "osm_id": "node/11338569829"}, "type": "Feature"}, {"geometry": {"coordinates": [126.261339, 33.413056], "type": "Point"}, "properties": {"access": "unknown", "category": "transit", "category_label": "정류장·터미널", "coordinate_kind": "node", "model_eligible": true, "name": "한국통신", "opening_hours": "", "osm_id": "node/11338569842"}, "type": "Feature"}, {"geometry": {"coordinates": [126.261156, 33.412767], "type": "Point"}, "properties": {"access": "unknown", "category": "transit", "category_label": "정류장·터미널", "coordinate_kind": "node", "model_eligible": true, "name": "한국통신", "opening_hours": "", "osm_id": "node/11338569843"}, "type": "Feature"}, {"geometry": {"coordinates": [126.2969783, 33.4441535], "type": "Point"}, "properties": {"access": "unknown", "category": "transit", "category_label": "정류장·터미널", "coordinate_kind": "node", "model_eligible": true, "name": "하동복지회관", "opening_hours": "", "osm_id": "node/11338569917"}, "type": "Feature"}, {"geometry": {"coordinates": [126.2966719, 33.444374], "type": "Point"}, "properties": {"access": "unknown", "category": "transit", "category_label": "정류장·터미널", "coordinate_kind": "node", "model_eligible": true, "name": "하동복지회관", "opening_hours": "", "osm_id": "node/11338569918"}, "type": "Feature"}, {"geometry": {"coordinates": [126.344205, 33.452298], "type": "Point"}, "properties": {"access": "unknown", "category": "transit", "category_label": "정류장·터미널", "coordinate_kind": "node", "model_eligible": true, "name": "하가 입구", "opening_hours": "", "osm_id": "node/11338569972"}, "type": "Feature"}, {"geometry": {"coordinates": [126.204517, 33.367653], "type": "Point"}, "properties": {"access": "unknown", "category": "transit", "category_label": "정류장·터미널", "coordinate_kind": "node", "model_eligible": true, "name": "판포리 상동", "opening_hours": "", "osm_id": "node/11338570039"}, "type": "Feature"}, {"geometry": {"coordinates": [126.204191, 33.367678], "type": "Point"}, "properties": {"access": "unknown", "category": "transit", "category_label": "정류장·터미널", "coordinate_kind": "node", "model_eligible": true, "name": "판포리 상동", "opening_hours": "", "osm_id": "node/11338570040"}, "type": "Feature"}, {"geometry": {"coordinates": [126.199267, 33.364567], "type": "Point"}, "properties": {"access": "unknown", "category": "transit", "category_label": "정류장·터미널", "coordinate_kind": "node", "model_eligible": true, "name": "판포리", "opening_hours": "", "osm_id": "node/11338570041"}, "type": "Feature"}, {"geometry": {"coordinates": [126.200251, 33.364804], "type": "Point"}, "properties": {"access": "unknown", "category": "transit", "category_label": "정류장·터미널", "coordinate_kind": "node", "model_eligible": true, "name": "판포리", "opening_hours": "", "osm_id": "node/11338570042"}, "type": "Feature"}, {"geometry": {"coordinates": [126.286667, 33.441183], "type": "Point"}, "properties": {"access": "unknown", "category": "transit", "category_label": "정류장·터미널", "coordinate_kind": "node", "model_eligible": true, "name": "초록마을", "opening_hours": "", "osm_id": "node/11338570156"}, "type": "Feature"}, {"geometry": {"coordinates": [126.2856, 33.440983], "type": "Point"}, "properties": {"access": "unknown", "category": "transit", "category_label": "정류장·터미널", "coordinate_kind": "node", "model_eligible": true, "name": "초록마을", "opening_hours": "", "osm_id": "node/11338570158"}, "type": "Feature"}, {"geometry": {"coordinates": [126.330942, 33.441825], "type": "Point"}, "properties": {"access": "unknown", "category": "transit", "category_label": "정류장·터미널", "coordinate_kind": "node", "model_eligible": true, "name": "청용사", "opening_hours": "", "osm_id": "node/11338570169"}, "type": "Feature"}, {"geometry": {"coordinates": [126.330905, 33.441916], "type": "Point"}, "properties": {"access": "unknown", "category": "transit", "category_label": "정류장·터미널", "coordinate_kind": "node", "model_eligible": true, "name": "청용사", "opening_hours": "", "osm_id": "node/11338570170"}, "type": "Feature"}, {"geometry": {"coordinates": [126.238824, 33.376844], "type": "Point"}, "properties": {"access": "unknown", "category": "transit", "category_label": "정류장·터미널", "coordinate_kind": "node", "model_eligible": true, "name": "청소년수련원", "opening_hours": "", "osm_id": "node/11338570181"}, "type": "Feature"}, {"geometry": {"coordinates": [126.238626, 33.377568], "type": "Point"}, "properties": {"access": "unknown", "category": "transit", "category_label": "정류장·터미널", "coordinate_kind": "node", "model_eligible": true, "name": "청소년수련원", "opening_hours": "", "osm_id": "node/11338570184"}, "type": "Feature"}, {"geometry": {"coordinates": [126.339288, 33.448033], "type": "Point"}, "properties": {"access": "unknown", "category": "transit", "category_label": "정류장·터미널", "coordinate_kind": "node", "model_eligible": true, "name": "처남빌레", "opening_hours": "", "osm_id": "node/11338570204"}, "type": "Feature"}, {"geometry": {"coordinates": [126.339366, 33.447811], "type": "Point"}, "properties": {"access": "unknown", "category": "transit", "category_label": "정류장·터미널", "coordinate_kind": "node", "model_eligible": true, "name": "처남빌레", "opening_hours": "", "osm_id": "node/11338570205"}, "type": "Feature"}, {"geometry": {"coordinates": [126.263967, 33.40435], "type": "Point"}, "properties": {"access": "unknown", "category": "transit", "category_label": "정류장·터미널", "coordinate_kind": "node", "model_eligible": true, "name": "진근동", "opening_hours": "", "osm_id": "node/11338570239"}, "type": "Feature"}, {"geometry": {"coordinates": [126.263566, 33.404117], "type": "Point"}, "properties": {"access": "unknown", "category": "transit", "category_label": "정류장·터미널", "coordinate_kind": "node", "model_eligible": true, "name": "진근동", "opening_hours": "", "osm_id": "node/11338570240"}, "type": "Feature"}, {"geometry": {"coordinates": [126.295967, 33.437417], "type": "Point"}, "properties": {"access": "unknown", "category": "transit", "category_label": "정류장·터미널", "coordinate_kind": "node", "model_eligible": true, "name": "중동", "opening_hours": "", "osm_id": "node/11338570296"}, "type": "Feature"}, {"geometry": {"coordinates": [126.295727, 33.437532], "type": "Point"}, "properties": {"access": "unknown", "category": "transit", "category_label": "정류장·터미널", "coordinate_kind": "node", "model_eligible": true, "name": "중동", "opening_hours": "", "osm_id": "node/11338570297"}, "type": "Feature"}, {"geometry": {"coordinates": [126.225028, 33.331736], "type": "Point"}, "properties": {"access": "unknown", "category": "transit", "category_label": "정류장·터미널", "coordinate_kind": "node", "model_eligible": true, "name": "조수리 진동산", "opening_hours": "", "osm_id": "node/11338570355"}, "type": "Feature"}, {"geometry": {"coordinates": [126.22486, 33.331744], "type": "Point"}, "properties": {"access": "unknown", "category": "transit", "category_label": "정류장·터미널", "coordinate_kind": "node", "model_eligible": true, "name": "조수리 진동산", "opening_hours": "", "osm_id": "node/11338570356"}, "type": "Feature"}, {"geometry": {"coordinates": [126.225731, 33.336943], "type": "Point"}, "properties": {"access": "unknown", "category": "transit", "category_label": "정류장·터미널", "coordinate_kind": "node", "model_eligible": true, "name": "조수리 대동", "opening_hours": "", "osm_id": "node/11338570357"}, "type": "Feature"}, {"geometry": {"coordinates": [126.225652, 33.33679], "type": "Point"}, "properties": {"access": "unknown", "category": "transit", "category_label": "정류장·터미널", "coordinate_kind": "node", "model_eligible": true, "name": "조수리 대동", "opening_hours": "", "osm_id": "node/11338570358"}, "type": "Feature"}, {"geometry": {"coordinates": [126.228314, 33.335758], "type": "Point"}, "properties": {"access": "unknown", "category": "transit", "category_label": "정류장·터미널", "coordinate_kind": "node", "model_eligible": true, "name": "조수리", "opening_hours": "", "osm_id": "node/11338570359"}, "type": "Feature"}, {"geometry": {"coordinates": [126.228434, 33.33616], "type": "Point"}, "properties": {"access": "unknown", "category": "transit", "category_label": "정류장·터미널", "coordinate_kind": "node", "model_eligible": true, "name": "조수농협", "opening_hours": "", "osm_id": "node/11338570360"}, "type": "Feature"}, {"geometry": {"coordinates": [126.226741, 33.334148], "type": "Point"}, "properties": {"access": "unknown", "category": "transit", "category_label": "정류장·터미널", "coordinate_kind": "node", "model_eligible": true, "name": "조수1리 중동", "opening_hours": "", "osm_id": "node/11338570367"}, "type": "Feature"}, {"geometry": {"coordinates": [126.226998, 33.334204], "type": "Point"}, "properties": {"access": "unknown", "category": "transit", "category_label": "정류장·터미널", "coordinate_kind": "node", "model_eligible": true, "name": "조수1리 중동", "opening_hours": "", "osm_id": "node/11338570368"}, "type": "Feature"}, {"geometry": {"coordinates": [126.232433, 33.336283], "type": "Point"}, "properties": {"access": "unknown", "category": "transit", "category_label": "정류장·터미널", "coordinate_kind": "node", "model_eligible": true, "name": "조수1리", "opening_hours": "", "osm_id": "node/11338570369"}, "type": "Feature"}, {"geometry": {"coordinates": [126.232767, 33.336433], "type": "Point"}, "properties": {"access": "unknown", "category": "transit", "category_label": "정류장·터미널", "coordinate_kind": "node", "model_eligible": true, "name": "조수1리", "opening_hours": "", "osm_id": "node/11338570370"}, "type": "Feature"}, {"geometry": {"coordinates": [126.228797, 33.335783], "type": "Point"}, "properties": {"access": "unknown", "category": "transit", "category_label": "정류장·터미널", "coordinate_kind": "node", "model_eligible": true, "name": "조수1리", "opening_hours": "", "osm_id": "node/11338570371"}, "type": "Feature"}, {"geometry": {"coordinates": [126.2279, 33.337833], "type": "Point"}, "properties": {"access": "unknown", "category": "transit", "category_label": "정류장·터미널", "coordinate_kind": "node", "model_eligible": true, "name": "조수1리", "opening_hours": "", "osm_id": "node/11338570372"}, "type": "Feature"}, {"geometry": {"coordinates": [126.228, 33.3378], "type": "Point"}, "properties": {"access": "unknown", "category": "transit", "category_label": "정류장·터미널", "coordinate_kind": "node", "model_eligible": true, "name": "조수1리", "opening_hours": "", "osm_id": "node/11338570373"}, "type": "Feature"}, {"geometry": {"coordinates": [126.274279, 33.357167], "type": "Point"}, "properties": {"access": "unknown", "category": "transit", "category_label": "정류장·터미널", "coordinate_kind": "node", "model_eligible": true, "name": "조성동입구", "opening_hours": "", "osm_id": "node/11338570374"}, "type": "Feature"}, {"geometry": {"coordinates": [126.2737, 33.357733], "type": "Point"}, "properties": {"access": "unknown", "category": "transit", "category_label": "정류장·터미널", "coordinate_kind": "node", "model_eligible": true, "name": "조성동입구", "opening_hours": "", "osm_id": "node/11338570375"}, "type": "Feature"}, {"geometry": {"coordinates": [126.277911, 33.35158], "type": "Point"}, "properties": {"access": "unknown", "category": "transit", "category_label": "정류장·터미널", "coordinate_kind": "node", "model_eligible": true, "name": "조성동", "opening_hours": "", "osm_id": "node/11338570376"}, "type": "Feature"}, {"geometry": {"coordinates": [126.277952, 33.351859], "type": "Point"}, "properties": {"access": "unknown", "category": "transit", "category_label": "정류장·터미널", "coordinate_kind": "node", "model_eligible": true, "name": "조성동", "opening_hours": "", "osm_id": "node/11338570377"}, "type": "Feature"}, {"geometry": {"coordinates": [126.266533, 33.337646], "type": "Point"}, "properties": {"access": "unknown", "category": "transit", "category_label": "정류장·터미널", "coordinate_kind": "node", "model_eligible": true, "name": "제주현대미술관,김창열미술관", "opening_hours": "", "osm_id": "node/11338570381"}, "type": "Feature"}, {"geometry": {"coordinates": [126.266477, 33.337862], "type": "Point"}, "properties": {"access": "unknown", "category": "transit", "category_label": "정류장·터미널", "coordinate_kind": "node", "model_eligible": true, "name": "제주현대미술관,김창열미술관", "opening_hours": "", "osm_id": "node/11338570382"}, "type": "Feature"}, {"geometry": {"coordinates": [126.253523, 33.327425], "type": "Point"}, "properties": {"access": "unknown", "category": "transit", "category_label": "정류장·터미널", "coordinate_kind": "node", "model_eligible": true, "name": "제주서부신협", "opening_hours": "", "osm_id": "node/11338570490"}, "type": "Feature"}, {"geometry": {"coordinates": [126.253816, 33.328105], "type": "Point"}, "properties": {"access": "unknown", "category": "transit", "category_label": "정류장·터미널", "coordinate_kind": "node", "model_eligible": true, "name": "제주서부신협", "opening_hours": "", "osm_id": "node/11338570491"}, "type": "Feature"}, {"geometry": {"coordinates": [126.242797, 33.369505], "type": "Point"}, "properties": {"access": "unknown", "category": "transit", "category_label": "정류장·터미널", "coordinate_kind": "node", "model_eligible": true, "name": "정월오름", "opening_hours": "", "osm_id": "node/11338570597"}, "type": "Feature"}, {"geometry": {"coordinates": [126.242729, 33.369874], "type": "Point"}, "properties": {"access": "unknown", "category": "transit", "category_label": "정류장·터미널", "coordinate_kind": "node", "model_eligible": true, "name": "정월오름", "opening_hours": "", "osm_id": "node/11338570598"}, "type": "Feature"}, {"geometry": {"coordinates": [126.297133, 33.441213], "type": "Point"}, "properties": {"access": "unknown", "category": "transit", "category_label": "정류장·터미널", "coordinate_kind": "node", "model_eligible": true, "name": "절골", "opening_hours": "", "osm_id": "node/11338570614"}, "type": "Feature"}, {"geometry": {"coordinates": [126.297095, 33.44155], "type": "Point"}, "properties": {"access": "unknown", "category": "transit", "category_label": "정류장·터미널", "coordinate_kind": "node", "model_eligible": true, "name": "절골", "opening_hours": "", "osm_id": "node/11338570615"}, "type": "Feature"}, {"geometry": {"coordinates": [126.2521, 33.325817], "type": "Point"}, "properties": {"access": "unknown", "category": "transit", "category_label": "정류장·터미널", "coordinate_kind": "node", "model_eligible": true, "name": "저청중학교", "opening_hours": "", "osm_id": "node/11338570624"}, "type": "Feature"}, {"geometry": {"coordinates": [126.251733, 33.325617], "type": "Point"}, "properties": {"access": "unknown", "category": "transit", "category_label": "정류장·터미널", "coordinate_kind": "node", "model_eligible": true, "name": "저청중학교", "opening_hours": "", "osm_id": "node/11338570625"}, "type": "Feature"}, {"geometry": {"coordinates": [126.26333, 33.335898], "type": "Point"}, "properties": {"access": "unknown", "category": "transit", "category_label": "정류장·터미널", "coordinate_kind": "node", "model_eligible": true, "name": "저지리알못", "opening_hours": "", "osm_id": "node/11338570626"}, "type": "Feature"}, {"geometry": {"coordinates": [126.2637, 33.335831], "type": "Point"}, "properties": {"access": "unknown", "category": "transit", "category_label": "정류장·터미널", "coordinate_kind": "node", "model_eligible": true, "name": "저지리알못", "opening_hours": "", "osm_id": "node/11338570627"}, "type": "Feature"}, {"geometry": {"coordinates": [126.263964, 33.338556], "type": "Point"}, "properties": {"access": "unknown", "category": "transit", "category_label": "정류장·터미널", "coordinate_kind": "node", "model_eligible": true, "name": "저지리신흥동", "opening_hours": "", "osm_id": "node/11338570628"}, "type": "Feature"}, {"geometry": {"coordinates": [126.256983, 33.3413], "type": "Point"}, "properties": {"access": "unknown", "category": "transit", "category_label": "정류장·터미널", "coordinate_kind": "node", "model_eligible": true, "name": "저지리성전동", "opening_hours": "", "osm_id": "node/11338570629"}, "type": "Feature"}, {"geometry": {"coordinates": [126.256383, 33.3335], "type": "Point"}, "properties": {"access": "unknown", "category": "transit", "category_label": "정류장·터미널", "coordinate_kind": "node", "model_eligible": true, "name": "저지리사무소", "opening_hours": "", "osm_id": "node/11338570630"}, "type": "Feature"}, {"geometry": {"coordinates": [126.256483, 33.333417], "type": "Point"}, "properties": {"access": "unknown", "category": "transit", "category_label": "정류장·터미널", "coordinate_kind": "node", "model_eligible": true, "name": "저지리사무소", "opening_hours": "", "osm_id": "node/11338570631"}, "type": "Feature"}, {"geometry": {"coordinates": [126.2573164, 33.3351742], "type": "Point"}, "properties": {"access": "unknown", "category": "transit", "category_label": "정류장·터미널", "coordinate_kind": "node", "model_eligible": true, "name": "저지리 중동", "opening_hours": "", "osm_id": "node/11338570632"}, "type": "Feature"}, {"geometry": {"coordinates": [126.2575695, 33.3350228], "type": "Point"}, "properties": {"access": "unknown", "category": "transit", "category_label": "정류장·터미널", "coordinate_kind": "node", "model_eligible": true, "name": "저지리 중동", "opening_hours": "", "osm_id": "node/11338570633"}, "type": "Feature"}, {"geometry": {"coordinates": [126.236233, 33.336817], "type": "Point"}, "properties": {"access": "unknown", "category": "transit", "category_label": "정류장·터미널", "coordinate_kind": "node", "model_eligible": true, "name": "저지리 수동", "opening_hours": "", "osm_id": "node/11338570634"}, "type": "Feature"}, {"geometry": {"coordinates": [126.238872, 33.337363], "type": "Point"}, "properties": {"access": "unknown", "category": "transit", "category_label": "정류장·터미널", "coordinate_kind": "node", "model_eligible": true, "name": "저지리 수동", "opening_hours": "", "osm_id": "node/11338570635"}, "type": "Feature"}, {"geometry": {"coordinates": [126.238793, 33.337449], "type": "Point"}, "properties": {"access": "unknown", "category": "transit", "category_label": "정류장·터미널", "coordinate_kind": "node", "model_eligible": true, "name": "저지리 수동", "opening_hours": "", "osm_id": "node/11338570636"}, "type": "Feature"}, {"geometry": {"coordinates": [126.23625, 33.3369], "type": "Point"}, "properties": {"access": "unknown", "category": "transit", "category_label": "정류장·터미널", "coordinate_kind": "node", "model_eligible": true, "name": "저지리 수동", "opening_hours": "", "osm_id": "node/11338570637"}, "type": "Feature"}, {"geometry": {"coordinates": [126.2565162, 33.3349616], "type": "Point"}, "properties": {"access": "unknown", "category": "transit", "category_label": "정류장·터미널", "coordinate_kind": "node", "model_eligible": true, "name": "저지리", "opening_hours": "", "osm_id": "node/11338570638"}, "type": "Feature"}, {"geometry": {"coordinates": [126.255258, 33.330074], "type": "Point"}, "properties": {"access": "unknown", "category": "transit", "category_label": "정류장·터미널", "coordinate_kind": "node", "model_eligible": true, "name": "저지리", "opening_hours": "", "osm_id": "node/11338570639"}, "type": "Feature"}, {"geometry": {"coordinates": [126.25343, 33.326697], "type": "Point"}, "properties": {"access": "unknown", "category": "transit", "category_label": "정류장·터미널", "coordinate_kind": "node", "model_eligible": true, "name": "저지리", "opening_hours": "", "osm_id": "node/11338570640"}, "type": "Feature"}, {"geometry": {"coordinates": [126.25515, 33.3301], "type": "Point"}, "properties": {"access": "unknown", "category": "transit", "category_label": "정류장·터미널", "coordinate_kind": "node", "model_eligible": true, "name": "저지남동", "opening_hours": "", "osm_id": "node/11338570641"}, "type": "Feature"}, {"geometry": {"coordinates": [126.284833, 33.424117], "type": "Point"}, "properties": {"access": "unknown", "category": "transit", "category_label": "정류장·터미널", "coordinate_kind": "node", "model_eligible": true, "name": "입전동", "opening_hours": "", "osm_id": "node/11338570681"}, "type": "Feature"}, {"geometry": {"coordinates": [126.284413, 33.423755], "type": "Point"}, "properties": {"access": "unknown", "category": "transit", "category_label": "정류장·터미널", "coordinate_kind": "node", "model_eligible": true, "name": "입전동", "opening_hours": "", "osm_id": "node/11338570682"}, "type": "Feature"}, {"geometry": {"coordinates": [126.221499, 33.385097], "type": "Point"}, "properties": {"access": "unknown", "category": "transit", "category_label": "정류장·터미널", "coordinate_kind": "node", "model_eligible": true, "name": "일성콘도미니엄", "opening_hours": "", "osm_id": "node/11338570690"}, "type": "Feature"}, {"geometry": {"coordinates": [126.221689, 33.384988], "type": "Point"}, "properties": {"access": "unknown", "category": "transit", "category_label": "정류장·터미널", "coordinate_kind": "node", "model_eligible": true, "name": "일성콘도미니엄", "opening_hours": "", "osm_id": "node/11338570691"}, "type": "Feature"}, {"geometry": {"coordinates": [126.315408, 33.353473], "type": "Point"}, "properties": {"access": "unknown", "category": "transit", "category_label": "정류장·터미널", "coordinate_kind": "node", "model_eligible": true, "name": "이호동물병원", "opening_hours": "", "osm_id": "node/11338570729"}, "type": "Feature"}, {"geometry": {"coordinates": [126.315453, 33.353666], "type": "Point"}, "properties": {"access": "unknown", "category": "transit", "category_label": "정류장·터미널", "coordinate_kind": "node", "model_eligible": true, "name": "이호동물병원", "opening_hours": "", "osm_id": "node/11338570730"}, "type": "Feature"}, {"geometry": {"coordinates": [126.322563, 33.344985], "type": "Point"}, "properties": {"access": "unknown", "category": "transit", "category_label": "정류장·터미널", "coordinate_kind": "node", "model_eligible": true, "name": "이시돌하단지", "opening_hours": "", "osm_id": "node/11338570737"}, "type": "Feature"}, {"geometry": {"coordinates": [126.322188, 33.344707], "type": "Point"}, "properties": {"access": "unknown", "category": "transit", "category_label": "정류장·터미널", "coordinate_kind": "node", "model_eligible": true, "name": "이시돌하단지", "opening_hours": "", "osm_id": "node/11338570738"}, "type": "Feature"}, {"geometry": {"coordinates": [126.322431, 33.344957], "type": "Point"}, "properties": {"access": "unknown", "category": "transit", "category_label": "정류장·터미널", "coordinate_kind": "node", "model_eligible": true, "name": "이시돌하단지", "opening_hours": "", "osm_id": "node/11338570739"}, "type": "Feature"}, {"geometry": {"coordinates": [126.322254, 33.344835], "type": "Point"}, "properties": {"access": "unknown", "category": "transit", "category_label": "정류장·터미널", "coordinate_kind": "node", "model_eligible": true, "name": "이시돌하단지", "opening_hours": "", "osm_id": "node/11338570740"}, "type": "Feature"}, {"geometry": {"coordinates": [126.337333, 33.35975], "type": "Point"}, "properties": {"access": "unknown", "category": "transit", "category_label": "정류장·터미널", "coordinate_kind": "node", "model_eligible": true, "name": "이시돌상단지", "opening_hours": "", "osm_id": "node/11338570741"}, "type": "Feature"}, {"geometry": {"coordinates": [126.336632, 33.360315], "type": "Point"}, "properties": {"access": "unknown", "category": "transit", "category_label": "정류장·터미널", "coordinate_kind": "node", "model_eligible": true, "name": "이시돌단지", "opening_hours": "", "osm_id": "node/11338570742"}, "type": "Feature"}, {"geometry": {"coordinates": [126.334633, 33.358833], "type": "Point"}, "properties": {"access": "unknown", "category": "transit", "category_label": "정류장·터미널", "coordinate_kind": "node", "model_eligible": true, "name": "이시돌단지", "opening_hours": "", "osm_id": "node/11338570743"}, "type": "Feature"}, {"geometry": {"coordinates": [126.3165534, 33.3449169], "type": "Point"}, "properties": {"access": "unknown", "category": "transit", "category_label": "정류장·터미널", "coordinate_kind": "node", "model_eligible": true, "name": "이시돌 삼거리", "opening_hours": "", "osm_id": "node/11338570744"}, "type": "Feature"}, {"geometry": {"coordinates": [126.3167948, 33.3445662], "type": "Point"}, "properties": {"access": "unknown", "category": "transit", "category_label": "정류장·터미널", "coordinate_kind": "node", "model_eligible": true, "name": "이시돌 삼거리", "opening_hours": "", "osm_id": "node/11338570745"}, "type": "Feature"}, {"geometry": {"coordinates": [126.256055, 33.349909], "type": "Point"}, "properties": {"access": "unknown", "category": "transit", "category_label": "정류장·터미널", "coordinate_kind": "node", "model_eligible": true, "name": "월림삼거리", "opening_hours": "", "osm_id": "node/11338570871"}, "type": "Feature"}, {"geometry": {"coordinates": [126.2562, 33.350017], "type": "Point"}, "properties": {"access": "unknown", "category": "transit", "category_label": "정류장·터미널", "coordinate_kind": "node", "model_eligible": true, "name": "월림삼거리", "opening_hours": "", "osm_id": "node/11338570872"}, "type": "Feature"}, {"geometry": {"coordinates": [126.261717, 33.354917], "type": "Point"}, "properties": {"access": "unknown", "category": "transit", "category_label": "정류장·터미널", "coordinate_kind": "node", "model_eligible": true, "name": "월림리", "opening_hours": "", "osm_id": "node/11338570873"}, "type": "Feature"}, {"geometry": {"coordinates": [126.255833, 33.346183], "type": "Point"}, "properties": {"access": "unknown", "category": "transit", "category_label": "정류장·터미널", "coordinate_kind": "node", "model_eligible": true, "name": "월림리", "opening_hours": "", "osm_id": "node/11338570874"}, "type": "Feature"}, {"geometry": {"coordinates": [126.26165, 33.354767], "type": "Point"}, "properties": {"access": "unknown", "category": "transit", "category_label": "정류장·터미널", "coordinate_kind": "node", "model_eligible": true, "name": "월림리", "opening_hours": "", "osm_id": "node/11338570875"}, "type": "Feature"}, {"geometry": {"coordinates": [126.256083, 33.347917], "type": "Point"}, "properties": {"access": "unknown", "category": "transit", "category_label": "정류장·터미널", "coordinate_kind": "node", "model_eligible": true, "name": "월림", "opening_hours": "", "osm_id": "node/11338570876"}, "type": "Feature"}, {"geometry": {"coordinates": [126.217817, 33.37615], "type": "Point"}, "properties": {"access": "unknown", "category": "transit", "category_label": "정류장·터미널", "coordinate_kind": "node", "model_eligible": true, "name": "월령리", "opening_hours": "", "osm_id": "node/11338570877"}, "type": "Feature"}, {"geometry": {"coordinates": [126.217399, 33.375954], "type": "Point"}, "properties": {"access": "unknown", "category": "transit", "category_label": "정류장·터미널", "coordinate_kind": "node", "model_eligible": true, "name": "월령리", "opening_hours": "", "osm_id": "node/11338570878"}, "type": "Feature"}, {"geometry": {"coordinates": [126.335374, 33.444562], "type": "Point"}, "properties": {"access": "unknown", "category": "transit", "category_label": "정류장·터미널", "coordinate_kind": "node", "model_eligible": true, "name": "원동입구", "opening_hours": "", "osm_id": "node/11338570901"}, "type": "Feature"}, {"geometry": {"coordinates": [126.337022, 33.445879], "type": "Point"}, "properties": {"access": "unknown", "category": "transit", "category_label": "정류장·터미널", "coordinate_kind": "node", "model_eligible": true, "name": "원동입구", "opening_hours": "", "osm_id": "node/11338570902"}, "type": "Feature"}, {"geometry": {"coordinates": [126.2759927, 33.4322922], "type": "Point"}, "properties": {"access": "unknown", "category": "transit", "category_label": "정류장·터미널", "coordinate_kind": "node", "model_eligible": true, "name": "용운동", "opening_hours": "", "osm_id": "node/11338570966"}, "type": "Feature"}, {"geometry": {"coordinates": [126.255983, 33.405583], "type": "Point"}, "properties": {"access": "unknown", "category": "transit", "category_label": "정류장·터미널", "coordinate_kind": "node", "model_eligible": true, "name": "옹포사거리", "opening_hours": "", "osm_id": "node/11338571038"}, "type": "Feature"}, {"geometry": {"coordinates": [126.256117, 33.40585], "type": "Point"}, "properties": {"access": "unknown", "category": "transit", "category_label": "정류장·터미널", "coordinate_kind": "node", "model_eligible": true, "name": "옹포사거리", "opening_hours": "", "osm_id": "node/11338571039"}, "type": "Feature"}, {"geometry": {"coordinates": [126.251745, 33.403015], "type": "Point"}, "properties": {"access": "unknown", "category": "transit", "category_label": "정류장·터미널", "coordinate_kind": "node", "model_eligible": true, "name": "옹포리", "opening_hours": "", "osm_id": "node/11338571040"}, "type": "Feature"}, {"geometry": {"coordinates": [126.252161, 33.403324], "type": "Point"}, "properties": {"access": "unknown", "category": "transit", "category_label": "정류장·터미널", "coordinate_kind": "node", "model_eligible": true, "name": "옹포리", "opening_hours": "", "osm_id": "node/11338571041"}, "type": "Feature"}, {"geometry": {"coordinates": [126.259274, 33.353044], "type": "Point"}, "properties": {"access": "unknown", "category": "transit", "category_label": "정류장·터미널", "coordinate_kind": "node", "model_eligible": true, "name": "예향원", "opening_hours": "", "osm_id": "node/11338571128"}, "type": "Feature"}, {"geometry": {"coordinates": [126.258867, 33.353041], "type": "Point"}, "properties": {"access": "unknown", "category": "transit", "category_label": "정류장·터미널", "coordinate_kind": "node", "model_eligible": true, "name": "예향원", "opening_hours": "", "osm_id": "node/11338571129"}, "type": "Feature"}, {"geometry": {"coordinates": [126.336629, 33.401218], "type": "Point"}, "properties": {"access": "unknown", "category": "transit", "category_label": "정류장·터미널", "coordinate_kind": "node", "model_eligible": true, "name": "어음2리사무소", "opening_hours": "", "osm_id": "node/11338571236"}, "type": "Feature"}, {"geometry": {"coordinates": [126.338404, 33.40255], "type": "Point"}, "properties": {"access": "unknown", "category": "transit", "category_label": "정류장·터미널", "coordinate_kind": "node", "model_eligible": true, "name": "어음2리", "opening_hours": "", "osm_id": "node/11338571237"}, "type": "Feature"}, {"geometry": {"coordinates": [126.338431, 33.402472], "type": "Point"}, "properties": {"access": "unknown", "category": "transit", "category_label": "정류장·터미널", "coordinate_kind": "node", "model_eligible": true, "name": "어음2리", "opening_hours": "", "osm_id": "node/11338571238"}, "type": "Feature"}, {"geometry": {"coordinates": [126.326622, 33.418422], "type": "Point"}, "properties": {"access": "unknown", "category": "transit", "category_label": "정류장·터미널", "coordinate_kind": "node", "model_eligible": true, "name": "어음1리입구", "opening_hours": "", "osm_id": "node/11338571239"}, "type": "Feature"}, {"geometry": {"coordinates": [126.326648, 33.418377], "type": "Point"}, "properties": {"access": "unknown", "category": "transit", "category_label": "정류장·터미널", "coordinate_kind": "node", "model_eligible": true, "name": "어음1리입구", "opening_hours": "", "osm_id": "node/11338571240"}, "type": "Feature"}, {"geometry": {"coordinates": [126.3307, 33.417217], "type": "Point"}, "properties": {"access": "unknown", "category": "transit", "category_label": "정류장·터미널", "coordinate_kind": "node", "model_eligible": true, "name": "어음1리사무소", "opening_hours": "", "osm_id": "node/11338571241"}, "type": "Feature"}, {"geometry": {"coordinates": [126.330624, 33.417499], "type": "Point"}, "properties": {"access": "unknown", "category": "transit", "category_label": "정류장·터미널", "coordinate_kind": "node", "model_eligible": true, "name": "어음1리사무소", "opening_hours": "", "osm_id": "node/11338571242"}, "type": "Feature"}, {"geometry": {"coordinates": [126.308769, 33.359973], "type": "Point"}, "properties": {"access": "unknown", "category": "transit", "category_label": "정류장·터미널", "coordinate_kind": "node", "model_eligible": true, "name": "양돈단지", "opening_hours": "", "osm_id": "node/11338571270"}, "type": "Feature"}, {"geometry": {"coordinates": [126.3083, 33.360283], "type": "Point"}, "properties": {"access": "unknown", "category": "transit", "category_label": "정류장·터미널", "coordinate_kind": "node", "model_eligible": true, "name": "양돈단지", "opening_hours": "", "osm_id": "node/11338571271"}, "type": "Feature"}, {"geometry": {"coordinates": [126.319833, 33.464442], "type": "Point"}, "properties": {"access": "unknown", "category": "transit", "category_label": "정류장·터미널", "coordinate_kind": "node", "model_eligible": true, "name": "애월환승정류장(애월리)", "opening_hours": "", "osm_id": "node/11338571278"}, "type": "Feature"}, {"geometry": {"coordinates": [126.318698, 33.464829], "type": "Point"}, "properties": {"access": "unknown", "category": "transit", "category_label": "정류장·터미널", "coordinate_kind": "node", "model_eligible": true, "name": "애월환승정류장(애월리)", "opening_hours": "", "osm_id": "node/11338571279"}, "type": "Feature"}, {"geometry": {"coordinates": [126.32112, 33.460011], "type": "Point"}, "properties": {"access": "unknown", "category": "transit", "category_label": "정류장·터미널", "coordinate_kind": "node", "model_eligible": true, "name": "애월하나로마트", "opening_hours": "", "osm_id": "node/11338571280"}, "type": "Feature"}, {"geometry": {"coordinates": [126.3213, 33.460081], "type": "Point"}, "properties": {"access": "unknown", "category": "transit", "category_label": "정류장·터미널", "coordinate_kind": "node", "model_eligible": true, "name": "애월하나로마트", "opening_hours": "", "osm_id": "node/11338571281"}, "type": "Feature"}, {"geometry": {"coordinates": [126.32401, 33.463678], "type": "Point"}, "properties": {"access": "unknown", "category": "transit", "category_label": "정류장·터미널", "coordinate_kind": "node", "model_eligible": true, "name": "애월중학교", "opening_hours": "", "osm_id": "node/11338571282"}, "type": "Feature"}, {"geometry": {"coordinates": [126.324159, 33.463533], "type": "Point"}, "properties": {"access": "unknown", "category": "transit", "category_label": "정류장·터미널", "coordinate_kind": "node", "model_eligible": true, "name": "애월중학교", "opening_hours": "", "osm_id": "node/11338571283"}, "type": "Feature"}, {"geometry": {"coordinates": [126.329017, 33.463083], "type": "Point"}, "properties": {"access": "unknown", "category": "transit", "category_label": "정류장·터미널", "coordinate_kind": "node", "model_eligible": true, "name": "애월읍사무소", "opening_hours": "", "osm_id": "node/11338571284"}, "type": "Feature"}, {"geometry": {"coordinates": [126.330349, 33.462606], "type": "Point"}, "properties": {"access": "unknown", "category": "transit", "category_label": "정류장·터미널", "coordinate_kind": "node", "model_eligible": true, "name": "애월읍사무소", "opening_hours": "", "osm_id": "node/11338571285"}, "type": "Feature"}, {"geometry": {"coordinates": [126.320998, 33.464162], "type": "Point"}, "properties": {"access": "unknown", "category": "transit", "category_label": "정류장·터미널", "coordinate_kind": "node", "model_eligible": true, "name": "애월신협", "opening_hours": "", "osm_id": "node/11338571286"}, "type": "Feature"}, {"geometry": {"coordinates": [126.320686, 33.464392], "type": "Point"}, "properties": {"access": "unknown", "category": "transit", "category_label": "정류장·터미널", "coordinate_kind": "node", "model_eligible": true, "name": "애월리", "opening_hours": "", "osm_id": "node/11338571287"}, "type": "Feature"}, {"geometry": {"coordinates": [126.334615, 33.462445], "type": "Point"}, "properties": {"access": "unknown", "category": "transit", "category_label": "정류장·터미널", "coordinate_kind": "node", "model_eligible": true, "name": "애월고등학교", "opening_hours": "", "osm_id": "node/11338571288"}, "type": "Feature"}, {"geometry": {"coordinates": [126.334567, 33.462595], "type": "Point"}, "properties": {"access": "unknown", "category": "transit", "category_label": "정류장·터미널", "coordinate_kind": "node", "model_eligible": true, "name": "애월고등학교", "opening_hours": "", "osm_id": "node/11338571289"}, "type": "Feature"}, {"geometry": {"coordinates": [126.26416, 33.33863], "type": "Point"}, "properties": {"access": "unknown", "category": "transit", "category_label": "정류장·터미널", "coordinate_kind": "node", "model_eligible": true, "name": "신흥동", "opening_hours": "", "osm_id": "node/11338571369"}, "type": "Feature"}, {"geometry": {"coordinates": [126.187533, 33.3482], "type": "Point"}, "properties": {"access": "unknown", "category": "transit", "category_label": "정류장·터미널", "coordinate_kind": "node", "model_eligible": true, "name": "신창상동", "opening_hours": "", "osm_id": "node/11338571426"}, "type": "Feature"}, {"geometry": {"coordinates": [126.187333, 33.348383], "type": "Point"}, "properties": {"access": "unknown", "category": "transit", "category_label": "정류장·터미널", "coordinate_kind": "node", "model_eligible": true, "name": "신창상동", "opening_hours": "", "osm_id": "node/11338571427"}, "type": "Feature"}, {"geometry": {"coordinates": [126.189984, 33.346931], "type": "Point"}, "properties": {"access": "unknown", "category": "transit", "category_label": "정류장·터미널", "coordinate_kind": "node", "model_eligible": true, "name": "신창리 하나로마트 한경농협", "opening_hours": "", "osm_id": "node/11338571429"}, "type": "Feature"}, {"geometry": {"coordinates": [126.190923, 33.34664], "type": "Point"}, "properties": {"access": "unknown", "category": "transit", "category_label": "정류장·터미널", "coordinate_kind": "node", "model_eligible": true, "name": "신창리 농산물종합유통센터", "opening_hours": "", "osm_id": "node/11338571430"}, "type": "Feature"}, {"geometry": {"coordinates": [126.314776, 33.463961], "type": "Point"}, "properties": {"access": "unknown", "category": "transit", "category_label": "정류장·터미널", "coordinate_kind": "node", "model_eligible": true, "name": "신설동", "opening_hours": "", "osm_id": "node/11338571473"}, "type": "Feature"}, {"geometry": {"coordinates": [126.316373, 33.46431], "type": "Point"}, "properties": {"access": "unknown", "category": "transit", "category_label": "정류장·터미널", "coordinate_kind": "node", "model_eligible": true, "name": "신설동", "opening_hours": "", "osm_id": "node/11338571475"}, "type": "Feature"}, {"geometry": {"coordinates": [126.320833, 33.418567], "type": "Point"}, "properties": {"access": "unknown", "category": "transit", "category_label": "정류장·터미널", "coordinate_kind": "node", "model_eligible": true, "name": "신명동", "opening_hours": "", "osm_id": "node/11338571500"}, "type": "Feature"}, {"geometry": {"coordinates": [126.3207, 33.418633], "type": "Point"}, "properties": {"access": "unknown", "category": "transit", "category_label": "정류장·터미널", "coordinate_kind": "node", "model_eligible": true, "name": "신명동", "opening_hours": "", "osm_id": "node/11338571501"}, "type": "Feature"}, {"geometry": {"coordinates": [126.280633, 33.3888], "type": "Point"}, "properties": {"access": "unknown", "category": "transit", "category_label": "정류장·터미널", "coordinate_kind": "node", "model_eligible": true, "name": "신명동", "opening_hours": "", "osm_id": "node/11338571502"}, "type": "Feature"}, {"geometry": {"coordinates": [126.280817, 33.38875], "type": "Point"}, "properties": {"access": "unknown", "category": "transit", "category_label": "정류장·터미널", "coordinate_kind": "node", "model_eligible": true, "name": "신명동", "opening_hours": "", "osm_id": "node/11338571503"}, "type": "Feature"}, {"geometry": {"coordinates": [126.228792, 33.341378], "type": "Point"}, "properties": {"access": "unknown", "category": "transit", "category_label": "정류장·터미널", "coordinate_kind": "node", "model_eligible": true, "name": "신동 입구", "opening_hours": "", "osm_id": "node/11338571516"}, "type": "Feature"}, {"geometry": {"coordinates": [126.211421, 33.341669], "type": "Point"}, "properties": {"access": "unknown", "category": "transit", "category_label": "정류장·터미널", "coordinate_kind": "node", "model_eligible": true, "name": "수장동입구", "opening_hours": "", "osm_id": "node/11338571554"}, "type": "Feature"}, {"geometry": {"coordinates": [126.211422, 33.341904], "type": "Point"}, "properties": {"access": "unknown", "category": "transit", "category_label": "정류장·터미널", "coordinate_kind": "node", "model_eligible": true, "name": "수장동입구", "opening_hours": "", "osm_id": "node/11338571555"}, "type": "Feature"}, {"geometry": {"coordinates": [126.266748, 33.423732], "type": "Point"}, "properties": {"access": "unknown", "category": "transit", "category_label": "정류장·터미널", "coordinate_kind": "node", "model_eligible": true, "name": "수원주유소", "opening_hours": "", "osm_id": "node/11338571559"}, "type": "Feature"}, {"geometry": {"coordinates": [126.266508, 33.423708], "type": "Point"}, "properties": {"access": "unknown", "category": "transit", "category_label": "정류장·터미널", "coordinate_kind": "node", "model_eligible": true, "name": "수원주유소", "opening_hours": "", "osm_id": "node/11338571560"}, "type": "Feature"}, {"geometry": {"coordinates": [126.269133, 33.425667], "type": "Point"}, "properties": {"access": "unknown", "category": "transit", "category_label": "정류장·터미널", "coordinate_kind": "node", "model_eligible": true, "name": "수원리", "opening_hours": "", "osm_id": "node/11338571561"}, "type": "Feature"}, {"geometry": {"coordinates": [126.26994, 33.42614], "type": "Point"}, "properties": {"access": "unknown", "category": "transit", "category_label": "정류장·터미널", "coordinate_kind": "node", "model_eligible": true, "name": "수원리", "opening_hours": "", "osm_id": "node/11338571562"}, "type": "Feature"}, {"geometry": {"coordinates": [126.257254, 33.341113], "type": "Point"}, "properties": {"access": "unknown", "category": "transit", "category_label": "정류장·터미널", "coordinate_kind": "node", "model_eligible": true, "name": "성전동", "opening_hours": "", "osm_id": "node/11338571732"}, "type": "Feature"}, {"geometry": {"coordinates": [126.294667, 33.434083], "type": "Point"}, "properties": {"access": "unknown", "category": "transit", "category_label": "정류장·터미널", "coordinate_kind": "node", "model_eligible": true, "name": "성로동", "opening_hours": "", "osm_id": "node/11338571797"}, "type": "Feature"}, {"geometry": {"coordinates": [126.29585, 33.434], "type": "Point"}, "properties": {"access": "unknown", "category": "transit", "category_label": "정류장·터미널", "coordinate_kind": "node", "model_eligible": true, "name": "성로동", "opening_hours": "", "osm_id": "node/11338571798"}, "type": "Feature"}, {"geometry": {"coordinates": [126.252978, 33.354524], "type": "Point"}, "properties": {"access": "unknown", "category": "transit", "category_label": "정류장·터미널", "coordinate_kind": "node", "model_eligible": true, "name": "선인장마을,돌마을공원", "opening_hours": "", "osm_id": "node/11338571824"}, "type": "Feature"}, {"geometry": {"coordinates": [126.252833, 33.354434], "type": "Point"}, "properties": {"access": "unknown", "category": "transit", "category_label": "정류장·터미널", "coordinate_kind": "node", "model_eligible": true, "name": "선인장마을,돌마을공원", "opening_hours": "", "osm_id": "node/11338571825"}, "type": "Feature"}, {"geometry": {"coordinates": [126.261257, 33.335469], "type": "Point"}, "properties": {"access": "unknown", "category": "transit", "category_label": "정류장·터미널", "coordinate_kind": "node", "model_eligible": true, "name": "서부신협 유통영농조합", "opening_hours": "", "osm_id": "node/11338571880"}, "type": "Feature"}, {"geometry": {"coordinates": [126.2611296, 33.3355447], "type": "Point"}, "properties": {"access": "unknown", "category": "transit", "category_label": "정류장·터미널", "coordinate_kind": "node", "model_eligible": true, "name": "서부신협 유통영농조합", "opening_hours": "", "osm_id": "node/11338571881"}, "type": "Feature"}, {"geometry": {"coordinates": [126.269823, 33.4115], "type": "Point"}, "properties": {"access": "unknown", "category": "transit", "category_label": "정류장·터미널", "coordinate_kind": "node", "model_eligible": true, "name": "서부보건소", "opening_hours": "", "osm_id": "node/11338571882"}, "type": "Feature"}, {"geometry": {"coordinates": [126.269957, 33.411748], "type": "Point"}, "properties": {"access": "unknown", "category": "transit", "category_label": "정류장·터미널", "coordinate_kind": "node", "model_eligible": true, "name": "서부보건소", "opening_hours": "", "osm_id": "node/11338571883"}, "type": "Feature"}, {"geometry": {"coordinates": [126.247455, 33.352815], "type": "Point"}, "properties": {"access": "unknown", "category": "transit", "category_label": "정류장·터미널", "coordinate_kind": "node", "model_eligible": true, "name": "서부농업기술센터", "opening_hours": "", "osm_id": "node/11338571884"}, "type": "Feature"}, {"geometry": {"coordinates": [126.247491, 33.35241], "type": "Point"}, "properties": {"access": "unknown", "category": "transit", "category_label": "정류장·터미널", "coordinate_kind": "node", "model_eligible": true, "name": "서부농업기술센터", "opening_hours": "", "osm_id": "node/11338571885"}, "type": "Feature"}, {"geometry": {"coordinates": [126.255015, 33.326304], "type": "Point"}, "properties": {"access": "unknown", "category": "transit", "category_label": "정류장·터미널", "coordinate_kind": "node", "model_eligible": true, "name": "생각하는정원", "opening_hours": "", "osm_id": "node/11338571974"}, "type": "Feature"}, {"geometry": {"coordinates": [126.255259, 33.326001], "type": "Point"}, "properties": {"access": "unknown", "category": "transit", "category_label": "정류장·터미널", "coordinate_kind": "node", "model_eligible": true, "name": "생각하는정원", "opening_hours": "", "osm_id": "node/11338571975"}, "type": "Feature"}, {"geometry": {"coordinates": [126.27005, 33.360233], "type": "Point"}, "properties": {"access": "unknown", "category": "transit", "category_label": "정류장·터미널", "coordinate_kind": "node", "model_eligible": true, "name": "상명보건진료소", "opening_hours": "", "osm_id": "node/11338572034"}, "type": "Feature"}, {"geometry": {"coordinates": [126.26975, 33.360067], "type": "Point"}, "properties": {"access": "unknown", "category": "transit", "category_label": "정류장·터미널", "coordinate_kind": "node", "model_eligible": true, "name": "상명보건진료소", "opening_hours": "", "osm_id": "node/11338572035"}, "type": "Feature"}, {"geometry": {"coordinates": [126.27206, 33.364823], "type": "Point"}, "properties": {"access": "unknown", "category": "transit", "category_label": "정류장·터미널", "coordinate_kind": "node", "model_eligible": true, "name": "상명리동카름", "opening_hours": "", "osm_id": "node/11338572036"}, "type": "Feature"}, {"geometry": {"coordinates": [126.271756, 33.364704], "type": "Point"}, "properties": {"access": "unknown", "category": "transit", "category_label": "정류장·터미널", "coordinate_kind": "node", "model_eligible": true, "name": "상명리동카름", "opening_hours": "", "osm_id": "node/11338572037"}, "type": "Feature"}, {"geometry": {"coordinates": [126.269567, 33.362314], "type": "Point"}, "properties": {"access": "unknown", "category": "transit", "category_label": "정류장·터미널", "coordinate_kind": "node", "model_eligible": true, "name": "상명리동동", "opening_hours": "", "osm_id": "node/11338572038"}, "type": "Feature"}, {"geometry": {"coordinates": [126.269288, 33.362269], "type": "Point"}, "properties": {"access": "unknown", "category": "transit", "category_label": "정류장·터미널", "coordinate_kind": "node", "model_eligible": true, "name": "상명리동동", "opening_hours": "", "osm_id": "node/11338572039"}, "type": "Feature"}, {"geometry": {"coordinates": [126.279618, 33.356954], "type": "Point"}, "properties": {"access": "unknown", "category": "transit", "category_label": "정류장·터미널", "coordinate_kind": "node", "model_eligible": true, "name": "상명리", "opening_hours": "", "osm_id": "node/11338572040"}, "type": "Feature"}, {"geometry": {"coordinates": [126.2792, 33.357033], "type": "Point"}, "properties": {"access": "unknown", "category": "transit", "category_label": "정류장·터미널", "coordinate_kind": "node", "model_eligible": true, "name": "상명리", "opening_hours": "", "osm_id": "node/11338572041"}, "type": "Feature"}, {"geometry": {"coordinates": [126.293767, 33.407817], "type": "Point"}, "properties": {"access": "unknown", "category": "transit", "category_label": "정류장·터미널", "coordinate_kind": "node", "model_eligible": true, "name": "상대리", "opening_hours": "", "osm_id": "node/11338572051"}, "type": "Feature"}, {"geometry": {"coordinates": [126.2935, 33.407683], "type": "Point"}, "properties": {"access": "unknown", "category": "transit", "category_label": "정류장·터미널", "coordinate_kind": "node", "model_eligible": true, "name": "상대리", "opening_hours": "", "osm_id": "node/11338572052"}, "type": "Feature"}, {"geometry": {"coordinates": [126.340918, 33.450031], "type": "Point"}, "properties": {"access": "unknown", "category": "transit", "category_label": "정류장·터미널", "coordinate_kind": "node", "model_eligible": true, "name": "상가리서동", "opening_hours": "", "osm_id": "node/11338572059"}, "type": "Feature"}, {"geometry": {"coordinates": [126.340695, 33.450467], "type": "Point"}, "properties": {"access": "unknown", "category": "transit", "category_label": "정류장·터미널", "coordinate_kind": "node", "model_eligible": true, "name": "상가리서동", "opening_hours": "", "osm_id": "node/11338572060"}, "type": "Feature"}, {"geometry": {"coordinates": [126.34428, 33.452013], "type": "Point"}, "properties": {"access": "unknown", "category": "transit", "category_label": "정류장·터미널", "coordinate_kind": "node", "model_eligible": true, "name": "상가리보건진료소", "opening_hours": "", "osm_id": "node/11338572061"}, "type": "Feature"}, {"geometry": {"coordinates": [126.3415, 33.45178], "type": "Point"}, "properties": {"access": "unknown", "category": "transit", "category_label": "정류장·터미널", "coordinate_kind": "node", "model_eligible": true, "name": "상가리", "opening_hours": "", "osm_id": "node/11338572064"}, "type": "Feature"}, {"geometry": {"coordinates": [126.341889, 33.451743], "type": "Point"}, "properties": {"access": "unknown", "category": "transit", "category_label": "정류장·터미널", "coordinate_kind": "node", "model_eligible": true, "name": "상가리", "opening_hours": "", "osm_id": "node/11338572065"}, "type": "Feature"}, {"geometry": {"coordinates": [126.255388, 33.345681], "type": "Point"}, "properties": {"access": "unknown", "category": "transit", "category_label": "정류장·터미널", "coordinate_kind": "node", "model_eligible": true, "name": "산전동", "opening_hours": "", "osm_id": "node/11338572146"}, "type": "Feature"}, {"geometry": {"coordinates": [126.288717, 33.441867], "type": "Point"}, "properties": {"access": "unknown", "category": "transit", "category_label": "정류장·터미널", "coordinate_kind": "node", "model_eligible": true, "name": "사동복지회관", "opening_hours": "", "osm_id": "node/11338572207"}, "type": "Feature"}, {"geometry": {"coordinates": [126.2900887, 33.4421453], "type": "Point"}, "properties": {"access": "unknown", "category": "transit", "category_label": "정류장·터미널", "coordinate_kind": "node", "model_eligible": true, "name": "사동복지회관", "opening_hours": "", "osm_id": "node/11338572208"}, "type": "Feature"}, {"geometry": {"coordinates": [126.332783, 33.415533], "type": "Point"}, "properties": {"access": "unknown", "category": "transit", "category_label": "정류장·터미널", "coordinate_kind": "node", "model_eligible": true, "name": "부면동", "opening_hours": "", "osm_id": "node/11338572274"}, "type": "Feature"}, {"geometry": {"coordinates": [126.332667, 33.416033], "type": "Point"}, "properties": {"access": "unknown", "category": "transit", "category_label": "정류장·터미널", "coordinate_kind": "node", "model_eligible": true, "name": "부면동", "opening_hours": "", "osm_id": "node/11338572275"}, "type": "Feature"}, {"geometry": {"coordinates": [126.31245, 33.4189], "type": "Point"}, "properties": {"access": "unknown", "category": "transit", "category_label": "정류장·터미널", "coordinate_kind": "node", "model_eligible": true, "name": "봉성하나로마트", "opening_hours": "", "osm_id": "node/11338572286"}, "type": "Feature"}, {"geometry": {"coordinates": [126.312567, 33.419217], "type": "Point"}, "properties": {"access": "unknown", "category": "transit", "category_label": "정류장·터미널", "coordinate_kind": "node", "model_eligible": true, "name": "봉성하나로마트", "opening_hours": "", "osm_id": "node/11338572287"}, "type": "Feature"}, {"geometry": {"coordinates": [126.31265, 33.418883], "type": "Point"}, "properties": {"access": "unknown", "category": "transit", "category_label": "정류장·터미널", "coordinate_kind": "node", "model_eligible": true, "name": "봉성하나로마트", "opening_hours": "", "osm_id": "node/11338572288"}, "type": "Feature"}, {"geometry": {"coordinates": [126.310717, 33.417383], "type": "Point"}, "properties": {"access": "unknown", "category": "transit", "category_label": "정류장·터미널", "coordinate_kind": "node", "model_eligible": true, "name": "봉성리서성동", "opening_hours": "", "osm_id": "node/11338572289"}, "type": "Feature"}, {"geometry": {"coordinates": [126.310722, 33.41721], "type": "Point"}, "properties": {"access": "unknown", "category": "transit", "category_label": "정류장·터미널", "coordinate_kind": "node", "model_eligible": true, "name": "봉성리서성동", "opening_hours": "", "osm_id": "node/11338572290"}, "type": "Feature"}, {"geometry": {"coordinates": [126.312957, 33.422195], "type": "Point"}, "properties": {"access": "unknown", "category": "transit", "category_label": "정류장·터미널", "coordinate_kind": "node", "model_eligible": true, "name": "봉성리사무소", "opening_hours": "", "osm_id": "node/11338572291"}, "type": "Feature"}, {"geometry": {"coordinates": [126.312703, 33.42219], "type": "Point"}, "properties": {"access": "unknown", "category": "transit", "category_label": "정류장·터미널", "coordinate_kind": "node", "model_eligible": true, "name": "봉성리사무소", "opening_hours": "", "osm_id": "node/11338572292"}, "type": "Feature"}, {"geometry": {"coordinates": [126.196602, 33.33649], "type": "Point"}, "properties": {"access": "unknown", "category": "transit", "category_label": "정류장·터미널", "coordinate_kind": "node", "model_eligible": true, "name": "복호동입구", "opening_hours": "", "osm_id": "node/11338572311"}, "type": "Feature"}, {"geometry": {"coordinates": [126.201157, 33.339924], "type": "Point"}, "properties": {"access": "unknown", "category": "transit", "category_label": "정류장·터미널", "coordinate_kind": "node", "model_eligible": true, "name": "복호동", "opening_hours": "", "osm_id": "node/11338572312"}, "type": "Feature"}, {"geometry": {"coordinates": [126.1965, 33.33743], "type": "Point"}, "properties": {"access": "unknown", "category": "transit", "category_label": "정류장·터미널", "coordinate_kind": "node", "model_eligible": true, "name": "복호동", "opening_hours": "", "osm_id": "node/11338572313"}, "type": "Feature"}, {"geometry": {"coordinates": [126.201154, 33.339721], "type": "Point"}, "properties": {"access": "unknown", "category": "transit", "category_label": "정류장·터미널", "coordinate_kind": "node", "model_eligible": true, "name": "복호동", "opening_hours": "", "osm_id": "node/11338572314"}, "type": "Feature"}, {"geometry": {"coordinates": [126.23028, 33.345799], "type": "Point"}, "properties": {"access": "unknown", "category": "transit", "category_label": "정류장·터미널", "coordinate_kind": "node", "model_eligible": true, "name": "배낭골", "opening_hours": "", "osm_id": "node/11338572387"}, "type": "Feature"}, {"geometry": {"coordinates": [126.230138, 33.345826], "type": "Point"}, "properties": {"access": "unknown", "category": "transit", "category_label": "정류장·터미널", "coordinate_kind": "node", "model_eligible": true, "name": "배낭골", "opening_hours": "", "osm_id": "node/11338572388"}, "type": "Feature"}, {"geometry": {"coordinates": [126.267339, 33.336893], "type": "Point"}, "properties": {"access": "unknown", "category": "transit", "category_label": "정류장·터미널", "coordinate_kind": "node", "model_eligible": true, "name": "방림원", "opening_hours": "", "osm_id": "node/11338572399"}, "type": "Feature"}, {"geometry": {"coordinates": [126.267318, 33.33703], "type": "Point"}, "properties": {"access": "unknown", "category": "transit", "category_label": "정류장·터미널", "coordinate_kind": "node", "model_eligible": true, "name": "방림원", "opening_hours": "", "osm_id": "node/11338572400"}, "type": "Feature"}, {"geometry": {"coordinates": [126.268733, 33.41875], "type": "Point"}, "properties": {"access": "unknown", "category": "transit", "category_label": "정류장·터미널", "coordinate_kind": "node", "model_eligible": true, "name": "미듬아파트", "opening_hours": "", "osm_id": "node/11338572432"}, "type": "Feature"}, {"geometry": {"coordinates": [126.268833, 33.4187], "type": "Point"}, "properties": {"access": "unknown", "category": "transit", "category_label": "정류장·터미널", "coordinate_kind": "node", "model_eligible": true, "name": "미듬아파트", "opening_hours": "", "osm_id": "node/11338572433"}, "type": "Feature"}, {"geometry": {"coordinates": [126.283576, 33.385594], "type": "Point"}, "properties": {"access": "unknown", "category": "transit", "category_label": "정류장·터미널", "coordinate_kind": "node", "model_eligible": true, "name": "문수동", "opening_hours": "", "osm_id": "node/11338572443"}, "type": "Feature"}, {"geometry": {"coordinates": [126.283401, 33.385496], "type": "Point"}, "properties": {"access": "unknown", "category": "transit", "category_label": "정류장·터미널", "coordinate_kind": "node", "model_eligible": true, "name": "문수동", "opening_hours": "", "osm_id": "node/11338572444"}, "type": "Feature"}, {"geometry": {"coordinates": [126.278146, 33.392769], "type": "Point"}, "properties": {"access": "unknown", "category": "transit", "category_label": "정류장·터미널", "coordinate_kind": "node", "model_eligible": true, "name": "못거리", "opening_hours": "", "osm_id": "node/11338572464"}, "type": "Feature"}, {"geometry": {"coordinates": [126.277859, 33.392583], "type": "Point"}, "properties": {"access": "unknown", "category": "transit", "category_label": "정류장·터미널", "coordinate_kind": "node", "model_eligible": true, "name": "못거리", "opening_hours": "", "osm_id": "node/11338572465"}, "type": "Feature"}, {"geometry": {"coordinates": [126.326827, 33.454361], "type": "Point"}, "properties": {"access": "unknown", "category": "transit", "category_label": "정류장·터미널", "coordinate_kind": "node", "model_eligible": true, "name": "모르왓동산", "opening_hours": "", "osm_id": "node/11338572480"}, "type": "Feature"}, {"geometry": {"coordinates": [126.326842, 33.454178], "type": "Point"}, "properties": {"access": "unknown", "category": "transit", "category_label": "정류장·터미널", "coordinate_kind": "node", "model_eligible": true, "name": "모르왓동산", "opening_hours": "", "osm_id": "node/11338572481"}, "type": "Feature"}, {"geometry": {"coordinates": [126.263373, 33.396589], "type": "Point"}, "properties": {"access": "unknown", "category": "transit", "category_label": "정류장·터미널", "coordinate_kind": "node", "model_eligible": true, "name": "명월하동", "opening_hours": "", "osm_id": "node/11338572491"}, "type": "Feature"}, {"geometry": {"coordinates": [126.260792, 33.396068], "type": "Point"}, "properties": {"access": "unknown", "category": "transit", "category_label": "정류장·터미널", "coordinate_kind": "node", "model_eligible": true, "name": "명월하동", "opening_hours": "", "osm_id": "node/11338572492"}, "type": "Feature"}, {"geometry": {"coordinates": [126.259817, 33.397267], "type": "Point"}, "properties": {"access": "unknown", "category": "transit", "category_label": "정류장·터미널", "coordinate_kind": "node", "model_eligible": true, "name": "명월하동", "opening_hours": "", "osm_id": "node/11338572493"}, "type": "Feature"}, {"geometry": {"coordinates": [126.283044, 33.374953], "type": "Point"}, "properties": {"access": "unknown", "category": "transit", "category_label": "정류장·터미널", "coordinate_kind": "node", "model_eligible": true, "name": "명월상동회관", "opening_hours": "", "osm_id": "node/11338572494"}, "type": "Feature"}, {"geometry": {"coordinates": [126.283012, 33.374794], "type": "Point"}, "properties": {"access": "unknown", "category": "transit", "category_label": "정류장·터미널", "coordinate_kind": "node", "model_eligible": true, "name": "명월상동회관", "opening_hours": "", "osm_id": "node/11338572495"}, "type": "Feature"}, {"geometry": {"coordinates": [126.279535, 33.375095], "type": "Point"}, "properties": {"access": "unknown", "category": "transit", "category_label": "정류장·터미널", "coordinate_kind": "node", "model_eligible": true, "name": "명월상동", "opening_hours": "", "osm_id": "node/11338572496"}, "type": "Feature"}, {"geometry": {"coordinates": [126.279537, 33.374951], "type": "Point"}, "properties": {"access": "unknown", "category": "transit", "category_label": "정류장·터미널", "coordinate_kind": "node", "model_eligible": true, "name": "명월상동", "opening_hours": "", "osm_id": "node/11338572497"}, "type": "Feature"}, {"geometry": {"coordinates": [126.26649, 33.386748], "type": "Point"}, "properties": {"access": "unknown", "category": "transit", "category_label": "정류장·터미널", "coordinate_kind": "node", "model_eligible": true, "name": "명월리사무소", "opening_hours": "", "osm_id": "node/11338572498"}, "type": "Feature"}, {"geometry": {"coordinates": [126.267357, 33.384392], "type": "Point"}, "properties": {"access": "unknown", "category": "transit", "category_label": "정류장·터미널", "coordinate_kind": "node", "model_eligible": true, "name": "명월리노인복지회관", "opening_hours": "", "osm_id": "node/11338572499"}, "type": "Feature"}, {"geometry": {"coordinates": [126.267346, 33.384698], "type": "Point"}, "properties": {"access": "unknown", "category": "transit", "category_label": "정류장·터미널", "coordinate_kind": "node", "model_eligible": true, "name": "명월리노인복지회관", "opening_hours": "", "osm_id": "node/11338572500"}, "type": "Feature"}, {"geometry": {"coordinates": [126.265967, 33.389417], "type": "Point"}, "properties": {"access": "unknown", "category": "transit", "category_label": "정류장·터미널", "coordinate_kind": "node", "model_eligible": true, "name": "명월리", "opening_hours": "", "osm_id": "node/11338572501"}, "type": "Feature"}, {"geometry": {"coordinates": [126.266111, 33.389896], "type": "Point"}, "properties": {"access": "unknown", "category": "transit", "category_label": "정류장·터미널", "coordinate_kind": "node", "model_eligible": true, "name": "명월리", "opening_hours": "", "osm_id": "node/11338572502"}, "type": "Feature"}, {"geometry": {"coordinates": [126.266467, 33.38705], "type": "Point"}, "properties": {"access": "unknown", "category": "transit", "category_label": "정류장·터미널", "coordinate_kind": "node", "model_eligible": true, "name": "명월리", "opening_hours": "", "osm_id": "node/11338572503"}, "type": "Feature"}, {"geometry": {"coordinates": [126.273024, 33.378109], "type": "Point"}, "properties": {"access": "unknown", "category": "transit", "category_label": "정류장·터미널", "coordinate_kind": "node", "model_eligible": true, "name": "명월교회", "opening_hours": "", "osm_id": "node/11338572504"}, "type": "Feature"}, {"geometry": {"coordinates": [126.27307, 33.377819], "type": "Point"}, "properties": {"access": "unknown", "category": "transit", "category_label": "정류장·터미널", "coordinate_kind": "node", "model_eligible": true, "name": "명월교회", "opening_hours": "", "osm_id": "node/11338572505"}, "type": "Feature"}, {"geometry": {"coordinates": [126.277833, 33.435267], "type": "Point"}, "properties": {"access": "unknown", "category": "transit", "category_label": "정류장·터미널", "coordinate_kind": "node", "model_eligible": true, "name": "라신동", "opening_hours": "", "osm_id": "node/11338572572"}, "type": "Feature"}, {"geometry": {"coordinates": [126.185283, 33.353517], "type": "Point"}, "properties": {"access": "unknown", "category": "transit", "category_label": "정류장·터미널", "coordinate_kind": "node", "model_eligible": true, "name": "두모리사무소", "opening_hours": "", "osm_id": "node/11338572600"}, "type": "Feature"}, {"geometry": {"coordinates": [126.185335, 33.353968], "type": "Point"}, "properties": {"access": "unknown", "category": "transit", "category_label": "정류장·터미널", "coordinate_kind": "node", "model_eligible": true, "name": "두모리사무소", "opening_hours": "", "osm_id": "node/11338572601"}, "type": "Feature"}, {"geometry": {"coordinates": [126.274188, 33.394648], "type": "Point"}, "properties": {"access": "unknown", "category": "transit", "category_label": "정류장·터미널", "coordinate_kind": "node", "model_eligible": true, "name": "동명리 한천동", "opening_hours": "", "osm_id": "node/11338572691"}, "type": "Feature"}, {"geometry": {"coordinates": [126.262512, 33.40795], "type": "Point"}, "properties": {"access": "unknown", "category": "transit", "category_label": "정류장·터미널", "coordinate_kind": "node", "model_eligible": true, "name": "동명리", "opening_hours": "", "osm_id": "node/11338572692"}, "type": "Feature"}, {"geometry": {"coordinates": [126.265878, 33.409239], "type": "Point"}, "properties": {"access": "unknown", "category": "transit", "category_label": "정류장·터미널", "coordinate_kind": "node", "model_eligible": true, "name": "동명리", "opening_hours": "", "osm_id": "node/11338572693"}, "type": "Feature"}, {"geometry": {"coordinates": [126.30245, 33.418233], "type": "Point"}, "properties": {"access": "unknown", "category": "transit", "category_label": "정류장·터미널", "coordinate_kind": "node", "model_eligible": true, "name": "도림사", "opening_hours": "", "osm_id": "node/11338572757"}, "type": "Feature"}, {"geometry": {"coordinates": [126.302336, 33.418418], "type": "Point"}, "properties": {"access": "unknown", "category": "transit", "category_label": "정류장·터미널", "coordinate_kind": "node", "model_eligible": true, "name": "도림사", "opening_hours": "", "osm_id": "node/11338572758"}, "type": "Feature"}, {"geometry": {"coordinates": [126.242809, 33.357105], "type": "Point"}, "properties": {"access": "unknown", "category": "transit", "category_label": "정류장·터미널", "coordinate_kind": "node", "model_eligible": true, "name": "더마파크", "opening_hours": "", "osm_id": "node/11338572807"}, "type": "Feature"}, {"geometry": {"coordinates": [126.243045, 33.357251], "type": "Point"}, "properties": {"access": "unknown", "category": "transit", "category_label": "정류장·터미널", "coordinate_kind": "node", "model_eligible": true, "name": "더마파크", "opening_hours": "", "osm_id": "node/11338572808"}, "type": "Feature"}, {"geometry": {"coordinates": [126.283367, 33.422184], "type": "Point"}, "properties": {"access": "unknown", "category": "transit", "category_label": "정류장·터미널", "coordinate_kind": "node", "model_eligible": true, "name": "대림입전동", "opening_hours": "", "osm_id": "node/11338572909"}, "type": "Feature"}, {"geometry": {"coordinates": [126.271983, 33.428467], "type": "Point"}, "properties": {"access": "unknown", "category": "transit", "category_label": "정류장·터미널", "coordinate_kind": "node", "model_eligible": true, "name": "대림입구", "opening_hours": "", "osm_id": "node/11338572910"}, "type": "Feature"}, {"geometry": {"coordinates": [126.277876, 33.42143], "type": "Point"}, "properties": {"access": "unknown", "category": "transit", "category_label": "정류장·터미널", "coordinate_kind": "node", "model_eligible": true, "name": "대림사거리", "opening_hours": "", "osm_id": "node/11338572915"}, "type": "Feature"}, {"geometry": {"coordinates": [126.278812, 33.422178], "type": "Point"}, "properties": {"access": "unknown", "category": "transit", "category_label": "정류장·터미널", "coordinate_kind": "node", "model_eligible": true, "name": "대림사거리", "opening_hours": "", "osm_id": "node/11338572916"}, "type": "Feature"}, {"geometry": {"coordinates": [126.277759, 33.42216], "type": "Point"}, "properties": {"access": "unknown", "category": "transit", "category_label": "정류장·터미널", "coordinate_kind": "node", "model_eligible": true, "name": "대림사거리", "opening_hours": "", "osm_id": "node/11338572917"}, "type": "Feature"}, {"geometry": {"coordinates": [126.280617, 33.422517], "type": "Point"}, "properties": {"access": "unknown", "category": "transit", "category_label": "정류장·터미널", "coordinate_kind": "node", "model_eligible": true, "name": "대림리사무소", "opening_hours": "", "osm_id": "node/11338572918"}, "type": "Feature"}, {"geometry": {"coordinates": [126.281467, 33.422633], "type": "Point"}, "properties": {"access": "unknown", "category": "transit", "category_label": "정류장·터미널", "coordinate_kind": "node", "model_eligible": true, "name": "대림리사무소", "opening_hours": "", "osm_id": "node/11338572919"}, "type": "Feature"}, {"geometry": {"coordinates": [126.329444, 33.439444], "type": "Point"}, "properties": {"access": "unknown", "category": "transit", "category_label": "정류장·터미널", "coordinate_kind": "node", "model_eligible": true, "name": "납읍리사무소", "opening_hours": "", "osm_id": "node/11338573001"}, "type": "Feature"}, {"geometry": {"coordinates": [126.327583, 33.43705], "type": "Point"}, "properties": {"access": "unknown", "category": "transit", "category_label": "정류장·터미널", "coordinate_kind": "node", "model_eligible": true, "name": "납읍리 섯잣길", "opening_hours": "", "osm_id": "node/11338573002"}, "type": "Feature"}, {"geometry": {"coordinates": [126.327383, 33.436733], "type": "Point"}, "properties": {"access": "unknown", "category": "transit", "category_label": "정류장·터미널", "coordinate_kind": "node", "model_eligible": true, "name": "납읍리 섯잣길", "opening_hours": "", "osm_id": "node/11338573003"}, "type": "Feature"}, {"geometry": {"coordinates": [126.328577, 33.439586], "type": "Point"}, "properties": {"access": "unknown", "category": "transit", "category_label": "정류장·터미널", "coordinate_kind": "node", "model_eligible": true, "name": "납읍리", "opening_hours": "", "osm_id": "node/11338573004"}, "type": "Feature"}, {"geometry": {"coordinates": [126.328366, 33.439767], "type": "Point"}, "properties": {"access": "unknown", "category": "transit", "category_label": "정류장·터미널", "coordinate_kind": "node", "model_eligible": true, "name": "납읍리", "opening_hours": "", "osm_id": "node/11338573005"}, "type": "Feature"}, {"geometry": {"coordinates": [126.32898, 33.438927], "type": "Point"}, "properties": {"access": "unknown", "category": "transit", "category_label": "정류장·터미널", "coordinate_kind": "node", "model_eligible": true, "name": "납읍리", "opening_hours": "", "osm_id": "node/11338573006"}, "type": "Feature"}, {"geometry": {"coordinates": [126.263489, 33.396549], "type": "Point"}, "properties": {"access": "unknown", "category": "transit", "category_label": "정류장·터미널", "coordinate_kind": "node", "model_eligible": true, "name": "남문동", "opening_hours": "", "osm_id": "node/11338573058"}, "type": "Feature"}, {"geometry": {"coordinates": [126.227011, 33.325972], "type": "Point"}, "properties": {"access": "unknown", "category": "transit", "category_label": "정류장·터미널", "coordinate_kind": "node", "model_eligible": true, "name": "낙천리", "opening_hours": "", "osm_id": "node/11338573083"}, "type": "Feature"}, {"geometry": {"coordinates": [126.227158, 33.32606], "type": "Point"}, "properties": {"access": "unknown", "category": "transit", "category_label": "정류장·터미널", "coordinate_kind": "node", "model_eligible": true, "name": "낙천리", "opening_hours": "", "osm_id": "node/11338573084"}, "type": "Feature"}, {"geometry": {"coordinates": [126.3056623, 33.3496111], "type": "Point"}, "properties": {"access": "unknown", "category": "transit", "category_label": "정류장·터미널", "coordinate_kind": "node", "model_eligible": true, "name": "금오름", "opening_hours": "", "osm_id": "node/11338573119"}, "type": "Feature"}, {"geometry": {"coordinates": [126.304993, 33.34989], "type": "Point"}, "properties": {"access": "unknown", "category": "transit", "category_label": "정류장·터미널", "coordinate_kind": "node", "model_eligible": true, "name": "금오름", "opening_hours": "", "osm_id": "node/11338573120"}, "type": "Feature"}, {"geometry": {"coordinates": [126.2869, 33.366667], "type": "Point"}, "properties": {"access": "unknown", "category": "transit", "category_label": "정류장·터미널", "coordinate_kind": "node", "model_eligible": true, "name": "금악홀못길 입구", "opening_hours": "", "osm_id": "node/11338573121"}, "type": "Feature"}, {"geometry": {"coordinates": [126.287133, 33.366583], "type": "Point"}, "properties": {"access": "unknown", "category": "transit", "category_label": "정류장·터미널", "coordinate_kind": "node", "model_eligible": true, "name": "금악홀못길 입구", "opening_hours": "", "osm_id": "node/11338573122"}, "type": "Feature"}, {"geometry": {"coordinates": [126.294844, 33.356653], "type": "Point"}, "properties": {"access": "unknown", "category": "transit", "category_label": "정류장·터미널", "coordinate_kind": "node", "model_eligible": true, "name": "금악초등학교", "opening_hours": "", "osm_id": "node/11338573124"}, "type": "Feature"}, {"geometry": {"coordinates": [126.296506, 33.358869], "type": "Point"}, "properties": {"access": "unknown", "category": "transit", "category_label": "정류장·터미널", "coordinate_kind": "node", "model_eligible": true, "name": "금악보건진료소", "opening_hours": "", "osm_id": "node/11338573126"}, "type": "Feature"}, {"geometry": {"coordinates": [126.294657, 33.357434], "type": "Point"}, "properties": {"access": "unknown", "category": "transit", "category_label": "정류장·터미널", "coordinate_kind": "node", "model_eligible": true, "name": "금악리", "opening_hours": "", "osm_id": "node/11338573127"}, "type": "Feature"}, {"geometry": {"coordinates": [126.2948731, 33.357628], "type": "Point"}, "properties": {"access": "unknown", "category": "transit", "category_label": "정류장·터미널", "coordinate_kind": "node", "model_eligible": true, "name": "금악리", "opening_hours": "", "osm_id": "node/11338573128"}, "type": "Feature"}, {"geometry": {"coordinates": [126.298067, 33.360983], "type": "Point"}, "properties": {"access": "unknown", "category": "transit", "category_label": "정류장·터미널", "coordinate_kind": "node", "model_eligible": true, "name": "금악동물병원", "opening_hours": "", "osm_id": "node/11338573129"}, "type": "Feature"}, {"geometry": {"coordinates": [126.297861, 33.36053], "type": "Point"}, "properties": {"access": "unknown", "category": "transit", "category_label": "정류장·터미널", "coordinate_kind": "node", "model_eligible": true, "name": "금악동물병원", "opening_hours": "", "osm_id": "node/11338573130"}, "type": "Feature"}, {"geometry": {"coordinates": [126.292233, 33.36255], "type": "Point"}, "properties": {"access": "unknown", "category": "transit", "category_label": "정류장·터미널", "coordinate_kind": "node", "model_eligible": true, "name": "금악 취락구조", "opening_hours": "", "osm_id": "node/11338573131"}, "type": "Feature"}, {"geometry": {"coordinates": [126.292801, 33.362002], "type": "Point"}, "properties": {"access": "unknown", "category": "transit", "category_label": "정류장·터미널", "coordinate_kind": "node", "model_eligible": true, "name": "금악 취락구조", "opening_hours": "", "osm_id": "node/11338573132"}, "type": "Feature"}, {"geometry": {"coordinates": [126.30053, 33.443954], "type": "Point"}, "properties": {"access": "unknown", "category": "transit", "category_label": "정류장·터미널", "coordinate_kind": "node", "model_eligible": true, "name": "금성리경로당", "opening_hours": "", "osm_id": "node/11338573133"}, "type": "Feature"}, {"geometry": {"coordinates": [126.300321, 33.444172], "type": "Point"}, "properties": {"access": "unknown", "category": "transit", "category_label": "정류장·터미널", "coordinate_kind": "node", "model_eligible": true, "name": "금성리경로당", "opening_hours": "", "osm_id": "node/11338573134"}, "type": "Feature"}, {"geometry": {"coordinates": [126.302391, 33.444964], "type": "Point"}, "properties": {"access": "unknown", "category": "transit", "category_label": "정류장·터미널", "coordinate_kind": "node", "model_eligible": true, "name": "금성리", "opening_hours": "", "osm_id": "node/11338573135"}, "type": "Feature"}, {"geometry": {"coordinates": [126.301433, 33.4445], "type": "Point"}, "properties": {"access": "unknown", "category": "transit", "category_label": "정류장·터미널", "coordinate_kind": "node", "model_eligible": true, "name": "금성리", "opening_hours": "", "osm_id": "node/11338573136"}, "type": "Feature"}, {"geometry": {"coordinates": [126.327184, 33.443117], "type": "Point"}, "properties": {"access": "unknown", "category": "transit", "category_label": "정류장·터미널", "coordinate_kind": "node", "model_eligible": true, "name": "금산학교마을", "opening_hours": "", "osm_id": "node/11338573137"}, "type": "Feature"}, {"geometry": {"coordinates": [126.327118, 33.442939], "type": "Point"}, "properties": {"access": "unknown", "category": "transit", "category_label": "정류장·터미널", "coordinate_kind": "node", "model_eligible": true, "name": "금산학교마을", "opening_hours": "", "osm_id": "node/11338573138"}, "type": "Feature"}, {"geometry": {"coordinates": [126.304925, 33.445953], "type": "Point"}, "properties": {"access": "unknown", "category": "transit", "category_label": "정류장·터미널", "coordinate_kind": "node", "model_eligible": true, "name": "금빛신협", "opening_hours": "", "osm_id": "node/11338573143"}, "type": "Feature"}, {"geometry": {"coordinates": [126.3058, 33.44655], "type": "Point"}, "properties": {"access": "unknown", "category": "transit", "category_label": "정류장·터미널", "coordinate_kind": "node", "model_eligible": true, "name": "금빛신협", "opening_hours": "", "osm_id": "node/11338573144"}, "type": "Feature"}, {"geometry": {"coordinates": [126.192964, 33.361755], "type": "Point"}, "properties": {"access": "unknown", "category": "transit", "category_label": "정류장·터미널", "coordinate_kind": "node", "model_eligible": true, "name": "금등리마을", "opening_hours": "", "osm_id": "node/11338573149"}, "type": "Feature"}, {"geometry": {"coordinates": [126.191272, 33.361113], "type": "Point"}, "properties": {"access": "unknown", "category": "transit", "category_label": "정류장·터미널", "coordinate_kind": "node", "model_eligible": true, "name": "금등리마을", "opening_hours": "", "osm_id": "node/11338573150"}, "type": "Feature"}, {"geometry": {"coordinates": [126.235585, 33.38954], "type": "Point"}, "properties": {"access": "unknown", "category": "transit", "category_label": "정류장·터미널", "coordinate_kind": "node", "model_eligible": true, "name": "금능해수욕장", "opening_hours": "", "osm_id": "node/11338573151"}, "type": "Feature"}, {"geometry": {"coordinates": [126.235648, 33.389465], "type": "Point"}, "properties": {"access": "unknown", "category": "transit", "category_label": "정류장·터미널", "coordinate_kind": "node", "model_eligible": true, "name": "금능해수욕장", "opening_hours": "", "osm_id": "node/11338573152"}, "type": "Feature"}, {"geometry": {"coordinates": [126.226006, 33.385901], "type": "Point"}, "properties": {"access": "unknown", "category": "transit", "category_label": "정류장·터미널", "coordinate_kind": "node", "model_eligible": true, "name": "금능석물원", "opening_hours": "", "osm_id": "node/11338573153"}, "type": "Feature"}, {"geometry": {"coordinates": [126.226151, 33.385806], "type": "Point"}, "properties": {"access": "unknown", "category": "transit", "category_label": "정류장·터미널", "coordinate_kind": "node", "model_eligible": true, "name": "금능석물원", "opening_hours": "", "osm_id": "node/11338573154"}, "type": "Feature"}, {"geometry": {"coordinates": [126.226282, 33.386041], "type": "Point"}, "properties": {"access": "unknown", "category": "transit", "category_label": "정류장·터미널", "coordinate_kind": "node", "model_eligible": true, "name": "금능석물원", "opening_hours": "", "osm_id": "node/11338573155"}, "type": "Feature"}, {"geometry": {"coordinates": [126.232267, 33.3874], "type": "Point"}, "properties": {"access": "unknown", "category": "transit", "category_label": "정류장·터미널", "coordinate_kind": "node", "model_eligible": true, "name": "금능리", "opening_hours": "", "osm_id": "node/11338573156"}, "type": "Feature"}, {"geometry": {"coordinates": [126.232339, 33.387222], "type": "Point"}, "properties": {"access": "unknown", "category": "transit", "category_label": "정류장·터미널", "coordinate_kind": "node", "model_eligible": true, "name": "금능리", "opening_hours": "", "osm_id": "node/11338573157"}, "type": "Feature"}, {"geometry": {"coordinates": [126.247209, 33.362581], "type": "Point"}, "properties": {"access": "unknown", "category": "transit", "category_label": "정류장·터미널", "coordinate_kind": "node", "model_eligible": true, "name": "금능농공단지입구", "opening_hours": "", "osm_id": "node/11338573158"}, "type": "Feature"}, {"geometry": {"coordinates": [126.247375, 33.362659], "type": "Point"}, "properties": {"access": "unknown", "category": "transit", "category_label": "정류장·터미널", "coordinate_kind": "node", "model_eligible": true, "name": "금능농공단지입구", "opening_hours": "", "osm_id": "node/11338573159"}, "type": "Feature"}, {"geometry": {"coordinates": [126.243275, 33.359128], "type": "Point"}, "properties": {"access": "unknown", "category": "transit", "category_label": "정류장·터미널", "coordinate_kind": "node", "model_eligible": true, "name": "금능농공단지", "opening_hours": "", "osm_id": "node/11338573160"}, "type": "Feature"}, {"geometry": {"coordinates": [126.243459, 33.358994], "type": "Point"}, "properties": {"access": "unknown", "category": "transit", "category_label": "정류장·터미널", "coordinate_kind": "node", "model_eligible": true, "name": "금능농공단지", "opening_hours": "", "osm_id": "node/11338573161"}, "type": "Feature"}, {"geometry": {"coordinates": [126.219247, 33.381726], "type": "Point"}, "properties": {"access": "unknown", "category": "transit", "category_label": "정류장·터미널", "coordinate_kind": "node", "model_eligible": true, "name": "금능 블루하와이", "opening_hours": "", "osm_id": "node/11338573162"}, "type": "Feature"}, {"geometry": {"coordinates": [126.219545, 33.381667], "type": "Point"}, "properties": {"access": "unknown", "category": "transit", "category_label": "정류장·터미널", "coordinate_kind": "node", "model_eligible": true, "name": "금능 블루하와이", "opening_hours": "", "osm_id": "node/11338573163"}, "type": "Feature"}, {"geometry": {"coordinates": [126.29505, 33.4416], "type": "Point"}, "properties": {"access": "unknown", "category": "transit", "category_label": "정류장·터미널", "coordinate_kind": "node", "model_eligible": true, "name": "귀덕초등학교", "opening_hours": "", "osm_id": "node/11338573173"}, "type": "Feature"}, {"geometry": {"coordinates": [126.294139, 33.443722], "type": "Point"}, "properties": {"access": "unknown", "category": "transit", "category_label": "정류장·터미널", "coordinate_kind": "node", "model_eligible": true, "name": "귀덕초등학교", "opening_hours": "", "osm_id": "node/11338573174"}, "type": "Feature"}, {"geometry": {"coordinates": [126.2948, 33.441783], "type": "Point"}, "properties": {"access": "unknown", "category": "transit", "category_label": "정류장·터미널", "coordinate_kind": "node", "model_eligible": true, "name": "귀덕초등학교", "opening_hours": "", "osm_id": "node/11338573175"}, "type": "Feature"}, {"geometry": {"coordinates": [126.283271, 33.439941], "type": "Point"}, "properties": {"access": "unknown", "category": "transit", "category_label": "정류장·터미널", "coordinate_kind": "node", "model_eligible": true, "name": "귀덕새마을금고", "opening_hours": "", "osm_id": "node/11338573176"}, "type": "Feature"}, {"geometry": {"coordinates": [126.282361, 33.43974], "type": "Point"}, "properties": {"access": "unknown", "category": "transit", "category_label": "정류장·터미널", "coordinate_kind": "node", "model_eligible": true, "name": "귀덕새마을금고", "opening_hours": "", "osm_id": "node/11338573177"}, "type": "Feature"}, {"geometry": {"coordinates": [126.292299, 33.418004], "type": "Point"}, "properties": {"access": "unknown", "category": "transit", "category_label": "정류장·터미널", "coordinate_kind": "node", "model_eligible": true, "name": "귀덕3리", "opening_hours": "", "osm_id": "node/11338573178"}, "type": "Feature"}, {"geometry": {"coordinates": [126.29645, 33.417517], "type": "Point"}, "properties": {"access": "unknown", "category": "transit", "category_label": "정류장·터미널", "coordinate_kind": "node", "model_eligible": true, "name": "귀덕3리", "opening_hours": "", "osm_id": "node/11338573179"}, "type": "Feature"}, {"geometry": {"coordinates": [126.29675, 33.4193], "type": "Point"}, "properties": {"access": "unknown", "category": "transit", "category_label": "정류장·터미널", "coordinate_kind": "node", "model_eligible": true, "name": "귀덕3리", "opening_hours": "", "osm_id": "node/11338573180"}, "type": "Feature"}, {"geometry": {"coordinates": [126.2971894, 33.4213431], "type": "Point"}, "properties": {"access": "unknown", "category": "transit", "category_label": "정류장·터미널", "coordinate_kind": "node", "model_eligible": true, "name": "귀덕3리", "opening_hours": "", "osm_id": "node/11338573181"}, "type": "Feature"}, {"geometry": {"coordinates": [126.296583, 33.41925], "type": "Point"}, "properties": {"access": "unknown", "category": "transit", "category_label": "정류장·터미널", "coordinate_kind": "node", "model_eligible": true, "name": "귀덕3리", "opening_hours": "", "osm_id": "node/11338573182"}, "type": "Feature"}, {"geometry": {"coordinates": [126.296183, 33.418933], "type": "Point"}, "properties": {"access": "unknown", "category": "transit", "category_label": "정류장·터미널", "coordinate_kind": "node", "model_eligible": true, "name": "귀덕3리", "opening_hours": "", "osm_id": "node/11338573183"}, "type": "Feature"}, {"geometry": {"coordinates": [126.2962, 33.419017], "type": "Point"}, "properties": {"access": "unknown", "category": "transit", "category_label": "정류장·터미널", "coordinate_kind": "node", "model_eligible": true, "name": "귀덕3리", "opening_hours": "", "osm_id": "node/11338573184"}, "type": "Feature"}, {"geometry": {"coordinates": [126.296533, 33.41725], "type": "Point"}, "properties": {"access": "unknown", "category": "transit", "category_label": "정류장·터미널", "coordinate_kind": "node", "model_eligible": true, "name": "귀덕3리", "opening_hours": "", "osm_id": "node/11338573185"}, "type": "Feature"}, {"geometry": {"coordinates": [126.292017, 33.4182], "type": "Point"}, "properties": {"access": "unknown", "category": "transit", "category_label": "정류장·터미널", "coordinate_kind": "node", "model_eligible": true, "name": "귀덕3리", "opening_hours": "", "osm_id": "node/11338573186"}, "type": "Feature"}, {"geometry": {"coordinates": [126.297017, 33.421283], "type": "Point"}, "properties": {"access": "unknown", "category": "transit", "category_label": "정류장·터미널", "coordinate_kind": "node", "model_eligible": true, "name": "귀덕3리", "opening_hours": "", "osm_id": "node/11338573187"}, "type": "Feature"}, {"geometry": {"coordinates": [126.2792874, 33.4374331], "type": "Point"}, "properties": {"access": "unknown", "category": "transit", "category_label": "정류장·터미널", "coordinate_kind": "node", "model_eligible": true, "name": "귀덕2리", "opening_hours": "", "osm_id": "node/11338573188"}, "type": "Feature"}, {"geometry": {"coordinates": [126.2804573, 33.4381697], "type": "Point"}, "properties": {"access": "unknown", "category": "transit", "category_label": "정류장·터미널", "coordinate_kind": "node", "model_eligible": true, "name": "귀덕2리", "opening_hours": "", "osm_id": "node/11338573189"}, "type": "Feature"}, {"geometry": {"coordinates": [126.289033, 33.428117], "type": "Point"}, "properties": {"access": "unknown", "category": "transit", "category_label": "정류장·터미널", "coordinate_kind": "node", "model_eligible": true, "name": "귀덕1리신서동", "opening_hours": "", "osm_id": "node/11338573190"}, "type": "Feature"}, {"geometry": {"coordinates": [126.297272, 33.435895], "type": "Point"}, "properties": {"access": "unknown", "category": "transit", "category_label": "정류장·터미널", "coordinate_kind": "node", "model_eligible": true, "name": "귀덕1리사무소", "opening_hours": "", "osm_id": "node/11338573191"}, "type": "Feature"}, {"geometry": {"coordinates": [126.296965, 33.43621], "type": "Point"}, "properties": {"access": "unknown", "category": "transit", "category_label": "정류장·터미널", "coordinate_kind": "node", "model_eligible": true, "name": "귀덕1리사무소", "opening_hours": "", "osm_id": "node/11338573192"}, "type": "Feature"}, {"geometry": {"coordinates": [126.2902, 33.42905], "type": "Point"}, "properties": {"access": "unknown", "category": "transit", "category_label": "정류장·터미널", "coordinate_kind": "node", "model_eligible": true, "name": "귀덕1리 신서동", "opening_hours": "", "osm_id": "node/11338573193"}, "type": "Feature"}, {"geometry": {"coordinates": [126.298026, 33.432137], "type": "Point"}, "properties": {"access": "unknown", "category": "transit", "category_label": "정류장·터미널", "coordinate_kind": "node", "model_eligible": true, "name": "귀덕1리 성로동", "opening_hours": "", "osm_id": "node/11338573194"}, "type": "Feature"}, {"geometry": {"coordinates": [126.298109, 33.432672], "type": "Point"}, "properties": {"access": "unknown", "category": "transit", "category_label": "정류장·터미널", "coordinate_kind": "node", "model_eligible": true, "name": "귀덕1리 성로동", "opening_hours": "", "osm_id": "node/11338573195"}, "type": "Feature"}, {"geometry": {"coordinates": [126.292754, 33.443507], "type": "Point"}, "properties": {"access": "unknown", "category": "transit", "category_label": "정류장·터미널", "coordinate_kind": "node", "model_eligible": true, "name": "귀덕1리", "opening_hours": "", "osm_id": "node/11338573197"}, "type": "Feature"}, {"geometry": {"coordinates": [126.2972159, 33.4391026], "type": "Point"}, "properties": {"access": "unknown", "category": "transit", "category_label": "정류장·터미널", "coordinate_kind": "node", "model_eligible": true, "name": "귀덕1리", "opening_hours": "", "osm_id": "node/11338573198"}, "type": "Feature"}, {"geometry": {"coordinates": [126.315547, 33.424788], "type": "Point"}, "properties": {"access": "unknown", "category": "transit", "category_label": "정류장·터미널", "coordinate_kind": "node", "model_eligible": true, "name": "구몰리동", "opening_hours": "", "osm_id": "node/11338573246"}, "type": "Feature"}, {"geometry": {"coordinates": [126.315617, 33.424733], "type": "Point"}, "properties": {"access": "unknown", "category": "transit", "category_label": "정류장·터미널", "coordinate_kind": "node", "model_eligible": true, "name": "구몰리동", "opening_hours": "", "osm_id": "node/11338573247"}, "type": "Feature"}, {"geometry": {"coordinates": [126.324892, 33.435312], "type": "Point"}, "properties": {"access": "unknown", "category": "transit", "category_label": "정류장·터미널", "coordinate_kind": "node", "model_eligible": true, "name": "구 오일시장", "opening_hours": "", "osm_id": "node/11338573254"}, "type": "Feature"}, {"geometry": {"coordinates": [126.325033, 33.435183], "type": "Point"}, "properties": {"access": "unknown", "category": "transit", "category_label": "정류장·터미널", "coordinate_kind": "node", "model_eligible": true, "name": "구 시장터", "opening_hours": "", "osm_id": "node/11338573255"}, "type": "Feature"}, {"geometry": {"coordinates": [126.307567, 33.4482], "type": "Point"}, "properties": {"access": "unknown", "category": "transit", "category_label": "정류장·터미널", "coordinate_kind": "node", "model_eligible": true, "name": "곽지해수욕장", "opening_hours": "", "osm_id": "node/11338573326"}, "type": "Feature"}, {"geometry": {"coordinates": [126.307463, 33.448426], "type": "Point"}, "properties": {"access": "unknown", "category": "transit", "category_label": "정류장·터미널", "coordinate_kind": "node", "model_eligible": true, "name": "곽지해수욕장", "opening_hours": "", "osm_id": "node/11338573327"}, "type": "Feature"}, {"geometry": {"coordinates": [126.308918, 33.451689], "type": "Point"}, "properties": {"access": "unknown", "category": "transit", "category_label": "정류장·터미널", "coordinate_kind": "node", "model_eligible": true, "name": "곽지모우물", "opening_hours": "", "osm_id": "node/11338573328"}, "type": "Feature"}, {"geometry": {"coordinates": [126.308755, 33.453189], "type": "Point"}, "properties": {"access": "unknown", "category": "transit", "category_label": "정류장·터미널", "coordinate_kind": "node", "model_eligible": true, "name": "곽지모우물", "opening_hours": "", "osm_id": "node/11338573329"}, "type": "Feature"}, {"geometry": {"coordinates": [126.285105, 33.374574], "type": "Point"}, "properties": {"access": "unknown", "category": "transit", "category_label": "정류장·터미널", "coordinate_kind": "node", "model_eligible": true, "name": "고림동", "opening_hours": "", "osm_id": "node/11338573403"}, "type": "Feature"}, {"geometry": {"coordinates": [126.284755, 33.374151], "type": "Point"}, "properties": {"access": "unknown", "category": "transit", "category_label": "정류장·터미널", "coordinate_kind": "node", "model_eligible": true, "name": "고림동", "opening_hours": "", "osm_id": "node/11338573404"}, "type": "Feature"}, {"geometry": {"coordinates": [126.338032, 33.462493], "type": "Point"}, "properties": {"access": "unknown", "category": "transit", "category_label": "정류장·터미널", "coordinate_kind": "node", "model_eligible": true, "name": "고내리", "opening_hours": "", "osm_id": "node/11338573412"}, "type": "Feature"}, {"geometry": {"coordinates": [126.3389, 33.46315], "type": "Point"}, "properties": {"access": "unknown", "category": "transit", "category_label": "정류장·터미널", "coordinate_kind": "node", "model_eligible": true, "name": "고내리", "opening_hours": "", "osm_id": "node/11338573413"}, "type": "Feature"}, {"geometry": {"coordinates": [126.334315, 33.465666], "type": "Point"}, "properties": {"access": "unknown", "category": "transit", "category_label": "정류장·터미널", "coordinate_kind": "node", "model_eligible": true, "name": "고내 지발해변", "opening_hours": "", "osm_id": "node/11338573416"}, "type": "Feature"}, {"geometry": {"coordinates": [126.334398, 33.465547], "type": "Point"}, "properties": {"access": "unknown", "category": "transit", "category_label": "정류장·터미널", "coordinate_kind": "node", "model_eligible": true, "name": "고내 지발해변", "opening_hours": "", "osm_id": "node/11338573417"}, "type": "Feature"}, {"geometry": {"coordinates": [126.334072, 33.409748], "type": "Point"}, "properties": {"access": "unknown", "category": "transit", "category_label": "정류장·터미널", "coordinate_kind": "node", "model_eligible": true, "name": "계원동", "opening_hours": "", "osm_id": "node/11338573422"}, "type": "Feature"}, {"geometry": {"coordinates": [126.333833, 33.41005], "type": "Point"}, "properties": {"access": "unknown", "category": "transit", "category_label": "정류장·터미널", "coordinate_kind": "node", "model_eligible": true, "name": "계원동", "opening_hours": "", "osm_id": "node/11338573423"}, "type": "Feature"}, {"geometry": {"coordinates": [126.338312, 33.404222], "type": "Point"}, "properties": {"access": "unknown", "category": "transit", "category_label": "정류장·터미널", "coordinate_kind": "node", "model_eligible": true, "name": "개법사", "opening_hours": "", "osm_id": "node/11338573468"}, "type": "Feature"}, {"geometry": {"coordinates": [126.338236, 33.404422], "type": "Point"}, "properties": {"access": "unknown", "category": "transit", "category_label": "정류장·터미널", "coordinate_kind": "node", "model_eligible": true, "name": "개법사", "opening_hours": "", "osm_id": "node/11338573469"}, "type": "Feature"}, {"geometry": {"coordinates": [126.277683, 33.408683], "type": "Point"}, "properties": {"access": "unknown", "category": "transit", "category_label": "정류장·터미널", "coordinate_kind": "node", "model_eligible": true, "name": "강구리", "opening_hours": "", "osm_id": "node/11338573484"}, "type": "Feature"}, {"geometry": {"coordinates": [126.277133, 33.408883], "type": "Point"}, "properties": {"access": "unknown", "category": "transit", "category_label": "정류장·터미널", "coordinate_kind": "node", "model_eligible": true, "name": "강구리", "opening_hours": "", "osm_id": "node/11338573485"}, "type": "Feature"}, {"geometry": {"coordinates": [126.2401629, 33.3377294], "type": "Point"}, "properties": {"access": "unknown", "category": "shelter", "category_label": "쉼터·숙박", "coordinate_kind": "node", "model_eligible": true, "name": "저지 차경", "opening_hours": "", "osm_id": "node/11357359526"}, "type": "Feature"}, {"geometry": {"coordinates": [126.2350437, 33.3896339], "type": "Point"}, "properties": {"access": "unknown", "category": "water", "category_label": "음수대", "coordinate_kind": "node", "model_eligible": false, "name": "이름 미등록 시설", "opening_hours": "", "osm_id": "node/11443316836"}, "type": "Feature"}, {"geometry": {"coordinates": [126.238213, 33.393751], "type": "Point"}, "properties": {"access": "unknown", "category": "water", "category_label": "음수대", "coordinate_kind": "node", "model_eligible": true, "name": "이름 미등록 시설", "opening_hours": "", "osm_id": "node/11443316837"}, "type": "Feature"}, {"geometry": {"coordinates": [126.3047319, 33.4498271], "type": "Point"}, "properties": {"access": "unknown", "category": "water", "category_label": "음수대", "coordinate_kind": "node", "model_eligible": false, "name": "이름 미등록 시설", "opening_hours": "", "osm_id": "node/11443316843"}, "type": "Feature"}, {"geometry": {"coordinates": [126.2563119, 33.3331544], "type": "Point"}, "properties": {"access": "unknown", "category": "food", "category_label": "식당·카페", "coordinate_kind": "node", "model_eligible": true, "name": "올레집", "opening_hours": "", "osm_id": "node/11834098132"}, "type": "Feature"}, {"geometry": {"coordinates": [126.3447556, 33.3963075], "type": "Point"}, "properties": {"access": "unknown", "category": "supplies", "category_label": "편의점·마트", "coordinate_kind": "node", "model_eligible": true, "name": "세븐일레븐", "opening_hours": "24/7", "osm_id": "node/11861489925"}, "type": "Feature"}, {"geometry": {"coordinates": [126.1864241, 33.3516604], "type": "Point"}, "properties": {"access": "unknown", "category": "supplies", "category_label": "편의점·마트", "coordinate_kind": "node", "model_eligible": true, "name": "CU", "opening_hours": "", "osm_id": "node/12035235979"}, "type": "Feature"}, {"geometry": {"coordinates": [126.1994553, 33.3649801], "type": "Point"}, "properties": {"access": "unknown", "category": "supplies", "category_label": "편의점·마트", "coordinate_kind": "node", "model_eligible": true, "name": "CU", "opening_hours": "", "osm_id": "node/12035235980"}, "type": "Feature"}, {"geometry": {"coordinates": [126.2579834, 33.4078205], "type": "Point"}, "properties": {"access": "unknown", "category": "food", "category_label": "식당·카페", "coordinate_kind": "node", "model_eligible": true, "name": "앤트러사이트", "opening_hours": "", "osm_id": "node/12084317711"}, "type": "Feature"}, {"geometry": {"coordinates": [126.2643309, 33.4086685], "type": "Point"}, "properties": {"access": "unknown", "category": "medical", "category_label": "병원·약국", "coordinate_kind": "node", "model_eligible": true, "name": "새별약국", "opening_hours": "", "osm_id": "node/12462017202"}, "type": "Feature"}, {"geometry": {"coordinates": [126.2666865, 33.4087316], "type": "Point"}, "properties": {"access": "unknown", "category": "medical", "category_label": "병원·약국", "coordinate_kind": "node", "model_eligible": true, "name": "달래약국", "opening_hours": "", "osm_id": "node/12462017203"}, "type": "Feature"}, {"geometry": {"coordinates": [126.265486, 33.4099257], "type": "Point"}, "properties": {"access": "unknown", "category": "medical", "category_label": "병원·약국", "coordinate_kind": "node", "model_eligible": true, "name": "한림부부약국", "opening_hours": "", "osm_id": "node/12462017204"}, "type": "Feature"}, {"geometry": {"coordinates": [126.265112, 33.4105798], "type": "Point"}, "properties": {"access": "unknown", "category": "medical", "category_label": "병원·약국", "coordinate_kind": "node", "model_eligible": true, "name": "은솔약국", "opening_hours": "", "osm_id": "node/12462017205"}, "type": "Feature"}, {"geometry": {"coordinates": [126.2651942, 33.4121547], "type": "Point"}, "properties": {"access": "unknown", "category": "medical", "category_label": "병원·약국", "coordinate_kind": "node", "model_eligible": true, "name": "태안약국", "opening_hours": "", "osm_id": "node/12462017206"}, "type": "Feature"}, {"geometry": {"coordinates": [126.2628313, 33.413694], "type": "Point"}, "properties": {"access": "unknown", "category": "medical", "category_label": "병원·약국", "coordinate_kind": "node", "model_eligible": true, "name": "현재약국", "opening_hours": "", "osm_id": "node/12462017207"}, "type": "Feature"}, {"geometry": {"coordinates": [126.2640647, 33.4143613], "type": "Point"}, "properties": {"access": "unknown", "category": "medical", "category_label": "병원·약국", "coordinate_kind": "node", "model_eligible": true, "name": "중앙약국", "opening_hours": "", "osm_id": "node/12462017208"}, "type": "Feature"}, {"geometry": {"coordinates": [126.2645969, 33.4144796], "type": "Point"}, "properties": {"access": "unknown", "category": "medical", "category_label": "병원·약국", "coordinate_kind": "node", "model_eligible": true, "name": "녹십자약국", "opening_hours": "", "osm_id": "node/12462017209"}, "type": "Feature"}, {"geometry": {"coordinates": [126.264873, 33.4145844], "type": "Point"}, "properties": {"access": "unknown", "category": "medical", "category_label": "병원·약국", "coordinate_kind": "node", "model_eligible": true, "name": "세창약국", "opening_hours": "", "osm_id": "node/12462017210"}, "type": "Feature"}, {"geometry": {"coordinates": [126.2649263, 33.4154898], "type": "Point"}, "properties": {"access": "unknown", "category": "medical", "category_label": "병원·약국", "coordinate_kind": "node", "model_eligible": true, "name": "한림약국", "opening_hours": "", "osm_id": "node/12462017211"}, "type": "Feature"}, {"geometry": {"coordinates": [126.2653235, 33.4155361], "type": "Point"}, "properties": {"access": "unknown", "category": "medical", "category_label": "병원·약국", "coordinate_kind": "node", "model_eligible": true, "name": "동서약국", "opening_hours": "", "osm_id": "node/12462017212"}, "type": "Feature"}, {"geometry": {"coordinates": [126.3075332, 33.4485479], "type": "Point"}, "properties": {"access": "unknown", "category": "medical", "category_label": "병원·약국", "coordinate_kind": "node", "model_eligible": true, "name": "대동약국", "opening_hours": "", "osm_id": "node/12462017213"}, "type": "Feature"}, {"geometry": {"coordinates": [126.3199833, 33.4643821], "type": "Point"}, "properties": {"access": "unknown", "category": "medical", "category_label": "병원·약국", "coordinate_kind": "node", "model_eligible": true, "name": "아라약국", "opening_hours": "", "osm_id": "node/12462017218"}, "type": "Feature"}, {"geometry": {"coordinates": [126.3191967, 33.4648693], "type": "Point"}, "properties": {"access": "unknown", "category": "medical", "category_label": "병원·약국", "coordinate_kind": "node", "model_eligible": true, "name": "핑크약국", "opening_hours": "", "osm_id": "node/12462017219"}, "type": "Feature"}, {"geometry": {"coordinates": [126.320625, 33.4648652], "type": "Point"}, "properties": {"access": "unknown", "category": "medical", "category_label": "병원·약국", "coordinate_kind": "node", "model_eligible": true, "name": "애월약국", "opening_hours": "", "osm_id": "node/12462017220"}, "type": "Feature"}, {"geometry": {"coordinates": [126.2690698, 33.418135], "type": "Point"}, "properties": {"access": "unknown", "category": "medical", "category_label": "병원·약국", "coordinate_kind": "node", "model_eligible": true, "name": "제주대림요양병원", "opening_hours": "", "osm_id": "node/12492136177"}, "type": "Feature"}, {"geometry": {"coordinates": [126.2894295, 33.4427365], "type": "Point"}, "properties": {"access": "unknown", "category": "shelter", "category_label": "쉼터·숙박", "coordinate_kind": "node", "model_eligible": true, "name": "이름 미등록 시설", "opening_hours": "", "osm_id": "node/12629967482"}, "type": "Feature"}, {"geometry": {"coordinates": [126.2838321, 33.4439004], "type": "Point"}, "properties": {"access": "unknown", "category": "shelter", "category_label": "쉼터·숙박", "coordinate_kind": "node", "model_eligible": true, "name": "이름 미등록 시설", "opening_hours": "", "osm_id": "node/12629967483"}, "type": "Feature"}, {"geometry": {"coordinates": [126.2811519, 33.4411631], "type": "Point"}, "properties": {"access": "unknown", "category": "shelter", "category_label": "쉼터·숙박", "coordinate_kind": "node", "model_eligible": true, "name": "이름 미등록 시설", "opening_hours": "", "osm_id": "node/12629967484"}, "type": "Feature"}, {"geometry": {"coordinates": [126.2762089, 33.4328299], "type": "Point"}, "properties": {"access": "unknown", "category": "shelter", "category_label": "쉼터·숙박", "coordinate_kind": "node", "model_eligible": true, "name": "스카이 호텔", "opening_hours": "", "osm_id": "node/12629967486"}, "type": "Feature"}, {"geometry": {"coordinates": [126.2866086, 33.4321796], "type": "Point"}, "properties": {"access": "unknown", "category": "shelter", "category_label": "쉼터·숙박", "coordinate_kind": "node", "model_eligible": true, "name": "올레길 정자", "opening_hours": "", "osm_id": "node/12630009859"}, "type": "Feature"}, {"geometry": {"coordinates": [126.3107866, 33.4620522], "type": "Point"}, "properties": {"access": "unknown", "category": "food", "category_label": "식당·카페", "coordinate_kind": "node", "model_eligible": true, "name": "투썸플레이스", "opening_hours": "", "osm_id": "node/12873436255"}, "type": "Feature"}, {"geometry": {"coordinates": [126.3102256, 33.4624223], "type": "Point"}, "properties": {"access": "unknown", "category": "food", "category_label": "식당·카페", "coordinate_kind": "node", "model_eligible": true, "name": "놀맨닷컴", "opening_hours": "", "osm_id": "node/12873436258"}, "type": "Feature"}, {"geometry": {"coordinates": [126.310096, 33.4627347], "type": "Point"}, "properties": {"access": "unknown", "category": "food", "category_label": "식당·카페", "coordinate_kind": "node", "model_eligible": true, "name": "올댓커피 제주", "opening_hours": "", "osm_id": "node/12873436259"}, "type": "Feature"}, {"geometry": {"coordinates": [126.3085286, 33.4519748], "type": "Point"}, "properties": {"access": "unknown", "category": "supplies", "category_label": "편의점·마트", "coordinate_kind": "node", "model_eligible": true, "name": "CU", "opening_hours": "", "osm_id": "node/13120577733"}, "type": "Feature"}, {"geometry": {"coordinates": [126.2297543, 33.3361481], "type": "Point"}, "properties": {"access": "unknown", "category": "supplies", "category_label": "편의점·마트", "coordinate_kind": "node", "model_eligible": true, "name": "GS25", "opening_hours": "", "osm_id": "node/13120604739"}, "type": "Feature"}, {"geometry": {"coordinates": [126.2366586, 33.3367686], "type": "Point"}, "properties": {"access": "unknown", "category": "supplies", "category_label": "편의점·마트", "coordinate_kind": "node", "model_eligible": true, "name": "세븐일레븐", "opening_hours": "", "osm_id": "node/13120604740"}, "type": "Feature"}, {"geometry": {"coordinates": [126.2677398, 33.3369402], "type": "Point"}, "properties": {"access": "unknown", "category": "supplies", "category_label": "편의점·마트", "coordinate_kind": "node", "model_eligible": true, "name": "GS25", "opening_hours": "", "osm_id": "node/13120604741"}, "type": "Feature"}, {"geometry": {"coordinates": [126.2965415, 33.3590552], "type": "Point"}, "properties": {"access": "unknown", "category": "food", "category_label": "식당·카페", "coordinate_kind": "node", "model_eligible": true, "name": "금악풍낭국수", "opening_hours": "", "osm_id": "node/13120619435"}, "type": "Feature"}, {"geometry": {"coordinates": [126.2297553, 33.3881775], "type": "Point"}, "properties": {"access": "unknown", "category": "food", "category_label": "식당·카페", "coordinate_kind": "node", "model_eligible": true, "name": "littlewaves", "opening_hours": "", "osm_id": "node/13183150401"}, "type": "Feature"}, {"geometry": {"coordinates": [126.2492725, 33.3999201], "type": "Point"}, "properties": {"access": "unknown", "category": "shelter", "category_label": "쉼터·숙박", "coordinate_kind": "node", "model_eligible": true, "name": "Hotel Aguila", "opening_hours": "", "osm_id": "node/13935543101"}, "type": "Feature"}, {"geometry": {"coordinates": [126.2472463, 33.3979818], "type": "Point"}, "properties": {"access": "unknown", "category": "food", "category_label": "식당·카페", "coordinate_kind": "node", "model_eligible": true, "name": "두부", "opening_hours": "We-Su 12:00-14:30, 17:00-21:00", "osm_id": "node/13937642001"}, "type": "Feature"}, {"geometry": {"coordinates": [126.2257902, 33.3860473], "type": "Point"}, "properties": {"access": "unknown", "category": "supplies", "category_label": "편의점·마트", "coordinate_kind": "node", "model_eligible": true, "name": "7/11", "opening_hours": "", "osm_id": "node/14081815109"}, "type": "Feature"}, {"geometry": {"coordinates": [126.3090107, 33.4641499], "type": "Point"}, "properties": {"access": "unknown", "category": "food", "category_label": "식당·카페", "coordinate_kind": "node", "model_eligible": true, "name": "The Black", "opening_hours": "", "osm_id": "node/14093906303"}, "type": "Feature"}, {"geometry": {"coordinates": [126.2834671, 33.4219579], "type": "Point"}, "properties": {"access": "unknown", "category": "transit", "category_label": "정류장·터미널", "coordinate_kind": "node", "model_eligible": true, "name": "이름 미등록 시설", "opening_hours": "", "osm_id": "node/2919851228"}, "type": "Feature"}, {"geometry": {"coordinates": [126.260638, 33.415802], "type": "Point"}, "properties": {"access": "unknown", "category": "help", "category_label": "경찰·소방", "coordinate_kind": "node", "model_eligible": true, "name": "제주해양경찰서", "opening_hours": "", "osm_id": "node/368608772"}, "type": "Feature"}, {"geometry": {"coordinates": [126.190239, 33.346218], "type": "Point"}, "properties": {"access": "unknown", "category": "supplies", "category_label": "편의점·마트", "coordinate_kind": "node", "model_eligible": true, "name": "한경농협하나로마트", "opening_hours": "Mo-Su,PH 08:00-21:00", "osm_id": "node/368645892"}, "type": "Feature"}, {"geometry": {"coordinates": [126.2743915, 33.4358151], "type": "Point"}, "properties": {"access": "unknown", "category": "shelter", "category_label": "쉼터·숙박", "coordinate_kind": "node", "model_eligible": true, "name": "켄싱턴리조트", "opening_hours": "", "osm_id": "node/368662667"}, "type": "Feature"}, {"geometry": {"coordinates": [126.249421, 33.389145], "type": "Point"}, "properties": {"access": "unknown", "category": "shelter", "category_label": "쉼터·숙박", "coordinate_kind": "node", "model_eligible": true, "name": "제주발리리조트", "opening_hours": "", "osm_id": "node/368662788"}, "type": "Feature"}, {"geometry": {"coordinates": [126.305316, 33.447643], "type": "Point"}, "properties": {"access": "unknown", "category": "shelter", "category_label": "쉼터·숙박", "coordinate_kind": "node", "model_eligible": true, "name": "곽지비치빌리조트", "opening_hours": "", "osm_id": "node/368662955"}, "type": "Feature"}, {"geometry": {"coordinates": [126.316586, 33.462773], "type": "Point"}, "properties": {"access": "unknown", "category": "shelter", "category_label": "쉼터·숙박", "coordinate_kind": "node", "model_eligible": true, "name": "제주 토비스콘도", "opening_hours": "", "osm_id": "node/368662968"}, "type": "Feature"}, {"geometry": {"coordinates": [126.2612359, 33.3736077], "type": "Point"}, "properties": {"access": "unknown", "category": "shelter", "category_label": "쉼터·숙박", "coordinate_kind": "node", "model_eligible": true, "name": "네스트힐콘도", "opening_hours": "", "osm_id": "node/368662978"}, "type": "Feature"}, {"geometry": {"coordinates": [126.2324, 33.387389], "type": "Point"}, "properties": {"access": "unknown", "category": "shelter", "category_label": "쉼터·숙박", "coordinate_kind": "node", "model_eligible": true, "name": "일성 제주콘도", "opening_hours": "", "osm_id": "node/368663071"}, "type": "Feature"}, {"geometry": {"coordinates": [126.2614182, 33.3736254], "type": "Point"}, "properties": {"access": "unknown", "category": "shelter", "category_label": "쉼터·숙박", "coordinate_kind": "node", "model_eligible": true, "name": "제주힐리조트", "opening_hours": "", "osm_id": "node/368663249"}, "type": "Feature"}, {"geometry": {"coordinates": [126.2511703, 33.3783311], "type": "Point"}, "properties": {"access": "unknown", "category": "shelter", "category_label": "쉼터·숙박", "coordinate_kind": "node", "model_eligible": true, "name": "네츄럴파크리조트", "opening_hours": "", "osm_id": "node/368663323"}, "type": "Feature"}, {"geometry": {"coordinates": [126.198992, 33.364603], "type": "Point"}, "properties": {"access": "unknown", "category": "shelter", "category_label": "쉼터·숙박", "coordinate_kind": "node", "model_eligible": true, "name": "스위스콘도미니엄", "opening_hours": "", "osm_id": "node/368663421"}, "type": "Feature"}, {"geometry": {"coordinates": [126.316586, 33.462773], "type": "Point"}, "properties": {"access": "unknown", "category": "shelter", "category_label": "쉼터·숙박", "coordinate_kind": "node", "model_eligible": true, "name": "제주토비스콘도", "opening_hours": "", "osm_id": "node/368663456"}, "type": "Feature"}, {"geometry": {"coordinates": [126.3116459, 33.4631251], "type": "Point"}, "properties": {"access": "unknown", "category": "shelter", "category_label": "쉼터·숙박", "coordinate_kind": "node", "model_eligible": true, "name": "제주토비스콘도미니엄", "opening_hours": "", "osm_id": "node/368663737"}, "type": "Feature"}, {"geometry": {"coordinates": [126.2632906, 33.408523], "type": "Point"}, "properties": {"access": "unknown", "category": "supplies", "category_label": "편의점·마트", "coordinate_kind": "node", "model_eligible": true, "name": "한림마트", "opening_hours": "", "osm_id": "node/368697895"}, "type": "Feature"}, {"geometry": {"coordinates": [126.26511, 33.414214], "type": "Point"}, "properties": {"access": "unknown", "category": "supplies", "category_label": "편의점·마트", "coordinate_kind": "node", "model_eligible": true, "name": "한아름마트", "opening_hours": "", "osm_id": "node/368697993"}, "type": "Feature"}, {"geometry": {"coordinates": [126.276436, 33.437895], "type": "Point"}, "properties": {"access": "unknown", "category": "supplies", "category_label": "편의점·마트", "coordinate_kind": "node", "model_eligible": true, "name": "이조은마트", "opening_hours": "", "osm_id": "node/368698045"}, "type": "Feature"}, {"geometry": {"coordinates": [126.26497, 33.414239], "type": "Point"}, "properties": {"access": "unknown", "category": "medical", "category_label": "병원·약국", "coordinate_kind": "node", "model_eligible": true, "name": "김수로외과의원", "opening_hours": "", "osm_id": "node/368850111"}, "type": "Feature"}, {"geometry": {"coordinates": [126.320458, 33.464484], "type": "Point"}, "properties": {"access": "unknown", "category": "medical", "category_label": "병원·약국", "coordinate_kind": "node", "model_eligible": true, "name": "애월의원", "opening_hours": "", "osm_id": "node/368850215"}, "type": "Feature"}, {"geometry": {"coordinates": [126.265158, 33.411808], "type": "Point"}, "properties": {"access": "unknown", "category": "medical", "category_label": "병원·약국", "coordinate_kind": "node", "model_eligible": true, "name": "한림의원", "opening_hours": "", "osm_id": "node/368850220"}, "type": "Feature"}, {"geometry": {"coordinates": [126.265325, 33.414208], "type": "Point"}, "properties": {"access": "unknown", "category": "medical", "category_label": "병원·약국", "coordinate_kind": "node", "model_eligible": true, "name": "한림이비인후과", "opening_hours": "", "osm_id": "node/368850241"}, "type": "Feature"}, {"geometry": {"coordinates": [126.268497, 33.418003], "type": "Point"}, "properties": {"access": "unknown", "category": "medical", "category_label": "병원·약국", "coordinate_kind": "node", "model_eligible": true, "name": "제주삼성병원서부장의사", "opening_hours": "", "osm_id": "node/368850457"}, "type": "Feature"}, {"geometry": {"coordinates": [126.264561, 33.415343], "type": "Point"}, "properties": {"access": "unknown", "category": "medical", "category_label": "병원·약국", "coordinate_kind": "node", "model_eligible": true, "name": "한수풀의원", "opening_hours": "", "osm_id": "node/368850528"}, "type": "Feature"}, {"geometry": {"coordinates": [126.1851816, 33.3527641], "type": "Point"}, "properties": {"access": "unknown", "category": "medical", "category_label": "병원·약국", "coordinate_kind": "node", "model_eligible": true, "name": "한경보건지소", "opening_hours": "", "osm_id": "node/368850541"}, "type": "Feature"}, {"geometry": {"coordinates": [126.262739, 33.413424], "type": "Point"}, "properties": {"access": "unknown", "category": "medical", "category_label": "병원·약국", "coordinate_kind": "node", "model_eligible": true, "name": "문의원", "opening_hours": "", "osm_id": "node/368850613"}, "type": "Feature"}, {"geometry": {"coordinates": [126.321485, 33.342822], "type": "Point"}, "properties": {"access": "unknown", "category": "medical", "category_label": "병원·약국", "coordinate_kind": "node", "model_eligible": true, "name": "성이시돌복지의원", "opening_hours": "", "osm_id": "node/368850626"}, "type": "Feature"}, {"geometry": {"coordinates": [126.264663, 33.415092], "type": "Point"}, "properties": {"access": "unknown", "category": "medical", "category_label": "병원·약국", "coordinate_kind": "node", "model_eligible": true, "name": "나우리제통의원", "opening_hours": "", "osm_id": "node/368850669"}, "type": "Feature"}, {"geometry": {"coordinates": [126.263818, 33.414313], "type": "Point"}, "properties": {"access": "unknown", "category": "medical", "category_label": "병원·약국", "coordinate_kind": "node", "model_eligible": true, "name": "김의원", "opening_hours": "", "osm_id": "node/368850734"}, "type": "Feature"}, {"geometry": {"coordinates": [126.264673, 33.414037], "type": "Point"}, "properties": {"access": "unknown", "category": "medical", "category_label": "병원·약국", "coordinate_kind": "node", "model_eligible": true, "name": "제주피그클리닉", "opening_hours": "", "osm_id": "node/368850874"}, "type": "Feature"}, {"geometry": {"coordinates": [126.269713, 33.412307], "type": "Point"}, "properties": {"access": "unknown", "category": "medical", "category_label": "병원·약국", "coordinate_kind": "node", "model_eligible": true, "name": "제주시서부보건소", "opening_hours": "", "osm_id": "node/368851055"}, "type": "Feature"}, {"geometry": {"coordinates": [126.3249989, 33.4641755], "type": "Point"}, "properties": {"access": "unknown", "category": "medical", "category_label": "병원·약국", "coordinate_kind": "node", "model_eligible": true, "name": "애월보건지소", "opening_hours": "", "osm_id": "node/368851142"}, "type": "Feature"}, {"geometry": {"coordinates": [126.265043, 33.415412], "type": "Point"}, "properties": {"access": "unknown", "category": "medical", "category_label": "병원·약국", "coordinate_kind": "node", "model_eligible": true, "name": "탐라의원", "opening_hours": "", "osm_id": "node/368851242"}, "type": "Feature"}, {"geometry": {"coordinates": [126.337216, 33.417744], "type": "Point"}, "properties": {"access": "unknown", "category": "supplies", "category_label": "편의점·마트", "coordinate_kind": "node", "model_eligible": true, "name": "제주축협", "opening_hours": "", "osm_id": "node/368941200"}, "type": "Feature"}, {"geometry": {"coordinates": [126.312523, 33.418114], "type": "Point"}, "properties": {"access": "unknown", "category": "supplies", "category_label": "편의점·마트", "coordinate_kind": "node", "model_eligible": true, "name": "덕성편의점", "opening_hours": "", "osm_id": "node/368950146"}, "type": "Feature"}, {"geometry": {"coordinates": [126.26421, 33.414048], "type": "Point"}, "properties": {"access": "unknown", "category": "supplies", "category_label": "편의점·마트", "coordinate_kind": "node", "model_eligible": true, "name": "대양세탁편의점", "opening_hours": "", "osm_id": "node/368950197"}, "type": "Feature"}, {"geometry": {"coordinates": [126.278118, 33.422429], "type": "Point"}, "properties": {"access": "unknown", "category": "shelter", "category_label": "쉼터·숙박", "coordinate_kind": "node", "model_eligible": true, "name": "썬하우스호텔", "opening_hours": "", "osm_id": "node/368953998"}, "type": "Feature"}, {"geometry": {"coordinates": [126.232663, 33.388186], "type": "Point"}, "properties": {"access": "unknown", "category": "shelter", "category_label": "쉼터·숙박", "coordinate_kind": "node", "model_eligible": true, "name": "한림금능호텔", "opening_hours": "", "osm_id": "node/368954057"}, "type": "Feature"}, {"geometry": {"coordinates": [126.233225, 33.389096], "type": "Point"}, "properties": {"access": "unknown", "category": "food", "category_label": "식당·카페", "coordinate_kind": "node", "model_eligible": false, "name": "포구횟집", "opening_hours": "", "osm_id": "node/368970913"}, "type": "Feature"}, {"geometry": {"coordinates": [126.251499, 33.4034965], "type": "Point"}, "properties": {"access": "unknown", "category": "food", "category_label": "식당·카페", "coordinate_kind": "node", "model_eligible": true, "name": "옹포횟집", "opening_hours": "", "osm_id": "node/368970944"}, "type": "Feature"}, {"geometry": {"coordinates": [126.304246, 33.449008], "type": "Point"}, "properties": {"access": "unknown", "category": "food", "category_label": "식당·카페", "coordinate_kind": "node", "model_eligible": true, "name": "곽지횟집", "opening_hours": "", "osm_id": "node/368970946"}, "type": "Feature"}, {"geometry": {"coordinates": [126.271246, 33.436101], "type": "Point"}, "properties": {"access": "unknown", "category": "food", "category_label": "식당·카페", "coordinate_kind": "node", "model_eligible": true, "name": "가자횟집", "opening_hours": "", "osm_id": "node/368970958"}, "type": "Feature"}, {"geometry": {"coordinates": [126.265885, 33.42335], "type": "Point"}, "properties": {"access": "unknown", "category": "food", "category_label": "식당·카페", "coordinate_kind": "node", "model_eligible": true, "name": "명선횟집", "opening_hours": "", "osm_id": "node/368971086"}, "type": "Feature"}, {"geometry": {"coordinates": [126.225512, 33.385686], "type": "Point"}, "properties": {"access": "unknown", "category": "food", "category_label": "식당·카페", "coordinate_kind": "node", "model_eligible": true, "name": "비양도횟집", "opening_hours": "", "osm_id": "node/368971169"}, "type": "Feature"}, {"geometry": {"coordinates": [126.259451, 33.412783], "type": "Point"}, "properties": {"access": "unknown", "category": "food", "category_label": "식당·카페", "coordinate_kind": "node", "model_eligible": true, "name": "한수풀횟집", "opening_hours": "", "osm_id": "node/368971231"}, "type": "Feature"}, {"geometry": {"coordinates": [126.291103, 33.442949], "type": "Point"}, "properties": {"access": "unknown", "category": "food", "category_label": "식당·카페", "coordinate_kind": "node", "model_eligible": true, "name": "귀덕어촌계횟집", "opening_hours": "", "osm_id": "node/368971404"}, "type": "Feature"}, {"geometry": {"coordinates": [126.2600151, 33.4131625], "type": "Point"}, "properties": {"access": "unknown", "category": "food", "category_label": "식당·카페", "coordinate_kind": "node", "model_eligible": true, "name": "마라도횟집 Marado Raw Fish Restaurant", "opening_hours": "", "osm_id": "node/414940284"}, "type": "Feature"}, {"geometry": {"coordinates": [126.24716, 33.39509], "type": "Point"}, "properties": {"access": "unknown", "category": "shelter", "category_label": "쉼터·숙박", "coordinate_kind": "node", "model_eligible": true, "name": "(예함민박) (( Yeham Homestay ))", "opening_hours": "", "osm_id": "node/414941174"}, "type": "Feature"}, {"geometry": {"coordinates": [126.337942, 33.4027021], "type": "Point"}, "properties": {"access": "unknown", "category": "transit", "category_label": "정류장·터미널", "coordinate_kind": "node", "model_eligible": true, "name": "이름 미등록 시설", "opening_hours": "", "osm_id": "node/415164488"}, "type": "Feature"}, {"geometry": {"coordinates": [126.3389282, 33.446951], "type": "Point"}, "properties": {"access": "unknown", "category": "food", "category_label": "식당·카페", "coordinate_kind": "node", "model_eligible": true, "name": "꽁순이네", "opening_hours": "Mo-Sa 11:00-22:00", "osm_id": "node/4200019038"}, "type": "Feature"}, {"geometry": {"coordinates": [126.307307, 33.4482705], "type": "Point"}, "properties": {"access": "unknown", "category": "food", "category_label": "식당·카페", "coordinate_kind": "node", "model_eligible": true, "name": "몬스터살롱", "opening_hours": "Tu-Su 10:00-19:00", "osm_id": "node/4200237526"}, "type": "Feature"}, {"geometry": {"coordinates": [126.3417842, 33.4528696], "type": "Point"}, "properties": {"access": "unknown", "category": "food", "category_label": "식당·카페", "coordinate_kind": "node", "model_eligible": true, "name": "밥깡패", "opening_hours": "Tu-Sa 11:00-19:00", "osm_id": "node/4200238204"}, "type": "Feature"}, {"geometry": {"coordinates": [126.2638294, 33.4167645], "type": "Point"}, "properties": {"access": "unknown", "category": "food", "category_label": "식당·카페", "coordinate_kind": "node", "model_eligible": true, "name": "다다식당", "opening_hours": "Fr-We 07:00-20:00", "osm_id": "node/4200239824"}, "type": "Feature"}, {"geometry": {"coordinates": [126.3384663, 33.4198115], "type": "Point"}, "properties": {"access": "unknown", "category": "food", "category_label": "식당·카페", "coordinate_kind": "node", "model_eligible": true, "name": "어사촌도야지", "opening_hours": "Mo-Su 09:00-21:00", "osm_id": "node/4200239828"}, "type": "Feature"}, {"geometry": {"coordinates": [126.2636704, 33.4145346], "type": "Point"}, "properties": {"access": "unknown", "category": "food", "category_label": "식당·카페", "coordinate_kind": "node", "model_eligible": true, "name": "비타민국수", "opening_hours": "Mo-Sa 18:30-03:30", "osm_id": "node/4200240009"}, "type": "Feature"}, {"geometry": {"coordinates": [126.3092762, 33.4629312], "type": "Point"}, "properties": {"access": "unknown", "category": "food", "category_label": "식당·카페", "coordinate_kind": "node", "model_eligible": true, "name": "몽상드애월", "opening_hours": "Tu-Su 11:00-20:00", "osm_id": "node/4200240209"}, "type": "Feature"}, {"geometry": {"coordinates": [126.2244137, 33.3861814], "type": "Point"}, "properties": {"access": "unknown", "category": "food", "category_label": "식당·카페", "coordinate_kind": "node", "model_eligible": true, "name": "제갈양", "opening_hours": "Mo-Su 11:00-22:00", "osm_id": "node/4200285493"}, "type": "Feature"}, {"geometry": {"coordinates": [126.3045462, 33.4493806], "type": "Point"}, "properties": {"access": "unknown", "category": "food", "category_label": "식당·카페", "coordinate_kind": "node", "model_eligible": true, "name": "태희", "opening_hours": "We-Mo 08:00-21:00", "osm_id": "node/4200285605"}, "type": "Feature"}, {"geometry": {"coordinates": [126.2423058, 33.3965876], "type": "Point"}, "properties": {"access": "unknown", "category": "food", "category_label": "식당·카페", "coordinate_kind": "node", "model_eligible": false, "name": "수우동", "opening_hours": "We-Mo 11:00-15:30, 17:00-19:00", "osm_id": "node/4200285797"}, "type": "Feature"}, {"geometry": {"coordinates": [126.2772911, 33.4340083], "type": "Point"}, "properties": {"access": "unknown", "category": "transit", "category_label": "정류장·터미널", "coordinate_kind": "node", "model_eligible": true, "name": "이름 미등록 시설", "opening_hours": "", "osm_id": "node/4464533492"}, "type": "Feature"}, {"geometry": {"coordinates": [126.2938849, 33.4436533], "type": "Point"}, "properties": {"access": "unknown", "category": "transit", "category_label": "정류장·터미널", "coordinate_kind": "node", "model_eligible": true, "name": "이름 미등록 시설", "opening_hours": "", "osm_id": "node/4464533493"}, "type": "Feature"}, {"geometry": {"coordinates": [126.2379855, 33.3898833], "type": "Point"}, "properties": {"access": "unknown", "category": "food", "category_label": "식당·카페", "coordinate_kind": "node", "model_eligible": true, "name": "이름 미등록 시설", "opening_hours": "", "osm_id": "node/4464533799"}, "type": "Feature"}, {"geometry": {"coordinates": [126.3345019, 33.4623095], "type": "Point"}, "properties": {"access": "unknown", "category": "transit", "category_label": "정류장·터미널", "coordinate_kind": "node", "model_eligible": true, "name": "이름 미등록 시설", "opening_hours": "", "osm_id": "node/4464533997"}, "type": "Feature"}, {"geometry": {"coordinates": [126.3127263, 33.4623893], "type": "Point"}, "properties": {"access": "unknown", "category": "transit", "category_label": "정류장·터미널", "coordinate_kind": "node", "model_eligible": true, "name": "이름 미등록 시설", "opening_hours": "", "osm_id": "node/4464534294"}, "type": "Feature"}, {"geometry": {"coordinates": [126.3088919, 33.4516001], "type": "Point"}, "properties": {"access": "unknown", "category": "transit", "category_label": "정류장·터미널", "coordinate_kind": "node", "model_eligible": true, "name": "이름 미등록 시설", "opening_hours": "", "osm_id": "node/4464545692"}, "type": "Feature"}, {"geometry": {"coordinates": [126.3199109, 33.4644742], "type": "Point"}, "properties": {"access": "unknown", "category": "transit", "category_label": "정류장·터미널", "coordinate_kind": "node", "model_eligible": true, "name": "이름 미등록 시설", "opening_hours": "", "osm_id": "node/4464545693"}, "type": "Feature"}, {"geometry": {"coordinates": [126.2398049, 33.3927586], "type": "Point"}, "properties": {"access": "unknown", "category": "transit", "category_label": "정류장·터미널", "coordinate_kind": "node", "model_eligible": true, "name": "이름 미등록 시설", "opening_hours": "", "osm_id": "node/4464558891"}, "type": "Feature"}, {"geometry": {"coordinates": [126.3243683, 33.4635391], "type": "Point"}, "properties": {"access": "unknown", "category": "transit", "category_label": "정류장·터미널", "coordinate_kind": "node", "model_eligible": true, "name": "이름 미등록 시설", "opening_hours": "", "osm_id": "node/4464596490"}, "type": "Feature"}, {"geometry": {"coordinates": [126.3075388, 33.4480635], "type": "Point"}, "properties": {"access": "unknown", "category": "transit", "category_label": "정류장·터미널", "coordinate_kind": "node", "model_eligible": true, "name": "이름 미등록 시설", "opening_hours": "", "osm_id": "node/4464596989"}, "type": "Feature"}, {"geometry": {"coordinates": [126.3379807, 33.4625], "type": "Point"}, "properties": {"access": "unknown", "category": "transit", "category_label": "정류장·터미널", "coordinate_kind": "node", "model_eligible": true, "name": "이름 미등록 시설", "opening_hours": "", "osm_id": "node/4464601990"}, "type": "Feature"}, {"geometry": {"coordinates": [126.2624491, 33.3391215], "type": "Point"}, "properties": {"access": "unknown", "category": "food", "category_label": "식당·카페", "coordinate_kind": "node", "model_eligible": true, "name": "이름 미등록 시설", "opening_hours": "", "osm_id": "node/4639285790"}, "type": "Feature"}, {"geometry": {"coordinates": [126.2438893, 33.3987616], "type": "Point"}, "properties": {"access": "unknown", "category": "food", "category_label": "식당·카페", "coordinate_kind": "node", "model_eligible": true, "name": "이름 미등록 시설", "opening_hours": "", "osm_id": "node/4689910389"}, "type": "Feature"}, {"geometry": {"coordinates": [126.2547319, 33.4033761], "type": "Point"}, "properties": {"access": "unknown", "category": "food", "category_label": "식당·카페", "coordinate_kind": "node", "model_eligible": true, "name": "달리북카페", "opening_hours": "", "osm_id": "node/4774928434"}, "type": "Feature"}, {"geometry": {"coordinates": [126.2581431, 33.336981], "type": "Point"}, "properties": {"access": "unknown", "category": "food", "category_label": "식당·카페", "coordinate_kind": "node", "model_eligible": true, "name": "이름 미등록 시설", "opening_hours": "", "osm_id": "node/4824435424"}, "type": "Feature"}, {"geometry": {"coordinates": [126.3110132, 33.4593076], "type": "Point"}, "properties": {"access": "unknown", "category": "food", "category_label": "식당·카페", "coordinate_kind": "node", "model_eligible": true, "name": "옛날식당", "opening_hours": "", "osm_id": "node/4837729132"}, "type": "Feature"}, {"geometry": {"coordinates": [126.3079773, 33.4529654], "type": "Point"}, "properties": {"access": "unknown", "category": "shelter", "category_label": "쉼터·숙박", "coordinate_kind": "node", "model_eligible": true, "name": "정글게스트하우스", "opening_hours": "", "osm_id": "node/4856329727"}, "type": "Feature"}, {"geometry": {"coordinates": [126.3079674, 33.4529073], "type": "Point"}, "properties": {"access": "unknown", "category": "food", "category_label": "식당·카페", "coordinate_kind": "node", "model_eligible": true, "name": "분홍씨", "opening_hours": "We-Mo 16:00-22:00", "osm_id": "node/4856453024"}, "type": "Feature"}, {"geometry": {"coordinates": [126.2272679, 33.4013509], "type": "Point"}, "properties": {"access": "unknown", "category": "water", "category_label": "음수대", "coordinate_kind": "node", "model_eligible": false, "name": "이름 미등록 시설", "opening_hours": "", "osm_id": "node/4967820129"}, "type": "Feature"}, {"geometry": {"coordinates": [126.265396, 33.4105914], "type": "Point"}, "properties": {"access": "unknown", "category": "food", "category_label": "식당·카페", "coordinate_kind": "node", "model_eligible": true, "name": "이름 미등록 시설", "opening_hours": "", "osm_id": "node/4967820131"}, "type": "Feature"}, {"geometry": {"coordinates": [126.2661081, 33.4091877], "type": "Point"}, "properties": {"access": "unknown", "category": "transit", "category_label": "정류장·터미널", "coordinate_kind": "node", "model_eligible": true, "name": "이름 미등록 시설", "opening_hours": "", "osm_id": "node/4974491327"}, "type": "Feature"}, {"geometry": {"coordinates": [126.2421363, 33.3953515], "type": "Point"}, "properties": {"access": "unknown", "category": "food", "category_label": "식당·카페", "coordinate_kind": "node", "model_eligible": true, "name": "커핀그루나루 데이빗에디션 협재점", "opening_hours": "", "osm_id": "node/5181595022"}, "type": "Feature"}, {"geometry": {"coordinates": [126.2406168, 33.3939768], "type": "Point"}, "properties": {"access": "unknown", "category": "shelter", "category_label": "쉼터·숙박", "coordinate_kind": "node", "model_eligible": true, "name": "Pension", "opening_hours": "", "osm_id": "node/5221438992"}, "type": "Feature"}, {"geometry": {"coordinates": [126.3095957, 33.4625292], "type": "Point"}, "properties": {"access": "unknown", "category": "food", "category_label": "식당·카페", "coordinate_kind": "node", "model_eligible": true, "name": "이름 미등록 시설", "opening_hours": "", "osm_id": "node/5307864121"}, "type": "Feature"}, {"geometry": {"coordinates": [126.3397874, 33.4642352], "type": "Point"}, "properties": {"access": "unknown", "category": "food", "category_label": "식당·카페", "coordinate_kind": "node", "model_eligible": true, "name": "이름 미등록 시설", "opening_hours": "", "osm_id": "node/5513787021"}, "type": "Feature"}, {"geometry": {"coordinates": [126.3054926, 33.4462516], "type": "Point"}, "properties": {"access": "unknown", "category": "food", "category_label": "식당·카페", "coordinate_kind": "node", "model_eligible": true, "name": "곽지 박사장네", "opening_hours": "", "osm_id": "node/5585635722"}, "type": "Feature"}, {"geometry": {"coordinates": [126.2401697, 33.3932338], "type": "Point"}, "properties": {"access": "unknown", "category": "food", "category_label": "식당·카페", "coordinate_kind": "node", "model_eligible": true, "name": "이름 미등록 시설", "opening_hours": "", "osm_id": "node/5692943022"}, "type": "Feature"}, {"geometry": {"coordinates": [126.2414218, 33.3946048], "type": "Point"}, "properties": {"access": "unknown", "category": "shelter", "category_label": "쉼터·숙박", "coordinate_kind": "node", "model_eligible": true, "name": "이름 미등록 시설", "opening_hours": "", "osm_id": "node/5793799356"}, "type": "Feature"}, {"geometry": {"coordinates": [126.2393087, 33.3921408], "type": "Point"}, "properties": {"access": "unknown", "category": "supplies", "category_label": "편의점·마트", "coordinate_kind": "node", "model_eligible": true, "name": "이름 미등록 시설", "opening_hours": "", "osm_id": "node/5794818555"}, "type": "Feature"}, {"geometry": {"coordinates": [126.24082, 33.3941943], "type": "Point"}, "properties": {"access": "unknown", "category": "transit", "category_label": "정류장·터미널", "coordinate_kind": "node", "model_eligible": true, "name": "이름 미등록 시설", "opening_hours": "", "osm_id": "node/5794820055"}, "type": "Feature"}, {"geometry": {"coordinates": [126.2178322, 33.3761889], "type": "Point"}, "properties": {"access": "unknown", "category": "transit", "category_label": "정류장·터미널", "coordinate_kind": "node", "model_eligible": true, "name": "이름 미등록 시설", "opening_hours": "", "osm_id": "node/5800026653"}, "type": "Feature"}, {"geometry": {"coordinates": [126.2216572, 33.385046], "type": "Point"}, "properties": {"access": "unknown", "category": "transit", "category_label": "정류장·터미널", "coordinate_kind": "node", "model_eligible": true, "name": "이름 미등록 시설", "opening_hours": "", "osm_id": "node/5800026753"}, "type": "Feature"}, {"geometry": {"coordinates": [126.2263702, 33.3860485], "type": "Point"}, "properties": {"access": "unknown", "category": "transit", "category_label": "정류장·터미널", "coordinate_kind": "node", "model_eligible": true, "name": "이름 미등록 시설", "opening_hours": "", "osm_id": "node/5800027153"}, "type": "Feature"}, {"geometry": {"coordinates": [126.2290316, 33.3865155], "type": "Point"}, "properties": {"access": "unknown", "category": "shelter", "category_label": "쉼터·숙박", "coordinate_kind": "node", "model_eligible": true, "name": "이름 미등록 시설", "opening_hours": "", "osm_id": "node/5800027553"}, "type": "Feature"}, {"geometry": {"coordinates": [126.2644537, 33.4221405], "type": "Point"}, "properties": {"access": "unknown", "category": "transit", "category_label": "정류장·터미널", "coordinate_kind": "node", "model_eligible": true, "name": "이름 미등록 시설", "opening_hours": "", "osm_id": "node/5802781654"}, "type": "Feature"}, {"geometry": {"coordinates": [126.2600619, 33.4237245], "type": "Point"}, "properties": {"access": "unknown", "category": "shelter", "category_label": "쉼터·숙박", "coordinate_kind": "node", "model_eligible": false, "name": "이름 미등록 시설", "opening_hours": "", "osm_id": "node/5802781656"}, "type": "Feature"}, {"geometry": {"coordinates": [126.2597183, 33.4108718], "type": "Point"}, "properties": {"access": "unknown", "category": "transit", "category_label": "정류장·터미널", "coordinate_kind": "node", "model_eligible": true, "name": "이름 미등록 시설", "opening_hours": "", "osm_id": "node/5802801855"}, "type": "Feature"}, {"geometry": {"coordinates": [126.2634054, 33.4143015], "type": "Point"}, "properties": {"access": "unknown", "category": "transit", "category_label": "정류장·터미널", "coordinate_kind": "node", "model_eligible": true, "name": "이름 미등록 시설", "opening_hours": "", "osm_id": "node/5802801856"}, "type": "Feature"}, {"geometry": {"coordinates": [126.2641785, 33.4219302], "type": "Point"}, "properties": {"access": "unknown", "category": "transit", "category_label": "정류장·터미널", "coordinate_kind": "node", "model_eligible": true, "name": "이름 미등록 시설", "opening_hours": "", "osm_id": "node/5802801857"}, "type": "Feature"}, {"geometry": {"coordinates": [126.2759646, 33.4320058], "type": "Point"}, "properties": {"access": "unknown", "category": "transit", "category_label": "정류장·터미널", "coordinate_kind": "node", "model_eligible": true, "name": "이름 미등록 시설", "opening_hours": "", "osm_id": "node/5802801861"}, "type": "Feature"}, {"geometry": {"coordinates": [126.2723551, 33.428655], "type": "Point"}, "properties": {"access": "unknown", "category": "transit", "category_label": "정류장·터미널", "coordinate_kind": "node", "model_eligible": true, "name": "이름 미등록 시설", "opening_hours": "", "osm_id": "node/5802801862"}, "type": "Feature"}, {"geometry": {"coordinates": [126.2510545, 33.4018387], "type": "Point"}, "properties": {"access": "unknown", "category": "supplies", "category_label": "편의점·마트", "coordinate_kind": "node", "model_eligible": true, "name": "이름 미등록 시설", "opening_hours": "", "osm_id": "node/5802803453"}, "type": "Feature"}, {"geometry": {"coordinates": [126.2521408, 33.4032953], "type": "Point"}, "properties": {"access": "unknown", "category": "supplies", "category_label": "편의점·마트", "coordinate_kind": "node", "model_eligible": true, "name": "이름 미등록 시설", "opening_hours": "", "osm_id": "node/5802803454"}, "type": "Feature"}, {"geometry": {"coordinates": [126.2501947, 33.4044071], "type": "Point"}, "properties": {"access": "unknown", "category": "shelter", "category_label": "쉼터·숙박", "coordinate_kind": "node", "model_eligible": true, "name": "이름 미등록 시설", "opening_hours": "", "osm_id": "node/5802803455"}, "type": "Feature"}, {"geometry": {"coordinates": [126.254325, 33.40487], "type": "Point"}, "properties": {"access": "unknown", "category": "transit", "category_label": "정류장·터미널", "coordinate_kind": "node", "model_eligible": true, "name": "이름 미등록 시설", "opening_hours": "", "osm_id": "node/5802803456"}, "type": "Feature"}, {"geometry": {"coordinates": [126.256055, 33.4056014], "type": "Point"}, "properties": {"access": "unknown", "category": "transit", "category_label": "정류장·터미널", "coordinate_kind": "node", "model_eligible": true, "name": "이름 미등록 시설", "opening_hours": "", "osm_id": "node/5802803457"}, "type": "Feature"}, {"geometry": {"coordinates": [126.2611161, 33.4127199], "type": "Point"}, "properties": {"access": "unknown", "category": "transit", "category_label": "정류장·터미널", "coordinate_kind": "node", "model_eligible": true, "name": "이름 미등록 시설", "opening_hours": "", "osm_id": "node/5802803458"}, "type": "Feature"}, {"geometry": {"coordinates": [126.2638234, 33.4144434], "type": "Point"}, "properties": {"access": "unknown", "category": "supplies", "category_label": "편의점·마트", "coordinate_kind": "node", "model_eligible": true, "name": "이름 미등록 시설", "opening_hours": "", "osm_id": "node/5802803459"}, "type": "Feature"}, {"geometry": {"coordinates": [126.26484, 33.416466], "type": "Point"}, "properties": {"access": "unknown", "category": "supplies", "category_label": "편의점·마트", "coordinate_kind": "node", "model_eligible": true, "name": "이름 미등록 시설", "opening_hours": "", "osm_id": "node/5802803460"}, "type": "Feature"}, {"geometry": {"coordinates": [126.2648803, 33.4170955], "type": "Point"}, "properties": {"access": "unknown", "category": "transit", "category_label": "정류장·터미널", "coordinate_kind": "node", "model_eligible": true, "name": "이름 미등록 시설", "opening_hours": "", "osm_id": "node/5802803461"}, "type": "Feature"}, {"geometry": {"coordinates": [126.2518123, 33.403117], "type": "Point"}, "properties": {"access": "unknown", "category": "transit", "category_label": "정류장·터미널", "coordinate_kind": "node", "model_eligible": true, "name": "이름 미등록 시설", "opening_hours": "", "osm_id": "node/5802803653"}, "type": "Feature"}, {"geometry": {"coordinates": [126.2632778, 33.4140917], "type": "Point"}, "properties": {"access": "unknown", "category": "supplies", "category_label": "편의점·마트", "coordinate_kind": "node", "model_eligible": true, "name": "이름 미등록 시설", "opening_hours": "", "osm_id": "node/5802803654"}, "type": "Feature"}, {"geometry": {"coordinates": [126.260266, 33.4238555], "type": "Point"}, "properties": {"access": "unknown", "category": "shelter", "category_label": "쉼터·숙박", "coordinate_kind": "node", "model_eligible": false, "name": "이름 미등록 시설", "opening_hours": "", "osm_id": "node/5802803656"}, "type": "Feature"}, {"geometry": {"coordinates": [126.2645233, 33.4254272], "type": "Point"}, "properties": {"access": "unknown", "category": "supplies", "category_label": "편의점·마트", "coordinate_kind": "node", "model_eligible": true, "name": "이름 미등록 시설", "opening_hours": "", "osm_id": "node/5802803658"}, "type": "Feature"}, {"geometry": {"coordinates": [126.2625209, 33.4335582], "type": "Point"}, "properties": {"access": "unknown", "category": "shelter", "category_label": "쉼터·숙박", "coordinate_kind": "node", "model_eligible": true, "name": "이름 미등록 시설", "opening_hours": "", "osm_id": "node/5802803659"}, "type": "Feature"}, {"geometry": {"coordinates": [126.2743087, 33.4366133], "type": "Point"}, "properties": {"access": "unknown", "category": "shelter", "category_label": "쉼터·숙박", "coordinate_kind": "node", "model_eligible": true, "name": "이름 미등록 시설", "opening_hours": "", "osm_id": "node/5802803661"}, "type": "Feature"}, {"geometry": {"coordinates": [126.2667023, 33.4238288], "type": "Point"}, "properties": {"access": "unknown", "category": "transit", "category_label": "정류장·터미널", "coordinate_kind": "node", "model_eligible": true, "name": "이름 미등록 시설", "opening_hours": "", "osm_id": "node/5802803663"}, "type": "Feature"}, {"geometry": {"coordinates": [126.2522243, 33.4033963], "type": "Point"}, "properties": {"access": "unknown", "category": "transit", "category_label": "정류장·터미널", "coordinate_kind": "node", "model_eligible": true, "name": "이름 미등록 시설", "opening_hours": "", "osm_id": "node/5802804153"}, "type": "Feature"}, {"geometry": {"coordinates": [126.2561839, 33.405934], "type": "Point"}, "properties": {"access": "unknown", "category": "transit", "category_label": "정류장·터미널", "coordinate_kind": "node", "model_eligible": true, "name": "이름 미등록 시설", "opening_hours": "", "osm_id": "node/5802804154"}, "type": "Feature"}, {"geometry": {"coordinates": [126.2650781, 33.4163023], "type": "Point"}, "properties": {"access": "unknown", "category": "supplies", "category_label": "편의점·마트", "coordinate_kind": "node", "model_eligible": true, "name": "이름 미등록 시설", "opening_hours": "", "osm_id": "node/5802804155"}, "type": "Feature"}, {"geometry": {"coordinates": [126.2764088, 33.4408892], "type": "Point"}, "properties": {"access": "unknown", "category": "shelter", "category_label": "쉼터·숙박", "coordinate_kind": "node", "model_eligible": false, "name": "이름 미등록 시설", "opening_hours": "", "osm_id": "node/5802804156"}, "type": "Feature"}, {"geometry": {"coordinates": [126.2816519, 33.4425783], "type": "Point"}, "properties": {"access": "unknown", "category": "shelter", "category_label": "쉼터·숙박", "coordinate_kind": "node", "model_eligible": false, "name": "이름 미등록 시설", "opening_hours": "", "osm_id": "node/5802804157"}, "type": "Feature"}, {"geometry": {"coordinates": [126.2596096, 33.410347], "type": "Point"}, "properties": {"access": "unknown", "category": "transit", "category_label": "정류장·터미널", "coordinate_kind": "node", "model_eligible": true, "name": "이름 미등록 시설", "opening_hours": "", "osm_id": "node/5802804553"}, "type": "Feature"}, {"geometry": {"coordinates": [126.2757525, 33.4389893], "type": "Point"}, "properties": {"access": "unknown", "category": "shelter", "category_label": "쉼터·숙박", "coordinate_kind": "node", "model_eligible": false, "name": "이름 미등록 시설", "opening_hours": "", "osm_id": "node/5802804556"}, "type": "Feature"}, {"geometry": {"coordinates": [126.251322, 33.3788932], "type": "Point"}, "properties": {"access": "unknown", "category": "shelter", "category_label": "쉼터·숙박", "coordinate_kind": "node", "model_eligible": true, "name": "이름 미등록 시설", "opening_hours": "", "osm_id": "node/5808586559"}, "type": "Feature"}, {"geometry": {"coordinates": [126.2692718, 33.3622426], "type": "Point"}, "properties": {"access": "unknown", "category": "transit", "category_label": "정류장·터미널", "coordinate_kind": "node", "model_eligible": true, "name": "이름 미등록 시설", "opening_hours": "", "osm_id": "node/5808586562"}, "type": "Feature"}, {"geometry": {"coordinates": [126.2956986, 33.3570953], "type": "Point"}, "properties": {"access": "unknown", "category": "transit", "category_label": "정류장·터미널", "coordinate_kind": "node", "model_eligible": true, "name": "금악초등학교", "opening_hours": "", "osm_id": "node/5808586563"}, "type": "Feature"}, {"geometry": {"coordinates": [126.2694344, 33.3621481], "type": "Point"}, "properties": {"access": "unknown", "category": "shelter", "category_label": "쉼터·숙박", "coordinate_kind": "node", "model_eligible": true, "name": "이름 미등록 시설", "opening_hours": "", "osm_id": "node/5808586755"}, "type": "Feature"}, {"geometry": {"coordinates": [126.2743018, 33.357435], "type": "Point"}, "properties": {"access": "unknown", "category": "transit", "category_label": "정류장·터미널", "coordinate_kind": "node", "model_eligible": true, "name": "조성동입구", "opening_hours": "", "osm_id": "node/5808587056"}, "type": "Feature"}, {"geometry": {"coordinates": [126.324093, 33.3358012], "type": "Point"}, "properties": {"access": "unknown", "category": "shelter", "category_label": "쉼터·숙박", "coordinate_kind": "node", "model_eligible": true, "name": "이름 미등록 시설", "opening_hours": "", "osm_id": "node/5808587058"}, "type": "Feature"}, {"geometry": {"coordinates": [126.269928, 33.3619553], "type": "Point"}, "properties": {"access": "unknown", "category": "shelter", "category_label": "쉼터·숙박", "coordinate_kind": "node", "model_eligible": true, "name": "이름 미등록 시설", "opening_hours": "", "osm_id": "node/5808587758"}, "type": "Feature"}, {"geometry": {"coordinates": [126.2977003, 33.3567487], "type": "Point"}, "properties": {"access": "unknown", "category": "supplies", "category_label": "편의점·마트", "coordinate_kind": "node", "model_eligible": true, "name": "이름 미등록 시설", "opening_hours": "", "osm_id": "node/5808587760"}, "type": "Feature"}, {"geometry": {"coordinates": [126.2954203, 33.35717], "type": "Point"}, "properties": {"access": "unknown", "category": "transit", "category_label": "정류장·터미널", "coordinate_kind": "node", "model_eligible": true, "name": "이름 미등록 시설", "opening_hours": "", "osm_id": "node/5808587855"}, "type": "Feature"}, {"geometry": {"coordinates": [126.2700156, 33.3602175], "type": "Point"}, "properties": {"access": "unknown", "category": "transit", "category_label": "정류장·터미널", "coordinate_kind": "node", "model_eligible": true, "name": "이름 미등록 시설", "opening_hours": "", "osm_id": "node/5808594253"}, "type": "Feature"}, {"geometry": {"coordinates": [126.2796784, 33.3569434], "type": "Point"}, "properties": {"access": "unknown", "category": "transit", "category_label": "정류장·터미널", "coordinate_kind": "node", "model_eligible": true, "name": "이름 미등록 시설", "opening_hours": "", "osm_id": "node/5808717391"}, "type": "Feature"}, {"geometry": {"coordinates": [126.2954179, 33.3572353], "type": "Point"}, "properties": {"access": "unknown", "category": "transit", "category_label": "정류장·터미널", "coordinate_kind": "node", "model_eligible": true, "name": "이름 미등록 시설", "opening_hours": "", "osm_id": "node/5808717767"}, "type": "Feature"}, {"geometry": {"coordinates": [126.2439839, 33.3970589], "type": "Point"}, "properties": {"access": "unknown", "category": "supplies", "category_label": "편의점·마트", "coordinate_kind": "node", "model_eligible": true, "name": "이름 미등록 시설", "opening_hours": "", "osm_id": "node/5811984657"}, "type": "Feature"}, {"geometry": {"coordinates": [126.2452222, 33.3977879], "type": "Point"}, "properties": {"access": "unknown", "category": "transit", "category_label": "정류장·터미널", "coordinate_kind": "node", "model_eligible": true, "name": "이름 미등록 시설", "opening_hours": "", "osm_id": "node/5819461353"}, "type": "Feature"}, {"geometry": {"coordinates": [126.232332, 33.3874077], "type": "Point"}, "properties": {"access": "unknown", "category": "transit", "category_label": "정류장·터미널", "coordinate_kind": "node", "model_eligible": true, "name": "이름 미등록 시설", "opening_hours": "", "osm_id": "node/5827481795"}, "type": "Feature"}, {"geometry": {"coordinates": [126.2659194, 33.3898955], "type": "Point"}, "properties": {"access": "unknown", "category": "transit", "category_label": "정류장·터미널", "coordinate_kind": "node", "model_eligible": true, "name": "이름 미등록 시설", "opening_hours": "", "osm_id": "node/5831818688"}, "type": "Feature"}, {"geometry": {"coordinates": [126.255913, 33.350174], "type": "Point"}, "properties": {"access": "unknown", "category": "shelter", "category_label": "쉼터·숙박", "coordinate_kind": "node", "model_eligible": true, "name": "이름 미등록 시설", "opening_hours": "", "osm_id": "node/5854117389"}, "type": "Feature"}, {"geometry": {"coordinates": [126.2560359, 33.3499228], "type": "Point"}, "properties": {"access": "unknown", "category": "supplies", "category_label": "편의점·마트", "coordinate_kind": "node", "model_eligible": true, "name": "이름 미등록 시설", "opening_hours": "", "osm_id": "node/5854117390"}, "type": "Feature"}, {"geometry": {"coordinates": [126.2569765, 33.3412732], "type": "Point"}, "properties": {"access": "unknown", "category": "transit", "category_label": "정류장·터미널", "coordinate_kind": "node", "model_eligible": true, "name": "이름 미등록 시설", "opening_hours": "", "osm_id": "node/5854117391"}, "type": "Feature"}, {"geometry": {"coordinates": [126.2643356, 33.3384513], "type": "Point"}, "properties": {"access": "unknown", "category": "transit", "category_label": "정류장·터미널", "coordinate_kind": "node", "model_eligible": true, "name": "이름 미등록 시설", "opening_hours": "", "osm_id": "node/5854117392"}, "type": "Feature"}, {"geometry": {"coordinates": [126.2669416, 33.3376297], "type": "Point"}, "properties": {"access": "unknown", "category": "transit", "category_label": "정류장·터미널", "coordinate_kind": "node", "model_eligible": true, "name": "이름 미등록 시설", "opening_hours": "", "osm_id": "node/5854117395"}, "type": "Feature"}, {"geometry": {"coordinates": [126.2560014, 33.3500883], "type": "Point"}, "properties": {"access": "unknown", "category": "transit", "category_label": "정류장·터미널", "coordinate_kind": "node", "model_eligible": true, "name": "이름 미등록 시설", "opening_hours": "", "osm_id": "node/5854126385"}, "type": "Feature"}, {"geometry": {"coordinates": [126.2674889, 33.3369483], "type": "Point"}, "properties": {"access": "unknown", "category": "transit", "category_label": "정류장·터미널", "coordinate_kind": "node", "model_eligible": true, "name": "이름 미등록 시설", "opening_hours": "", "osm_id": "node/5854126388"}, "type": "Feature"}, {"geometry": {"coordinates": [126.2540472, 33.4046716], "type": "Point"}, "properties": {"access": "unknown", "category": "food", "category_label": "식당·카페", "coordinate_kind": "node", "model_eligible": true, "name": "앤드유카페", "opening_hours": "", "osm_id": "node/5870091788"}, "type": "Feature"}, {"geometry": {"coordinates": [126.2276861, 33.3898642], "type": "Point"}, "properties": {"access": "unknown", "category": "food", "category_label": "식당·카페", "coordinate_kind": "node", "model_eligible": true, "name": "피어22", "opening_hours": "", "osm_id": "node/5873449185"}, "type": "Feature"}, {"geometry": {"coordinates": [126.2654463, 33.4073225], "type": "Point"}, "properties": {"access": "unknown", "category": "food", "category_label": "식당·카페", "coordinate_kind": "node", "model_eligible": true, "name": "이익새 양과자점", "opening_hours": "", "osm_id": "node/5873535785"}, "type": "Feature"}, {"geometry": {"coordinates": [126.3280944, 33.3475698], "type": "Point"}, "properties": {"access": "unknown", "category": "food", "category_label": "식당·카페", "coordinate_kind": "node", "model_eligible": true, "name": "우유부단", "opening_hours": "", "osm_id": "node/5873545185"}, "type": "Feature"}, {"geometry": {"coordinates": [126.2043396, 33.3675315], "type": "Point"}, "properties": {"access": "unknown", "category": "transit", "category_label": "정류장·터미널", "coordinate_kind": "node", "model_eligible": true, "name": "이름 미등록 시설", "opening_hours": "", "osm_id": "node/5888374887"}, "type": "Feature"}, {"geometry": {"coordinates": [126.2039385, 33.3674507], "type": "Point"}, "properties": {"access": "unknown", "category": "transit", "category_label": "정류장·터미널", "coordinate_kind": "node", "model_eligible": true, "name": "이름 미등록 시설", "opening_hours": "", "osm_id": "node/5888388686"}, "type": "Feature"}, {"geometry": {"coordinates": [126.2402831, 33.3925288], "type": "Point"}, "properties": {"access": "unknown", "category": "food", "category_label": "식당·카페", "coordinate_kind": "node", "model_eligible": true, "name": "이름 미등록 시설", "opening_hours": "We-Mo 12:00-15:30, 17:00-21:00", "osm_id": "node/5891509892"}, "type": "Feature"}, {"geometry": {"coordinates": [126.2276879, 33.3374403], "type": "Point"}, "properties": {"access": "unknown", "category": "food", "category_label": "식당·카페", "coordinate_kind": "node", "model_eligible": true, "name": "데미안", "opening_hours": "", "osm_id": "node/5895325486"}, "type": "Feature"}, {"geometry": {"coordinates": [126.3418229, 33.4608341], "type": "Point"}, "properties": {"access": "unknown", "category": "shelter", "category_label": "쉼터·숙박", "coordinate_kind": "node", "model_eligible": true, "name": "이름 미등록 시설", "opening_hours": "", "osm_id": "node/6182525185"}, "type": "Feature"}, {"geometry": {"coordinates": [126.3322207, 33.4577482], "type": "Point"}, "properties": {"access": "unknown", "category": "food", "category_label": "식당·카페", "coordinate_kind": "node", "model_eligible": true, "name": "이름 미등록 시설", "opening_hours": "", "osm_id": "node/6182656285"}, "type": "Feature"}, {"geometry": {"coordinates": [126.2323685, 33.3892341], "type": "Point"}, "properties": {"access": "unknown", "category": "food", "category_label": "식당·카페", "coordinate_kind": "node", "model_eligible": true, "name": "Cafe 닻별", "opening_hours": "Mo-Su 11:00-19:00", "osm_id": "node/6711414985"}, "type": "Feature"}, {"geometry": {"coordinates": [126.2971994, 33.3569729], "type": "Point"}, "properties": {"access": "unknown", "category": "food", "category_label": "식당·카페", "coordinate_kind": "node", "model_eligible": true, "name": "이름 미등록 시설", "opening_hours": "", "osm_id": "node/6818657286"}, "type": "Feature"}, {"geometry": {"coordinates": [126.2562626, 33.3334148], "type": "Point"}, "properties": {"access": "unknown", "category": "transit", "category_label": "정류장·터미널", "coordinate_kind": "node", "model_eligible": true, "name": "이름 미등록 시설", "opening_hours": "", "osm_id": "node/6899695086"}, "type": "Feature"}, {"geometry": {"coordinates": [126.256428, 33.3333075], "type": "Point"}, "properties": {"access": "unknown", "category": "transit", "category_label": "정류장·터미널", "coordinate_kind": "node", "model_eligible": true, "name": "이름 미등록 시설", "opening_hours": "", "osm_id": "node/6899697085"}, "type": "Feature"}, {"geometry": {"coordinates": [126.3097719, 33.4632062], "type": "Point"}, "properties": {"access": "unknown", "category": "food", "category_label": "식당·카페", "coordinate_kind": "node", "model_eligible": true, "name": "이름 미등록 시설", "opening_hours": "", "osm_id": "node/6919837086"}, "type": "Feature"}, {"geometry": {"coordinates": [126.3143699, 33.4156745], "type": "Point"}, "properties": {"access": "unknown", "category": "food", "category_label": "식당·카페", "coordinate_kind": "node", "model_eligible": true, "name": "녹근로33", "opening_hours": "", "osm_id": "node/7185715365"}, "type": "Feature"}, {"geometry": {"coordinates": [126.2624669, 33.4142922], "type": "Point"}, "properties": {"access": "unknown", "category": "help", "category_label": "경찰·소방", "coordinate_kind": "node", "model_eligible": true, "name": "제주서부경찰서 한림파출소", "opening_hours": "", "osm_id": "node/7803498385"}, "type": "Feature"}, {"geometry": {"coordinates": [126.3195625, 33.4642484], "type": "Point"}, "properties": {"access": "unknown", "category": "help", "category_label": "경찰·소방", "coordinate_kind": "node", "model_eligible": true, "name": "제주서부경찰서 애월파출소", "opening_hours": "", "osm_id": "node/7803498387"}, "type": "Feature"}, {"geometry": {"coordinates": [126.2550165, 33.4046179], "type": "Point"}, "properties": {"access": "unknown", "category": "food", "category_label": "식당·카페", "coordinate_kind": "node", "model_eligible": true, "name": "옹포83", "opening_hours": "", "osm_id": "node/7877128960"}, "type": "Feature"}, {"geometry": {"coordinates": [126.3487746, 33.3402516], "type": "Point"}, "properties": {"access": "unknown", "category": "food", "category_label": "식당·카페", "coordinate_kind": "node", "model_eligible": true, "name": "캐슬렉스제주골프클럽그늘집 2", "opening_hours": "", "osm_id": "node/8441491591"}, "type": "Feature"}, {"geometry": {"coordinates": [126.3488336, 33.3402113], "type": "Point"}, "properties": {"access": "unknown", "category": "food", "category_label": "식당·카페", "coordinate_kind": "node", "model_eligible": true, "name": "캐슬렉스제주골프클럽그늘집 1", "opening_hours": "", "osm_id": "node/8441491592"}, "type": "Feature"}, {"geometry": {"coordinates": [126.3487169, 33.3402852], "type": "Point"}, "properties": {"access": "unknown", "category": "food", "category_label": "식당·카페", "coordinate_kind": "node", "model_eligible": true, "name": "캐슬렉스제주골프클럽식당", "opening_hours": "", "osm_id": "node/8441491593"}, "type": "Feature"}, {"geometry": {"coordinates": [126.3219409, 33.4602646], "type": "Point"}, "properties": {"access": "unknown", "category": "supplies", "category_label": "편의점·마트", "coordinate_kind": "node", "model_eligible": true, "name": "하나로마트", "opening_hours": "", "osm_id": "node/8697133618"}, "type": "Feature"}, {"geometry": {"coordinates": [126.2266714, 33.3887297], "type": "Point"}, "properties": {"access": "unknown", "category": "food", "category_label": "식당·카페", "coordinate_kind": "node", "model_eligible": true, "name": "The Other Side", "opening_hours": "", "osm_id": "node/8787980617"}, "type": "Feature"}, {"geometry": {"coordinates": [126.3270404, 33.4365717], "type": "Point"}, "properties": {"access": "unknown", "category": "supplies", "category_label": "편의점·마트", "coordinate_kind": "node", "model_eligible": true, "name": "CU", "opening_hours": "", "osm_id": "node/8960469586"}, "type": "Feature"}, {"geometry": {"coordinates": [126.2658559, 33.407754], "type": "Point"}, "properties": {"access": "unknown", "category": "food", "category_label": "식당·카페", "coordinate_kind": "node", "model_eligible": true, "name": "다람쥐식탁", "opening_hours": "", "osm_id": "node/9518428617"}, "type": "Feature"}, {"geometry": {"coordinates": [126.2651802, 33.4146653], "type": "Point"}, "properties": {"access": "unknown", "category": "food", "category_label": "식당·카페", "coordinate_kind": "node", "model_eligible": true, "name": "Mom's Touch", "opening_hours": "", "osm_id": "node/9810694562"}, "type": "Feature"}, {"geometry": {"coordinates": [126.2533247, 33.3276854], "type": "Point"}, "properties": {"access": "unknown", "category": "supplies", "category_label": "편의점·마트", "coordinate_kind": "node", "model_eligible": true, "name": "7-Eleven", "opening_hours": "", "osm_id": "node/9810707099"}, "type": "Feature"}, {"geometry": {"coordinates": [126.2802359, 33.4378181], "type": "Point"}, "properties": {"access": "unknown", "category": "supplies", "category_label": "편의점·마트", "coordinate_kind": "node", "model_eligible": true, "name": "이름 미등록 시설", "opening_hours": "", "osm_id": "node/9810707100"}, "type": "Feature"}, {"geometry": {"coordinates": [126.3069444, 33.448163], "type": "Point"}, "properties": {"access": "unknown", "category": "supplies", "category_label": "편의점·마트", "coordinate_kind": "node", "model_eligible": true, "name": "CU", "opening_hours": "", "osm_id": "node/9810708472"}, "type": "Feature"}, {"geometry": {"coordinates": [126.3343491, 33.46228], "type": "Point"}, "properties": {"access": "unknown", "category": "supplies", "category_label": "편의점·마트", "coordinate_kind": "node", "model_eligible": true, "name": "GS25", "opening_hours": "", "osm_id": "node/9810720403"}, "type": "Feature"}, {"geometry": {"coordinates": [126.2919062, 33.4433181], "type": "Point"}, "properties": {"access": "unknown", "category": "food", "category_label": "식당·카페", "coordinate_kind": "node", "model_eligible": true, "name": "Cafe Cola", "opening_hours": "", "osm_id": "node/9810724336"}, "type": "Feature"}, {"geometry": {"coordinates": [126.2559684, 33.3311369], "type": "Point"}, "properties": {"access": "unknown", "category": "supplies", "category_label": "편의점·마트", "coordinate_kind": "node", "model_eligible": true, "name": "GS25", "opening_hours": "", "osm_id": "node/9810726801"}, "type": "Feature"}, {"geometry": {"coordinates": [126.3101783, 33.463384], "type": "Point"}, "properties": {"access": "unknown", "category": "food", "category_label": "식당·카페", "coordinate_kind": "node", "model_eligible": true, "name": "이름 미등록 시설", "opening_hours": "", "osm_id": "node/9810733427"}, "type": "Feature"}, {"geometry": {"coordinates": [126.3115364, 33.4588718], "type": "Point"}, "properties": {"access": "unknown", "category": "supplies", "category_label": "편의점·마트", "coordinate_kind": "node", "model_eligible": true, "name": "GS25", "opening_hours": "", "osm_id": "node/9810735412"}, "type": "Feature"}, {"geometry": {"coordinates": [126.2563399, 33.3351238], "type": "Point"}, "properties": {"access": "unknown", "category": "supplies", "category_label": "편의점·마트", "coordinate_kind": "node", "model_eligible": true, "name": "7-Eleven", "opening_hours": "", "osm_id": "node/9810751703"}, "type": "Feature"}, {"geometry": {"coordinates": [126.2665142, 33.4086015], "type": "Point"}, "properties": {"access": "unknown", "category": "food", "category_label": "식당·카페", "coordinate_kind": "node", "model_eligible": true, "name": "Bulk Coffee", "opening_hours": "", "osm_id": "node/9810756435"}, "type": "Feature"}, {"geometry": {"coordinates": [126.3102384, 33.4632455], "type": "Point"}, "properties": {"access": "unknown", "category": "supplies", "category_label": "편의점·마트", "coordinate_kind": "node", "model_eligible": true, "name": "세븐일레븐", "opening_hours": "", "osm_id": "node/9810756436"}, "type": "Feature"}, {"geometry": {"coordinates": [126.2702523, 33.402523], "type": "Point"}, "properties": {"access": "unknown", "category": "help", "category_label": "경찰·소방", "coordinate_kind": "node", "model_eligible": true, "name": "이름 미등록 시설", "opening_hours": "", "osm_id": "node/9813471189"}, "type": "Feature"}, {"geometry": {"coordinates": [126.3370554, 33.4626336], "type": "Point"}, "properties": {"access": "unknown", "category": "supplies", "category_label": "편의점·마트", "coordinate_kind": "node", "model_eligible": true, "name": "7-Eleven", "opening_hours": "", "osm_id": "node/9813533443"}, "type": "Feature"}, {"geometry": {"coordinates": [126.3057782, 33.4472586], "type": "Point"}, "properties": {"access": "unknown", "category": "supplies", "category_label": "편의점·마트", "coordinate_kind": "node", "model_eligible": true, "name": "GJ Mart", "opening_hours": "", "osm_id": "node/9813536037"}, "type": "Feature"}, {"geometry": {"coordinates": [126.2421809, 33.3950818], "type": "Point"}, "properties": {"access": "unknown", "category": "supplies", "category_label": "편의점·마트", "coordinate_kind": "node", "model_eligible": true, "name": "7-Eleven", "opening_hours": "", "osm_id": "node/9813537475"}, "type": "Feature"}, {"geometry": {"coordinates": [126.2352027, 33.3833069], "type": "Point"}, "properties": {"access": "unknown", "category": "food", "category_label": "식당·카페", "coordinate_kind": "node", "model_eligible": true, "name": "협재섬바다", "opening_hours": "", "osm_id": "node/9813542255"}, "type": "Feature"}, {"geometry": {"coordinates": [126.2350962, 33.3834305], "type": "Point"}, "properties": {"access": "unknown", "category": "food", "category_label": "식당·카페", "coordinate_kind": "node", "model_eligible": true, "name": "이름 미등록 시설", "opening_hours": "", "osm_id": "node/9813542648"}, "type": "Feature"}, {"geometry": {"coordinates": [126.2403719, 33.3940034], "type": "Point"}, "properties": {"access": "unknown", "category": "food", "category_label": "식당·카페", "coordinate_kind": "node", "model_eligible": true, "name": "Starbucks", "opening_hours": "", "osm_id": "node/9813546367"}, "type": "Feature"}, {"geometry": {"coordinates": [126.240528, 33.3942981], "type": "Point"}, "properties": {"access": "unknown", "category": "supplies", "category_label": "편의점·마트", "coordinate_kind": "node", "model_eligible": true, "name": "Lemon B", "opening_hours": "", "osm_id": "node/9813550150"}, "type": "Feature"}, {"geometry": {"coordinates": [126.2776765, 33.3933422], "type": "Point"}, "properties": {"access": "unknown", "category": "supplies", "category_label": "편의점·마트", "coordinate_kind": "node", "model_eligible": true, "name": "7-Eleven", "opening_hours": "", "osm_id": "node/9813550517"}, "type": "Feature"}, {"geometry": {"coordinates": [126.3286473, 33.4423192], "type": "Point"}, "properties": {"access": "unknown", "category": "food", "category_label": "식당·카페", "coordinate_kind": "geometry_center", "model_eligible": true, "name": "비건테이블 바람", "opening_hours": "", "osm_id": "way/1124380202"}, "type": "Feature"}, {"geometry": {"coordinates": [126.3282107, 33.4413131], "type": "Point"}, "properties": {"access": "unknown", "category": "shelter", "category_label": "쉼터·숙박", "coordinate_kind": "geometry_center", "model_eligible": true, "name": "스테이고요", "opening_hours": "", "osm_id": "way/1124380211"}, "type": "Feature"}, {"geometry": {"coordinates": [126.3281812, 33.4412379], "type": "Point"}, "properties": {"access": "unknown", "category": "shelter", "category_label": "쉼터·숙박", "coordinate_kind": "geometry_center", "model_eligible": true, "name": "바람스테이, 애월의 작은 영화관", "opening_hours": "", "osm_id": "way/1124380212"}, "type": "Feature"}, {"geometry": {"coordinates": [126.3296673, 33.4415182], "type": "Point"}, "properties": {"access": "unknown", "category": "shelter", "category_label": "쉼터·숙박", "coordinate_kind": "geometry_center", "model_eligible": true, "name": "모퉁이돌집 펜션", "opening_hours": "", "osm_id": "way/1124380246"}, "type": "Feature"}, {"geometry": {"coordinates": [126.274277, 33.3581643], "type": "Point"}, "properties": {"access": "unknown", "category": "food", "category_label": "식당·카페", "coordinate_kind": "geometry_center", "model_eligible": true, "name": "느리지식", "opening_hours": "", "osm_id": "way/1148815990"}, "type": "Feature"}, {"geometry": {"coordinates": [126.2715151, 33.3579887], "type": "Point"}, "properties": {"access": "unknown", "category": "food", "category_label": "식당·카페", "coordinate_kind": "geometry_center", "model_eligible": true, "name": "스토브온 제주", "opening_hours": "", "osm_id": "way/1148816028"}, "type": "Feature"}, {"geometry": {"coordinates": [126.2734142, 33.3575745], "type": "Point"}, "properties": {"access": "unknown", "category": "shelter", "category_label": "쉼터·숙박", "coordinate_kind": "geometry_center", "model_eligible": true, "name": "산들펜션", "opening_hours": "", "osm_id": "way/1148816120"}, "type": "Feature"}, {"geometry": {"coordinates": [126.2647997, 33.3887104], "type": "Point"}, "properties": {"access": "unknown", "category": "food", "category_label": "식당·카페", "coordinate_kind": "geometry_center", "model_eligible": true, "name": "명월국민학교", "opening_hours": "11:00-20:00", "osm_id": "way/1148833415"}, "type": "Feature"}, {"geometry": {"coordinates": [126.2744168, 33.3581637], "type": "Point"}, "properties": {"access": "unknown", "category": "supplies", "category_label": "편의점·마트", "coordinate_kind": "geometry_center", "model_eligible": true, "name": "느리지식슈퍼", "opening_hours": "", "osm_id": "way/1149319553"}, "type": "Feature"}, {"geometry": {"coordinates": [126.3058552, 33.3501996], "type": "Point"}, "properties": {"access": "unknown", "category": "food", "category_label": "식당·카페", "coordinate_kind": "geometry_center", "model_eligible": true, "name": "by Mot", "opening_hours": "", "osm_id": "way/1250095347"}, "type": "Feature"}, {"geometry": {"coordinates": [126.2744548, 33.4357714], "type": "Point"}, "properties": {"access": "unknown", "category": "shelter", "category_label": "쉼터·숙박", "coordinate_kind": "geometry_center", "model_eligible": true, "name": "이름 미등록 시설", "opening_hours": "", "osm_id": "way/169637159"}, "type": "Feature"}, {"geometry": {"coordinates": [126.2228902, 33.4059128], "type": "Point"}, "properties": {"access": "unknown", "category": "help", "category_label": "경찰·소방", "coordinate_kind": "geometry_center", "model_eligible": true, "name": "비양도치안센터", "opening_hours": "", "osm_id": "way/275466195"}, "type": "Feature"}, {"geometry": {"coordinates": [126.2638944, 33.4099711], "type": "Point"}, "properties": {"access": "unknown", "category": "supplies", "category_label": "편의점·마트", "coordinate_kind": "geometry_center", "model_eligible": true, "name": "하나로마트", "opening_hours": "", "osm_id": "way/287822118"}, "type": "Feature"}, {"geometry": {"coordinates": [126.2834667, 33.4219521], "type": "Point"}, "properties": {"access": "unknown", "category": "transit", "category_label": "정류장·터미널", "coordinate_kind": "geometry_center", "model_eligible": true, "name": "이름 미등록 시설", "opening_hours": "", "osm_id": "way/288425225"}, "type": "Feature"}, {"geometry": {"coordinates": [126.2497029, 33.3894091], "type": "Point"}, "properties": {"access": "unknown", "category": "shelter", "category_label": "쉼터·숙박", "coordinate_kind": "geometry_center", "model_eligible": true, "name": "이름 미등록 시설", "opening_hours": "", "osm_id": "way/372071551"}, "type": "Feature"}, {"geometry": {"coordinates": [126.3104432, 33.4628996], "type": "Point"}, "properties": {"access": "unknown", "category": "food", "category_label": "식당·카페", "coordinate_kind": "geometry_center", "model_eligible": true, "name": "이름 미등록 시설", "opening_hours": "", "osm_id": "way/374401745"}, "type": "Feature"}, {"geometry": {"coordinates": [126.2062746, 33.3701381], "type": "Point"}, "properties": {"access": "unknown", "category": "food", "category_label": "식당·카페", "coordinate_kind": "geometry_center", "model_eligible": true, "name": "해거름전망대카페", "opening_hours": "", "osm_id": "way/375195864"}, "type": "Feature"}, {"geometry": {"coordinates": [126.2361962, 33.3903636], "type": "Point"}, "properties": {"access": "unknown", "category": "food", "category_label": "식당·카페", "coordinate_kind": "geometry_center", "model_eligible": true, "name": "모살밭회관", "opening_hours": "", "osm_id": "way/375201000"}, "type": "Feature"}, {"geometry": {"coordinates": [126.2333872, 33.3884694], "type": "Point"}, "properties": {"access": "unknown", "category": "shelter", "category_label": "쉼터·숙박", "coordinate_kind": "geometry_center", "model_eligible": true, "name": "금능마린 게스트하우스", "opening_hours": "", "osm_id": "way/375201001"}, "type": "Feature"}, {"geometry": {"coordinates": [126.240841, 33.3945308], "type": "Point"}, "properties": {"access": "unknown", "category": "shelter", "category_label": "쉼터·숙박", "coordinate_kind": "geometry_center", "model_eligible": true, "name": "탐라민박", "opening_hours": "", "osm_id": "way/375201004"}, "type": "Feature"}, {"geometry": {"coordinates": [126.2406785, 33.3941612], "type": "Point"}, "properties": {"access": "unknown", "category": "shelter", "category_label": "쉼터·숙박", "coordinate_kind": "geometry_center", "model_eligible": true, "name": "똘똘이집", "opening_hours": "", "osm_id": "way/375201005"}, "type": "Feature"}, {"geometry": {"coordinates": [126.2405289, 33.3939491], "type": "Point"}, "properties": {"access": "unknown", "category": "food", "category_label": "식당·카페", "coordinate_kind": "geometry_center", "model_eligible": true, "name": "제주해조대", "opening_hours": "", "osm_id": "way/375201006"}, "type": "Feature"}, {"geometry": {"coordinates": [126.2399382, 33.3934374], "type": "Point"}, "properties": {"access": "unknown", "category": "food", "category_label": "식당·카페", "coordinate_kind": "geometry_center", "model_eligible": true, "name": "협재만섬", "opening_hours": "", "osm_id": "way/375201007"}, "type": "Feature"}, {"geometry": {"coordinates": [126.2401856, 33.3929557], "type": "Point"}, "properties": {"access": "unknown", "category": "supplies", "category_label": "편의점·마트", "coordinate_kind": "geometry_center", "model_eligible": true, "name": "GS25 한림협재점", "opening_hours": "", "osm_id": "way/375201016"}, "type": "Feature"}, {"geometry": {"coordinates": [126.3044169, 33.4494421], "type": "Point"}, "properties": {"access": "unknown", "category": "food", "category_label": "식당·카페", "coordinate_kind": "geometry_center", "model_eligible": true, "name": "곽지식당", "opening_hours": "", "osm_id": "way/375204190"}, "type": "Feature"}, {"geometry": {"coordinates": [126.3057916, 33.4495971], "type": "Point"}, "properties": {"access": "unknown", "category": "food", "category_label": "식당·카페", "coordinate_kind": "geometry_center", "model_eligible": true, "name": "다시정", "opening_hours": "", "osm_id": "way/375204197"}, "type": "Feature"}, {"geometry": {"coordinates": [126.1855135, 33.3545611], "type": "Point"}, "properties": {"access": "unknown", "category": "help", "category_label": "경찰·소방", "coordinate_kind": "geometry_center", "model_eligible": true, "name": "제주서부경찰서 한경파출소", "opening_hours": "", "osm_id": "way/636779513"}, "type": "Feature"}, {"geometry": {"coordinates": [126.242134, 33.3955999], "type": "Point"}, "properties": {"access": "unknown", "category": "shelter", "category_label": "쉼터·숙박", "coordinate_kind": "geometry_center", "model_eligible": true, "name": "협재 제주도게스트하우스", "opening_hours": "", "osm_id": "way/676468349"}, "type": "Feature"}, {"geometry": {"coordinates": [126.2418953, 33.3952415], "type": "Point"}, "properties": {"access": "unknown", "category": "food", "category_label": "식당·카페", "coordinate_kind": "geometry_center", "model_eligible": true, "name": "Cafe 쉼표", "opening_hours": "", "osm_id": "way/676471560"}, "type": "Feature"}, {"geometry": {"coordinates": [126.2396753, 33.3924922], "type": "Point"}, "properties": {"access": "unknown", "category": "food", "category_label": "식당·카페", "coordinate_kind": "geometry_center", "model_eligible": true, "name": "맘스터치 협재점", "opening_hours": "", "osm_id": "way/676472479"}, "type": "Feature"}, {"geometry": {"coordinates": [126.300557, 33.4447673], "type": "Point"}, "properties": {"access": "unknown", "category": "shelter", "category_label": "쉼터·숙박", "coordinate_kind": "geometry_center", "model_eligible": true, "name": "지꺼지게", "opening_hours": "", "osm_id": "way/899109199"}, "type": "Feature"}], "type": "FeatureCollection"}